-- Adminer 4.6.2 MySQL dump

SET NAMES utf8;
SET time_zone = '+00:00';
SET foreign_key_checks = 0;
SET sql_mode = 'NO_AUTO_VALUE_ON_ZERO';

DROP TABLE IF EXISTS `BATCH_JOB_EXECUTION_SEQ`;
CREATE TABLE `BATCH_JOB_EXECUTION_SEQ` (
  `ID` bigint(20) NOT NULL,
  `UNIQUE_KEY` char(1) NOT NULL,
  UNIQUE KEY `UNIQUE_KEY_UN` (`UNIQUE_KEY`)
) ENGINE=InnoDB DEFAULT CHARSET=latin1;

INSERT INTO `BATCH_JOB_EXECUTION_SEQ` (`ID`, `UNIQUE_KEY`) VALUES
(0, '0');

DROP TABLE IF EXISTS `BATCH_JOB_INSTANCE`;
CREATE TABLE `BATCH_JOB_INSTANCE` (
  `JOB_INSTANCE_ID` bigint(20) NOT NULL,
  `VERSION` bigint(20) DEFAULT NULL,
  `JOB_NAME` varchar(100) NOT NULL,
  `JOB_KEY` varchar(32) NOT NULL,
  PRIMARY KEY (`JOB_INSTANCE_ID`),
  UNIQUE KEY `JOB_INST_UN` (`JOB_NAME`,`JOB_KEY`)
) ENGINE=InnoDB DEFAULT CHARSET=latin1;


DROP TABLE IF EXISTS `BATCH_JOB_SEQ`;
CREATE TABLE `BATCH_JOB_SEQ` (
  `ID` bigint(20) NOT NULL,
  `UNIQUE_KEY` char(1) NOT NULL,
  UNIQUE KEY `UNIQUE_KEY_UN` (`UNIQUE_KEY`)
) ENGINE=InnoDB DEFAULT CHARSET=latin1;

INSERT INTO `BATCH_JOB_SEQ` (`ID`, `UNIQUE_KEY`) VALUES
(0, '0');

DROP TABLE IF EXISTS `BATCH_STEP_EXECUTION_SEQ`;
CREATE TABLE `BATCH_STEP_EXECUTION_SEQ` (
  `ID` bigint(20) NOT NULL,
  `UNIQUE_KEY` char(1) NOT NULL,
  UNIQUE KEY `UNIQUE_KEY_UN` (`UNIQUE_KEY`)
) ENGINE=InnoDB DEFAULT CHARSET=latin1;

INSERT INTO `BATCH_STEP_EXECUTION_SEQ` (`ID`, `UNIQUE_KEY`) VALUES
(0, '0');

DROP TABLE IF EXISTS `blocked_ip_admin`;
CREATE TABLE `blocked_ip_admin` (
  `id` varchar(36) NOT NULL,
  `ip` varchar(255) NOT NULL,
  `status_ip` varchar(255) DEFAULT NULL,
  PRIMARY KEY (`id`)
) ENGINE=InnoDB DEFAULT CHARSET=latin1;


DROP TABLE IF EXISTS `blocked_ip_admin_aud`;
CREATE TABLE `blocked_ip_admin_aud` (
  `id` varchar(36) NOT NULL,
  `rev` int(11) NOT NULL,
  `revtype` tinyint(4) DEFAULT NULL,
  `ip` varchar(255) DEFAULT NULL,
  `status_ip` varchar(255) DEFAULT NULL,
  PRIMARY KEY (`id`,`rev`),
  KEY `FK6043p8p1skogsctuc0haywljm` (`rev`),
  CONSTRAINT `FK6043p8p1skogsctuc0haywljm` FOREIGN KEY (`rev`) REFERENCES `user_rev_entity` (`id`)
) ENGINE=InnoDB DEFAULT CHARSET=latin1;


DROP TABLE IF EXISTS `blocked_ip_merchant`;
CREATE TABLE `blocked_ip_merchant` (
  `id` varchar(36) NOT NULL,
  `ip` varchar(255) NOT NULL,
  `status_ip` varchar(255) DEFAULT NULL,
  `id_client_partner` varchar(36) DEFAULT NULL,
  PRIMARY KEY (`id`),
  UNIQUE KEY `UK_lr9299p2emo66tlj42b01d62q` (`ip`),
  KEY `FKqdhxg6xqrkl5o5r1vpcv94b1m` (`id_client_partner`),
  CONSTRAINT `FKqdhxg6xqrkl5o5r1vpcv94b1m` FOREIGN KEY (`id_client_partner`) REFERENCES `m_client_partner` (`id`)
) ENGINE=InnoDB DEFAULT CHARSET=latin1;


DROP TABLE IF EXISTS `blocked_ip_merchant_aud`;
CREATE TABLE `blocked_ip_merchant_aud` (
  `id` varchar(36) NOT NULL,
  `rev` int(11) NOT NULL,
  `revtype` tinyint(4) DEFAULT NULL,
  `ip` varchar(255) DEFAULT NULL,
  `status_ip` varchar(255) DEFAULT NULL,
  `id_client_partner` varchar(36) DEFAULT NULL,
  PRIMARY KEY (`id`,`rev`),
  KEY `FKc1045d7pd7bliodwjje6g9fxg` (`rev`),
  CONSTRAINT `FKc1045d7pd7bliodwjje6g9fxg` FOREIGN KEY (`rev`) REFERENCES `user_rev_entity` (`id`)
) ENGINE=InnoDB DEFAULT CHARSET=latin1;


DROP TABLE IF EXISTS `c_security_grup_permission`;
CREATE TABLE `c_security_grup_permission` (
  `id` varchar(36) NOT NULL,
  `app` varchar(255) NOT NULL,
  `name` varchar(255) NOT NULL,
  PRIMARY KEY (`id`),
  UNIQUE KEY `UK_g3afl0dtqhaqme8ly2a5v2cau` (`name`)
) ENGINE=InnoDB DEFAULT CHARSET=latin1;

INSERT INTO `c_security_grup_permission` (`id`, `app`, `name`) VALUES
('1', 'ADMIN',  'Administrator - Default'),
('2', 'MERCHANT', 'Merchant - Default');

DROP TABLE IF EXISTS `c_security_permission`;
CREATE TABLE `c_security_permission` (
  `id` varchar(36) NOT NULL,
  `app` varchar(255) NOT NULL,
  `permission_label` varchar(255) NOT NULL,
  `permission_value` varchar(255) NOT NULL,
  PRIMARY KEY (`id`),
  UNIQUE KEY `UK_k4suda9cvcsoikdgquscypmt6` (`permission_value`)
) ENGINE=InnoDB DEFAULT CHARSET=latin1;

INSERT INTO `c_security_permission` (`id`, `app`, `permission_label`, `permission_value`) VALUES
('001_admin', 'ADMIN',  'View list profil limit', 'ROLE_VIEW_PROFIL_LIMIT'),
('001_member',  'MERCHANT', 'View Verification data', 'ROLE_MEMBER_VIEW_VERIFIKASI_DATA'),
('002_admin', 'ADMIN',  'Edit profil limit',  'ROLE_EDIT_PROFIL_LIMIT'),
('002_member',  'MERCHANT', 'Edit Verification data', 'ROLE_MEMBER_EDIT_VERIFIKASI_DATA'),
('003_admin', 'ADMIN',  'View list profil tarif', 'ROLE_VIEW_PROFIL_TARIF'),
('003_member',  'MERCHANT', 'View Integrasi', 'ROLE_MEMBER_VIEW_INTEGRASI'),
('004_admin', 'ADMIN',  'Edit profil tarif',  'ROLE_EDIT_PROFIL_TARIF'),
('004_member',  'MERCHANT', 'View Konfigurasi', 'ROLE_MEMBER_VIEW_KONFIGURASI'),
('005_admin', 'ADMIN',  'View list profil komisi',  'ROLE_VIEW_PROFIL_KOMISI'),
('005_member',  'MERCHANT', 'Edit Konfigurasi', 'ROLE_MEMBER_EDIT_KONFIGURASI'),
('006_admin', 'ADMIN',  'Edit profil komisi', 'ROLE_EDIT_PROFIL_KOMISI'),
('006_member',  'MERCHANT', 'View Payment Link',  'ROLE_MEMBER_VIEW_PAYMENT_LINK'),
('007_admin', 'ADMIN',  'View list merchant gateway', 'ROLE_VIEW_MERCHANT_GATEWAY'),
('007_member',  'MERCHANT', 'Edit Payment Link',  'ROLE_MEMBER_EDIT_PAYMENT_LINK'),
('008_admin', 'ADMIN',  'Edit merchant gateway',  'ROLE_EDIT_MERCHANT_GATEWAY'),
('008_member',  'MERCHANT', 'View Transaksi Sandbox', 'ROLE_MEMBER_VIEW_TRANSAKSI_SANDBOX'),
('009_admin', 'ADMIN',  'View list merchant registry',  'ROLE_VIEW_MERCHANT_REGISTRY'),
('009_member',  'MERCHANT', 'View Transaksi Production',  'ROLE_MEMBER_VIEW_TRANSAKSI_PRODUCTION'),
('010_admin', 'ADMIN',  'Edit merchant registry', 'ROLE_EDIT_MERCHANT_REGISTRY'),
('010_member',  'MERCHANT', 'View Settlement',  'ROLE_MEMBER_VIEW_SETTLEMENT'),
('011_admin', 'ADMIN',  'View list merchant product', 'ROLE_VIEW_MERCHANT_PRODUCT'),
('011_member',  'MERCHANT', 'View Tarik Dana',  'ROLE_MEMBER_VIEW_TARIK_DANA'),
('012_admin', 'ADMIN',  'Edit merchant product',  'ROLE_EDIT_MERCHANT_PRODUCT'),
('012_member',  'MERCHANT', 'Edit Tarik Dana',  'ROLE_MEMBER_EDIT_TARIK_DANA'),
('013_admin', 'ADMIN',  'View list management merchant data', 'ROLE_VIEW_MANAGEMENT_MERCHANT_DATA'),
('013_member',  'MERCHANT', 'View Management Pengguna', 'ROLE_MEMBER_VIEW_MANAGEMENT_PENGGUNA'),
('014_admin', 'ADMIN',  'Edit management merchant data',  'ROLE_EDIT_MANAGEMENT_MERCHANT_DATA'),
('014_member',  'MERCHANT', 'Edit Management Pengguna', 'ROLE_MEMBER_EDIT_MANAGEMENT_PENGGUNA'),
('015_admin', 'ADMIN',  'View list management merchant dashboard',  'ROLE_VIEW_MANAGEMENT_MERCHANT_DASHBOARD'),
('015_member',  'MERCHANT', 'View referral downline', 'ROLE_MEMBER_VIEW_REFERRAL_DOWNLINE'),
('016_admin', 'ADMIN',  'Edit management merchant dashboard', 'ROLE_EDIT_MANAGEMENT_MERCHANT_DASHBOARD'),
('016_member',  'MERCHANT', 'View referral transaksi',  'ROLE_MEMBER_VIEW_REFERRAL_TRANSAKSI'),
('017_admin', 'ADMIN',  'View list integrasi merchant approval data', 'ROLE_VIEW_INTEGRASI_MERCHANT_APPROVAL_DATA'),
('017_member',  'MERCHANT', 'View keamanan',  'ROLE_MEMBER_VIEW_KEAMANAN'),
('018_admin', 'ADMIN',  'Approve Verification Merchant',  'ROLE_EDIT_INTEGRASI_MERCHANT_APPROVAL_DATA'),
('018_member',  'MERCHANT', 'Edit keamanan',  'ROLE_MEMBER_EDIT_KEAMANAN'),
('019_admin', 'ADMIN',  'View list integrasi merchant SIT', 'ROLE_VIEW_INTEGRASI_MERCHANT_SIT'),
('019_member',  'MERCHANT', 'View Log aktivitas', 'ROLE_MEMBER_VIEW_LOG_AKTIVITAS'),
('020_admin', 'ADMIN',  'Approve SIT Merchant', 'ROLE_EDIT_INTEGRASI_MERCHANT_SIT'),
('020_member',  'MERCHANT', 'View Tiket bantuan', 'ROLE_MEMBER_VIEW_TIKET_BANTUAN'),
('021_admin', 'ADMIN',  'View list integrasi merchant key generator', 'ROLE_VIEW_INTEGRASI_MERCHANT_KEY_GENERATOR'),
('021_member',  'MERCHANT', 'Edit Tiket bantuan', 'ROLE_MEMBER_EDIT_TIKET_BANTUAN'),
('022_admin', 'ADMIN',  'Generate Key Merchant',  'ROLE_EDIT_INTEGRASI_MERCHANT_KEY_GENERATOR'),
('022_member',  'MERCHANT', 'View Download Dokumen',  'ROLE_MEMBER_VIEW_DOWNLOAD_DOKUMEN'),
('023_admin', 'ADMIN',  'View list integrasi merchant UAT', 'ROLE_VIEW_INTEGRASI_MERCHANT_UAT'),
('023_member',  'MERCHANT', 'View Download Plugin', 'ROLE_MEMBER_VIEW_DOWNLOAD_PLUGIN'),
('024_admin', 'ADMIN',  'Approve UAT Merchant', 'ROLE_EDIT_INTEGRASI_MERCHANT_UAT'),
('024_member',  'MERCHANT', 'View Invoice Sandbox', 'ROLE_MEMBER_VIEW_INVOICE_SANDBOX'),
('025_admin', 'ADMIN',  'View list management transaksi settlement',  'ROLE_VIEW_MANAGEMENT_TRANSAKSI_SETTLEMENT'),
('025_member',  'MERCHANT', 'View Invoice Production',  'ROLE_MEMBER_VIEW_INVOICE_PRODUCTION'),
('026_admin', 'ADMIN',  'Settling Transaksi', 'ROLE_EDIT_MANAGEMENT_TRANSAKSI_SETTLEMENT'),
('026_member',  'MERCHANT', 'View payment notification',  'ROLE_MEMBER_VIEW_PAYMENT_NOTIFICATION'),
('027_admin', 'ADMIN',  'View list transaksi data sandbox', 'ROLE_VIEW_TRANSAKSI_DATA_SANDBOX'),
('028_admin', 'ADMIN',  'View list transaksi data production',  'ROLE_VIEW_TRANSAKSI_DATA_PRODUCTION'),
('029_admin', 'ADMIN',  'View list log transaksi sandbox',  'ROLE_VIEW_LOG_TRANSAKSI_SANDBOX'),
('030_admin', 'ADMIN',  'View list log transaksi production', 'ROLE_VIEW_LOG_TRANSAKSI_PRODUCTION'),
('031_admin', 'ADMIN',  'View list keamanan', 'ROLE_VIEW_KEAMANAN'),
('032_admin', 'ADMIN',  'Edit keamanan',  'ROLE_EDIT_KEAMANAN'),
('033_admin', 'ADMIN',  'View list upload dokumen', 'ROLE_VIEW_UPLOAD_DOKUMEN'),
('034_admin', 'ADMIN',  'Upload dokumen', 'ROLE_EDIT_UPLOAD_DOKUMEN'),
('035_admin', 'ADMIN',  'View list upload plugin',  'ROLE_VIEW_UPLOAD_PLUGIN'),
('036_admin', 'ADMIN',  'Upload plugin',  'ROLE_EDIT_UPLOAD_PLUGIN'),
('037_admin', 'ADMIN',  'View list group permission', 'ROLE_VIEW_USER_CPANEL_GROUP_PERMISSION'),
('038_admin', 'ADMIN',  'Edit group permission',  'ROLE_EDIT_USER_CPANEL_GROUP_PERMISSION'),
('039_admin', 'ADMIN',  'View list user administrator', 'ROLE_VIEW_USER_CPANEL_USER_ADMINISTRATOR'),
('040_admin', 'ADMIN',  'Edit User Administrator',  'ROLE_EDIT_USER_CPANEL_USER_ADMINISTRATOR'),
('041_admin', 'ADMIN',  'View list log aktivitas',  'ROLE_VIEW_LOG_AKTIVITAS'),
('042_admin', 'ADMIN',  'View list tiket bantuan',  'ROLE_VIEW_TIKET_BANTUAN'),
('043_admin', 'ADMIN',  'Edit tiket bantuan', 'ROLE_EDIT_TIKET_BANTUAN'),
('044_admin', 'ADMIN',  'View list invoice data sandbox', 'ROLE_VIEW_INVOICE_DATA_SANDBOX'),
('045_admin', 'ADMIN',  'View list invoice data production',  'ROLE_VIEW_INVOICE_DATA_PRODUCTION'),
('046_admin', 'ADMIN',  'View payment notification',  'ROLE_VIEW_PAYMENT_NOTIFICATION'),
('047_admin', 'ADMIN',  'View list laporan pembayaran indihome',  'ROLE_LAPORAN_PEMBAYARAN_INDIHOME'),
('048_admin', 'ADMIN',  'View list laporan log trems indihome', 'ROLE_LAPORAN_LOG_TREMS_INDIHOME');

DROP TABLE IF EXISTS `c_security_role_permission`;
CREATE TABLE `c_security_role_permission` (
  `id_grup_permission` varchar(36) NOT NULL,
  `id_permission` varchar(36) NOT NULL,
  PRIMARY KEY (`id_grup_permission`,`id_permission`),
  KEY `FKnqcv2qdac1phe20qqnyi6n1n` (`id_permission`),
  CONSTRAINT `FKnqcv2qdac1phe20qqnyi6n1n` FOREIGN KEY (`id_permission`) REFERENCES `c_security_permission` (`id`),
  CONSTRAINT `FKph1sn7dnji115wyim5dcn8mmq` FOREIGN KEY (`id_grup_permission`) REFERENCES `c_security_grup_permission` (`id`)
) ENGINE=InnoDB DEFAULT CHARSET=latin1;

INSERT INTO `c_security_role_permission` (`id_grup_permission`, `id_permission`) VALUES
('1', '001_admin'),
('2', '001_member'),
('1', '002_admin'),
('2', '002_member'),
('1', '003_admin'),
('2', '003_member'),
('1', '004_admin'),
('2', '004_member'),
('1', '005_admin'),
('2', '005_member'),
('1', '006_admin'),
('2', '006_member'),
('1', '007_admin'),
('2', '007_member'),
('1', '008_admin'),
('2', '008_member'),
('1', '009_admin'),
('2', '009_member'),
('1', '010_admin'),
('2', '010_member'),
('1', '011_admin'),
('2', '011_member'),
('1', '012_admin'),
('2', '012_member'),
('1', '013_admin'),
('2', '013_member'),
('1', '014_admin'),
('2', '014_member'),
('1', '015_admin'),
('2', '015_member'),
('1', '016_admin'),
('2', '016_member'),
('1', '017_admin'),
('2', '017_member'),
('1', '018_admin'),
('2', '018_member'),
('1', '019_admin'),
('2', '019_member'),
('1', '020_admin'),
('2', '020_member'),
('1', '021_admin'),
('2', '021_member'),
('1', '022_admin'),
('2', '022_member'),
('1', '023_admin'),
('2', '023_member'),
('1', '024_admin'),
('2', '024_member'),
('1', '025_admin'),
('2', '025_member'),
('1', '026_admin'),
('2', '026_member'),
('1', '027_admin'),
('1', '028_admin'),
('1', '029_admin'),
('1', '030_admin'),
('1', '031_admin'),
('1', '032_admin'),
('1', '033_admin'),
('1', '034_admin'),
('1', '035_admin'),
('1', '036_admin'),
('1', '037_admin'),
('1', '038_admin'),
('1', '039_admin'),
('1', '040_admin'),
('1', '041_admin'),
('1', '042_admin'),
('1', '043_admin'),
('1', '044_admin'),
('1', '045_admin'),
('1', '046_admin'),
('1', '047_admin'),
('1', '048_admin');

DROP TABLE IF EXISTS `c_security_user`;
CREATE TABLE `c_security_user` (
  `id` varchar(36) NOT NULL,
  `active` bit(1) NOT NULL,
  `app` varchar(255) DEFAULT NULL,
  `email` varchar(255) DEFAULT NULL,
  `fullname` varchar(255) DEFAULT NULL,
  `hp` varchar(255) DEFAULT NULL,
  `username` varchar(255) NOT NULL,
  PRIMARY KEY (`id`),
  UNIQUE KEY `UK_at8if7a9lnl90wxllb9divpdf` (`username`),
  UNIQUE KEY `UK_6s6ixjdhpc3ihraq0gssmugk4` (`email`),
  UNIQUE KEY `UK_mbrvq2w853pvaeb2f022lw4b3` (`hp`)
) ENGINE=InnoDB DEFAULT CHARSET=latin1;

INSERT INTO `c_security_user` (`id`, `active`, `app`, `email`, `fullname`, `hp`, `username`) VALUES
('0015609a-1d12-4edc-8720-1b350955fb09',  CONV('1', 2, 10) + 0, 'MERCHANT', 'dadang20@yopmail.com', 'dadang iswanto', '081322077599', 'dadang20@yopmail.com'),
('041d540f-9fdb-47e9-b91f-32a8de6baa10',  CONV('1', 2, 10) + 0, 'MERCHANT', 'dian@yopmail.com', 'Dian', '02122334455',  'dian@yopmail.com'),
('08362041-871d-4260-b3da-87b6c01d64a5',  CONV('1', 2, 10) + 0, 'MERCHANT', 'mpg.1@yopmail.com',  'toko dummy', '0846518',  'mpg.1@yopmail.com'),
('0fe881ac-4c0c-4557-b1e1-c4d1db8faa26',  CONV('1', 2, 10) + 0, 'MERCHANT', 'dummy.04@yopmail.com', 'dummy 04', '040404041',  'dummy.04@yopmail.com'),
('1136e458-dc99-482e-8416-155fec94561b',  CONV('1', 2, 10) + 0, 'MERCHANT', 'dummy.06@yopmail.com', 'dummy 06', '060606006',  'dummy.06@yopmail.com'),
('230ab3b7-464a-4c0d-aa61-1eb783396d7a',  CONV('1', 2, 10) + 0, 'MERCHANT', 'dickygeraldi@gmail.com', 'Dicky ', '08976256622',  'dickygeraldi@gmail.com'),
('2eeb5572-1c8b-41f4-ac1b-4f19b91356e9',  CONV('0', 2, 10) + 0, 'MERCHANT', 'domo@yopmail.com', 'domo', '01234567', 'domo@yopmail.com'),
('3af8fb1c-7da1-4bb1-8621-1d6e9f8788ad',  CONV('1', 2, 10) + 0, 'ADMIN',  'patria.mpg@yopmail.com', 'Patria', '085686578765', 'patria.mpg@yopmail.com'),
('4aafbd2b-8f7b-4fe8-85a1-cc1cad2787fd',  CONV('1', 2, 10) + 0, 'MERCHANT', 'anggi.riyandi@yopmail.com',  'Anggi Riyandi',  '087782865666', 'anggi.riyandi@yopmail.com'),
('4c4010de-05d0-44f0-91e8-9fc163df7683',  CONV('1', 2, 10) + 0, 'MERCHANT', 'vaansaa012@yopmail.com', 'Ivans Ardiansyah', '0829327589', 'vaansaa012@yopmail.com'),
('5dfd676c-469d-49d6-bd61-d9885bc10b99',  CONV('0', 2, 10) + 0, 'MERCHANT', 'tokopatria@yopmail.com', 'Patria', '08739793908',  'tokopatria@yopmail.com'),
('5f514351-4bc6-477b-8c01-811916ed1d5a',  CONV('0', 2, 10) + 0, 'MERCHANT', 'agung@yopmail.com',  'agung',  NULL, 'agung@yopmail.com'),
('633c68ee-0905-4a2e-b4ef-2c175965b569',  CONV('0', 2, 10) + 0, 'MERCHANT', 'ad12i@gmail.com',  'Adi',  NULL, 'ad12i@gmail.com'),
('74497c31-a726-475e-86eb-a95ddfa992b4',  CONV('0', 2, 10) + 0, 'MERCHANT', 'james@yopmail.com',  'James',  '02133445566',  'james@yopmail.com'),
('76dcd8d2-30cf-4f09-a418-21549fc2797f',  CONV('0', 2, 10) + 0, 'MERCHANT', 'dummy.03@yopmail.com', 'dummy 03', '0303303',  'dummy.03@yopmail.com'),
('866da862-d00f-48be-a381-a16aff4dfaac',  CONV('1', 2, 10) + 0, 'MERCHANT', 'patrialapaks@yopmail.com', 'Muh Patria', '08128473979',  'patrialapaks@yopmail.com'),
('898fd90d-ffd0-40ad-a44e-4fbb8b78d492',  CONV('0', 2, 10) + 0, 'MERCHANT', 'dummy.05@yopmail.com', 'dummy 05', '05050505', 'dummy.05@yopmail.com'),
('907521dc-5bb9-4b60-ae66-35820cdc8d4d',  CONV('1', 2, 10) + 0, 'MERCHANT', 'iqbalpandoyo@yopmail.com', 'Iqbal Pandoyo',  '904834923',  'iqbalpandoyo@yopmail.com'),
('95ce902a-2e21-4187-ae88-de0f935a15c2',  CONV('0', 2, 10) + 0, 'MERCHANT', 'patrialapak@yopmail.com',  'Patria', '081219931223', 'patrialapak@yopmail.com'),
('9b0e8968-210f-4fce-b2e4-1a2c966c369b',  CONV('1', 2, 10) + 0, 'MERCHANT', 'mpg.ucok@yopmail.com', 'ucok', NULL, 'mpg.ucok@yopmail.com'),
('a659b366-baa7-4011-802d-c32b6c1f4c7e',  CONV('1', 2, 10) + 0, 'ADMIN',  'vaansaa@yopmail.com',  'Ivans Ardiansyah', '088923743248', 'vaansaa@yopmail.com'),
('admin', CONV('1', 2, 10) + 0, 'ADMIN',  'admin.mpg@yopmail.com',  'Administrator',  '087655678888', 'admin.mpg@yopmail.com'),
('b45f6ddd-5040-47c1-b8a1-dd1f9c97f190',  CONV('1', 2, 10) + 0, 'MERCHANT', 'purnomo@yopmail.com',  'purnomo',  NULL, 'purnomo@yopmail.com'),
('b4986cbf-2b13-439f-8381-18fa37500665',  CONV('1', 2, 10) + 0, 'MERCHANT', 'ucok.mpg@yopmail.com', 'ucok', NULL, 'ucok.mpg@yopmail.com'),
('b5828dbb-c815-4a5a-8034-7173c2257f40',  CONV('1', 2, 10) + 0, 'MERCHANT', 'diian@yopmail.com',  'diian',  '08122334455',  'diian@yopmail.com'),
('d46f44f7-4f9f-47d8-ac83-a46df738bf59',  CONV('1', 2, 10) + 0, 'MERCHANT', 'peruridigital@gmail.com',  'Perum Peruri', '0217395000', 'peruridigital@gmail.com'),
('d5aef6cd-b237-4e1b-a9c0-3d01afba4be9',  CONV('1', 2, 10) + 0, 'MERCHANT', 'ekolapaks2@yopmail.com', 'Eko',  '081321890949', 'ekolapaks2@yopmail.com'),
('d61803e5-9e6e-41ac-a4e0-62fdd2c3f073',  CONV('0', 2, 10) + 0, 'MERCHANT', 'purnama@yopmail.com',  'purnama',  NULL, 'purnama@yopmail.com'),
('fbd64bad-5f67-49bf-8e6c-b500470cc53f',  CONV('1', 2, 10) + 0, 'ADMIN',  'admindua@yopmail.com', 'admin 2',  '087829928827', 'admindua@yopmail.com');

DROP TABLE IF EXISTS `c_security_user_aud`;
CREATE TABLE `c_security_user_aud` (
  `id` varchar(36) NOT NULL,
  `rev` int(11) NOT NULL,
  `revtype` tinyint(4) DEFAULT NULL,
  `active` bit(1) DEFAULT NULL,
  `app` varchar(255) DEFAULT NULL,
  `email` varchar(255) DEFAULT NULL,
  `fullname` varchar(255) DEFAULT NULL,
  `hp` varchar(255) DEFAULT NULL,
  `username` varchar(255) DEFAULT NULL,
  PRIMARY KEY (`id`,`rev`),
  KEY `FKgwha9j976pabkfx8afngn2xs3` (`rev`),
  CONSTRAINT `FKgwha9j976pabkfx8afngn2xs3` FOREIGN KEY (`rev`) REFERENCES `user_rev_entity` (`id`)
) ENGINE=InnoDB DEFAULT CHARSET=latin1;

INSERT INTO `c_security_user_aud` (`id`, `rev`, `revtype`, `active`, `app`, `email`, `fullname`, `hp`, `username`) VALUES
('0015609a-1d12-4edc-8720-1b350955fb09',  55, 0,  CONV('0', 2, 10) + 0, 'MERCHANT', 'dadang20@yopmail.com', 'dadang iswanto', '081322077599', 'dadang20@yopmail.com'),
('0015609a-1d12-4edc-8720-1b350955fb09',  56, 1,  CONV('1', 2, 10) + 0, 'MERCHANT', 'dadang20@yopmail.com', 'dadang iswanto', '081322077599', 'dadang20@yopmail.com'),
('041d540f-9fdb-47e9-b91f-32a8de6baa10',  52, 0,  CONV('0', 2, 10) + 0, 'MERCHANT', 'dian@yopmail.com', 'Dian', '02122334455',  'dian@yopmail.com'),
('041d540f-9fdb-47e9-b91f-32a8de6baa10',  53, 1,  CONV('1', 2, 10) + 0, 'MERCHANT', 'dian@yopmail.com', 'Dian', '02122334455',  'dian@yopmail.com'),
('08362041-871d-4260-b3da-87b6c01d64a5',  152,  0,  CONV('0', 2, 10) + 0, 'MERCHANT', 'mpg.1@yopmail.com',  'toko dummy', '0846518',  'mpg.1@yopmail.com'),
('08362041-871d-4260-b3da-87b6c01d64a5',  153,  1,  CONV('1', 2, 10) + 0, 'MERCHANT', 'mpg.1@yopmail.com',  'toko dummy', '0846518',  'mpg.1@yopmail.com'),
('0fe881ac-4c0c-4557-b1e1-c4d1db8faa26',  4,  0,  CONV('0', 2, 10) + 0, 'MERCHANT', 'dummy.04@yopmail.com', 'dummy 04', '04040404', 'dummy.04@yopmail.com'),
('0fe881ac-4c0c-4557-b1e1-c4d1db8faa26',  5,  1,  CONV('1', 2, 10) + 0, 'MERCHANT', 'dummy.04@yopmail.com', 'dummy 04', '04040404', 'dummy.04@yopmail.com'),
('0fe881ac-4c0c-4557-b1e1-c4d1db8faa26',  47, 1,  CONV('0', 2, 10) + 0, 'MERCHANT', 'dummy.04@yopmail.com', 'dummy 04', '04040404', 'dummy.04@yopmail.com'),
('0fe881ac-4c0c-4557-b1e1-c4d1db8faa26',  48, 1,  CONV('1', 2, 10) + 0, 'MERCHANT', 'dummy.04@yopmail.com', 'dummy 04', '04040404', 'dummy.04@yopmail.com'),
('0fe881ac-4c0c-4557-b1e1-c4d1db8faa26',  50, 1,  CONV('1', 2, 10) + 0, 'MERCHANT', 'dummy.04@yopmail.com', 'dummy 04', '040404041',  'dummy.04@yopmail.com'),
('1136e458-dc99-482e-8416-155fec94561b',  21, 0,  CONV('0', 2, 10) + 0, 'MERCHANT', 'dummy.06@yopmail.com', 'dummy 06', '060606006',  'dummy.06@yopmail.com'),
('1136e458-dc99-482e-8416-155fec94561b',  22, 1,  CONV('1', 2, 10) + 0, 'MERCHANT', 'dummy.06@yopmail.com', 'dummy 06', '060606006',  'dummy.06@yopmail.com'),
('230ab3b7-464a-4c0d-aa61-1eb783396d7a',  211,  0,  CONV('0', 2, 10) + 0, 'MERCHANT', 'dickygeraldi@gmail.com', 'Dicky ', '08976256622',  'dickygeraldi@gmail.com'),
('230ab3b7-464a-4c0d-aa61-1eb783396d7a',  212,  1,  CONV('1', 2, 10) + 0, 'MERCHANT', 'dickygeraldi@gmail.com', 'Dicky ', '08976256622',  'dickygeraldi@gmail.com'),
('3af8fb1c-7da1-4bb1-8621-1d6e9f8788ad',  13, 0,  CONV('1', 2, 10) + 0, 'ADMIN',  'patria.mpg@yopmail.com', 'Patria', '085686578765', 'patria.mpg@yopmail.com'),
('3af8fb1c-7da1-4bb1-8621-1d6e9f8788ad',  196,  1,  CONV('1', 2, 10) + 0, 'ADMIN',  'patria.mpg@yopmail.com', 'Patria', '085686578765', 'patria.mpg@yopmail.com'),
('3af8fb1c-7da1-4bb1-8621-1d6e9f8788ad',  207,  1,  CONV('1', 2, 10) + 0, 'ADMIN',  'patria.mpg@yopmail.com', 'Patria', '085686578765', 'patria.mpg@yopmail.com'),
('4aafbd2b-8f7b-4fe8-85a1-cc1cad2787fd',  141,  0,  CONV('0', 2, 10) + 0, 'MERCHANT', 'anggi.riyandi@yopmail.com',  'Anggi Riyandi',  '087782865666', 'anggi.riyandi@yopmail.com'),
('4aafbd2b-8f7b-4fe8-85a1-cc1cad2787fd',  142,  1,  CONV('1', 2, 10) + 0, 'MERCHANT', 'anggi.riyandi@yopmail.com',  'Anggi Riyandi',  '087782865666', 'anggi.riyandi@yopmail.com'),
('4c4010de-05d0-44f0-91e8-9fc163df7683',  180,  0,  CONV('0', 2, 10) + 0, 'MERCHANT', 'vaansaa012@yopmail.com', 'Ivans Ardiansyah', '0829327589', 'vaansaa012@yopmail.com'),
('4c4010de-05d0-44f0-91e8-9fc163df7683',  181,  1,  CONV('1', 2, 10) + 0, 'MERCHANT', 'vaansaa012@yopmail.com', 'Ivans Ardiansyah', '0829327589', 'vaansaa012@yopmail.com'),
('5dfd676c-469d-49d6-bd61-d9885bc10b99',  1,  0,  CONV('0', 2, 10) + 0, 'MERCHANT', 'tokopatria@yopmail.com', 'Patria', '08739793908',  'tokopatria@yopmail.com'),
('5f514351-4bc6-477b-8c01-811916ed1d5a',  110,  0,  CONV('0', 2, 10) + 0, 'MERCHANT', 'agung@yopmail.com',  'agung',  NULL, 'agung@yopmail.com'),
('633c68ee-0905-4a2e-b4ef-2c175965b569',  231,  0,  CONV('0', 2, 10) + 0, 'MERCHANT', 'ad12i@gmail.com',  'Adi',  NULL, 'ad12i@gmail.com'),
('74497c31-a726-475e-86eb-a95ddfa992b4',  51, 0,  CONV('0', 2, 10) + 0, 'MERCHANT', 'james@yopmail.com',  'James',  '02133445566',  'james@yopmail.com'),
('76dcd8d2-30cf-4f09-a418-21549fc2797f',  3,  0,  CONV('0', 2, 10) + 0, 'MERCHANT', 'dummy.03@yopmail.com', 'dummy 03', '0303303',  'dummy.03@yopmail.com'),
('7962874a-b462-403e-8234-f81ef7c4c79d',  104,  0,  CONV('0', 2, 10) + 0, 'MERCHANT', 'iqbal@yopmail.com',  'iqbal',  NULL, 'iqbal@yopmail.com'),
('7962874a-b462-403e-8234-f81ef7c4c79d',  108,  2,  NULL, NULL, NULL, NULL, NULL, NULL),
('866da862-d00f-48be-a381-a16aff4dfaac',  7,  0,  CONV('0', 2, 10) + 0, 'MERCHANT', 'patrialapaks@yopmail.com', 'Muh Patria', '08128473979',  'patrialapaks@yopmail.com'),
('866da862-d00f-48be-a381-a16aff4dfaac',  8,  1,  CONV('1', 2, 10) + 0, 'MERCHANT', 'patrialapaks@yopmail.com', 'Muh Patria', '08128473979',  'patrialapaks@yopmail.com'),
('907521dc-5bb9-4b60-ae66-35820cdc8d4d',  65, 0,  CONV('0', 2, 10) + 0, 'MERCHANT', 'iqbalpandoyo@yopmail.com', 'Iqbal Pandoyo',  '904834923',  'iqbalpandoyo@yopmail.com'),
('907521dc-5bb9-4b60-ae66-35820cdc8d4d',  66, 1,  CONV('1', 2, 10) + 0, 'MERCHANT', 'iqbalpandoyo@yopmail.com', 'Iqbal Pandoyo',  '904834923',  'iqbalpandoyo@yopmail.com'),
('95ce902a-2e21-4187-ae88-de0f935a15c2',  2,  0,  CONV('0', 2, 10) + 0, 'MERCHANT', 'patrialapak@yopmail.com',  'Patria', '081219931223', 'patrialapak@yopmail.com'),
('9b0e8968-210f-4fce-b2e4-1a2c966c369b',  109,  0,  CONV('0', 2, 10) + 0, 'MERCHANT', 'mpg.ucok@yopmail.com', 'ucok', NULL, 'mpg.ucok@yopmail.com'),
('9b0e8968-210f-4fce-b2e4-1a2c966c369b',  115,  1,  CONV('1', 2, 10) + 0, 'MERCHANT', 'mpg.ucok@yopmail.com', 'ucok', NULL, 'mpg.ucok@yopmail.com'),
('a659b366-baa7-4011-802d-c32b6c1f4c7e',  158,  0,  CONV('1', 2, 10) + 0, 'ADMIN',  'vaansaa@yopmail.com',  'Ivans Ardiansyah', '088923743248', 'vaansaa@yopmail.com'),
('a659b366-baa7-4011-802d-c32b6c1f4c7e',  193,  1,  CONV('1', 2, 10) + 0, 'ADMIN',  'vaansaa@yopmail.com',  'Ivans Ardiansyah', '088923743248', 'vaansaa@yopmail.com'),
('a659b366-baa7-4011-802d-c32b6c1f4c7e',  208,  1,  CONV('1', 2, 10) + 0, 'ADMIN',  'vaansaa@yopmail.com',  'Ivans Ardiansyah', '088923743248', 'vaansaa@yopmail.com'),
('a659b366-baa7-4011-802d-c32b6c1f4c7e',  261,  1,  CONV('1', 2, 10) + 0, 'ADMIN',  'vaansaa@yopmail.com',  'Ivans Ardiansyah', '088923743248', 'vaansaa@yopmail.com'),
('a659b366-baa7-4011-802d-c32b6c1f4c7e',  263,  1,  CONV('1', 2, 10) + 0, 'ADMIN',  'vaansaa@yopmail.com',  'Ivans Ardiansyah', '088923743248', 'vaansaa@yopmail.com'),
('admin', 194,  1,  CONV('1', 2, 10) + 0, 'ADMIN',  'admin.mpg@yopmail.com',  'Administrator',  '087655678888', 'admin.mpg@yopmail.com'),
('admin', 205,  1,  CONV('1', 2, 10) + 0, 'ADMIN',  'admin.mpg@yopmail.com',  'Administrator',  '087655678888', 'admin.mpg@yopmail.com'),
('admin', 262,  1,  CONV('1', 2, 10) + 0, 'ADMIN',  'admin.mpg@yopmail.com',  'Administrator',  '087655678888', 'admin.mpg@yopmail.com'),
('admin', 264,  1,  CONV('1', 2, 10) + 0, 'ADMIN',  'admin.mpg@yopmail.com',  'Administrator',  '087655678888', 'admin.mpg@yopmail.com'),
('b45f6ddd-5040-47c1-b8a1-dd1f9c97f190',  106,  0,  CONV('0', 2, 10) + 0, 'MERCHANT', 'purnomo@yopmail.com',  'purnomo',  NULL, 'purnomo@yopmail.com'),
('b45f6ddd-5040-47c1-b8a1-dd1f9c97f190',  117,  1,  CONV('1', 2, 10) + 0, 'MERCHANT', 'purnomo@yopmail.com',  'purnomo',  NULL, 'purnomo@yopmail.com'),
('b4986cbf-2b13-439f-8381-18fa37500665',  111,  0,  CONV('0', 2, 10) + 0, 'MERCHANT', 'ucok.mpg@yopmail.com', 'ucok', NULL, 'ucok.mpg@yopmail.com'),
('b4986cbf-2b13-439f-8381-18fa37500665',  123,  1,  CONV('1', 2, 10) + 0, 'MERCHANT', 'ucok.mpg@yopmail.com', 'ucok', NULL, 'ucok.mpg@yopmail.com'),
('b5828dbb-c815-4a5a-8034-7173c2257f40',  59, 0,  CONV('0', 2, 10) + 0, 'MERCHANT', 'diian@yopmail.com',  'diian',  '08122334455',  'diian@yopmail.com'),
('b5828dbb-c815-4a5a-8034-7173c2257f40',  61, 1,  CONV('1', 2, 10) + 0, 'MERCHANT', 'diian@yopmail.com',  'diian',  '08122334455',  'diian@yopmail.com'),
('d46f44f7-4f9f-47d8-ac83-a46df738bf59',  237,  0,  CONV('0', 2, 10) + 0, 'MERCHANT', 'peruridigital@gmail.com',  'Perum Peruri', '0217395000', 'peruridigital@gmail.com'),
('d46f44f7-4f9f-47d8-ac83-a46df738bf59',  238,  1,  CONV('1', 2, 10) + 0, 'MERCHANT', 'peruridigital@gmail.com',  'Perum Peruri', '0217395000', 'peruridigital@gmail.com'),
('d5aef6cd-b237-4e1b-a9c0-3d01afba4be9',  129,  0,  CONV('0', 2, 10) + 0, 'MERCHANT', 'ekolapaks2@yopmail.com', 'Eko',  '081321890949', 'ekolapaks2@yopmail.com'),
('d5aef6cd-b237-4e1b-a9c0-3d01afba4be9',  130,  1,  CONV('1', 2, 10) + 0, 'MERCHANT', 'ekolapaks2@yopmail.com', 'Eko',  '081321890949', 'ekolapaks2@yopmail.com'),
('d61803e5-9e6e-41ac-a4e0-62fdd2c3f073',  103,  0,  CONV('0', 2, 10) + 0, 'MERCHANT', 'purnama@yopmail.com',  'purnama',  NULL, 'purnama@yopmail.com'),
('fbd64bad-5f67-49bf-8e6c-b500470cc53f',  83, 0,  CONV('1', 2, 10) + 0, 'ADMIN',  'admindua@yopmail.com', 'admin 2',  '087829928827', 'admindua@yopmail.com'),
('fbd64bad-5f67-49bf-8e6c-b500470cc53f',  195,  1,  CONV('1', 2, 10) + 0, 'ADMIN',  'admindua@yopmail.com', 'admin 2',  '087829928827', 'admindua@yopmail.com'),
('fbd64bad-5f67-49bf-8e6c-b500470cc53f',  206,  1,  CONV('1', 2, 10) + 0, 'ADMIN',  'admindua@yopmail.com', 'admin 2',  '087829928827', 'admindua@yopmail.com');

DROP TABLE IF EXISTS `c_security_user_password`;
CREATE TABLE `c_security_user_password` (
  `id_user` varchar(36) NOT NULL,
  `password` varchar(255) NOT NULL,
  PRIMARY KEY (`id_user`),
  CONSTRAINT `FK80arji7i1u0styufcy8b91it5` FOREIGN KEY (`id_user`) REFERENCES `c_security_user` (`id`)
) ENGINE=InnoDB DEFAULT CHARSET=latin1;

INSERT INTO `c_security_user_password` (`id_user`, `password`) VALUES
('0015609a-1d12-4edc-8720-1b350955fb09',  '$2a$13$iDfz1MYfjepVJx6poNadt.WvDOq2etDu4j7RABS2Xt.2hrNj5vnoG'),
('041d540f-9fdb-47e9-b91f-32a8de6baa10',  '$2a$13$EIFXvnhaKUvrFgPVRTo3DOavZoHUXpGVZkN.kFmpiHb1PJJW4ju42'),
('08362041-871d-4260-b3da-87b6c01d64a5',  '$2a$13$S/u3awKmYkB0sCF1E2k4KO8W6xG4BrfdjMVYNLYP3O3LVWQyQQMwq'),
('0fe881ac-4c0c-4557-b1e1-c4d1db8faa26',  '$2a$13$h4w.xPs6NL58suISbfAWwOK80TTslGDpBVxcNmLyGvxX8rUSZYmd.'),
('1136e458-dc99-482e-8416-155fec94561b',  '$2a$13$mZTjkZ//K.pW1Qw11pjis.ivotASkkWSO1X/igxCbUGZmX2BluO3i'),
('230ab3b7-464a-4c0d-aa61-1eb783396d7a',  '$2a$13$Hu9N/cBOkRbPGn3K2yOzI.OH31VMfxpvJ6Bf//mEoubJc8qD4VqxC'),
('2eeb5572-1c8b-41f4-ac1b-4f19b91356e9',  '$2a$13$08bwFvg/jKXKsc87ycWFee.vMTrPzlfsji0dd62ywtOPe/cmTPkJK'),
('3af8fb1c-7da1-4bb1-8621-1d6e9f8788ad',  '$2a$13$yb2oxBcJylhZ1AEbP4MnLO9QVYRqVOQFeCdrIpyy6AlidanEagiT2'),
('4aafbd2b-8f7b-4fe8-85a1-cc1cad2787fd',  '$2a$13$CUteHMqfpKd3rT96jt/EZ.31KAeqnnRR9a/wFECeR5Q5SPChYLrTa'),
('4c4010de-05d0-44f0-91e8-9fc163df7683',  '$2a$13$Q1oWDGuXJv2p9iYWmqTFHuOLPibnb75W/89nB.dvW9.NrgIZLcf7W'),
('5dfd676c-469d-49d6-bd61-d9885bc10b99',  '$2a$13$/ty2eZgHIHJyTEjbBH9wY.vjIa/aKyc6dKwR4DRc.1WPGVAmATQ8m'),
('5f514351-4bc6-477b-8c01-811916ed1d5a',  '501d53c7b0574e58b42727c22d07ae1c'),
('633c68ee-0905-4a2e-b4ef-2c175965b569',  '69cb488f23ba480ca40ebc795b0bc427'),
('74497c31-a726-475e-86eb-a95ddfa992b4',  '$2a$13$54KrzG5mLLWrpZrDjQu/WeWL6SVEVfyquwxI37G5g.1d.Z9a/H4QO'),
('76dcd8d2-30cf-4f09-a418-21549fc2797f',  '$2a$13$AxriEVOWAhlVj.7N5uAa.uBkeYEk.L8OsB5bNTt7UaxWVsR51ZB1W'),
('866da862-d00f-48be-a381-a16aff4dfaac',  '$2a$13$E.jXa7PYbNkauwuc4FSVyOdiiJWvZQFg.bQ.S7Z9hE3CZB1EozFWS'),
('898fd90d-ffd0-40ad-a44e-4fbb8b78d492',  '$2a$13$/Z3.MCqkDOFuX.kyXPbs3OSEYXxUEVSM20z53wtsxvJ5p9zuA03wq'),
('907521dc-5bb9-4b60-ae66-35820cdc8d4d',  '$2a$13$3s5jTeDi5xsy9tprkJ5mBucOqhCx1XOkqfXk4dtJJyNDut6kGu.1G'),
('95ce902a-2e21-4187-ae88-de0f935a15c2',  '$2a$13$jXoUmMMwc.CwWDkwZSvcE.oH7JJ4te05UilIvYieoF35/yzoqbZAS'),
('9b0e8968-210f-4fce-b2e4-1a2c966c369b',  '$2a$13$BVicBAZR43SgXQ/YR6SYEOgbwK41RV55BM8ZqYwoMpxxVnnkJuHxK'),
('a659b366-baa7-4011-802d-c32b6c1f4c7e',  '$2a$13$vKbc8K/ISrRWzQSJwuFI2uHJ0SlmVFwRJQiCPbqN3NCo69vos6aEC'),
('admin', '$2a$13$8gq8pVnmO4V9vrPOTTpPXuUJPnh9xOpShdrLgGdgbc/4MdgcfRClK'),
('b45f6ddd-5040-47c1-b8a1-dd1f9c97f190',  '$2a$13$TkSxmW/LFr.K.nSQ/p2rkeGYS2YdYPfC3.VW9Lc.R9wF4JdCgGG1S'),
('b4986cbf-2b13-439f-8381-18fa37500665',  '$2a$13$rCOvSAFfbIW2SU/IhXN3Ee3g7878Zv3yumawnhy5.csL5Rq9kTEqS'),
('b5828dbb-c815-4a5a-8034-7173c2257f40',  '$2a$13$yMsrxL/ajVtCZlN0Vy3lq.FsFuUNAGS3QKJfje9DjqE5qDwOdz.rq'),
('d46f44f7-4f9f-47d8-ac83-a46df738bf59',  '$2a$13$aFoiENdPwc0nrAVrDX.CWOOA/uRyfwxKJJHXtPQBeGeiC0qlc/36W'),
('d5aef6cd-b237-4e1b-a9c0-3d01afba4be9',  '$2a$13$jspRSIOmbpQD.gc55dNBMuDfUsgBU.kaBby6NhA.lAsJtvKt5hS3u'),
('d61803e5-9e6e-41ac-a4e0-62fdd2c3f073',  'b83f26a02271458ea4a1d873b91dc64c'),
('fbd64bad-5f67-49bf-8e6c-b500470cc53f',  '$2a$13$IKzInUI/e0J7ZpKakd9bd.3SsWnzTQr7WMGKzOztgv1pcqKcLi7GK');

DROP TABLE IF EXISTS `c_security_user_password_aud`;
CREATE TABLE `c_security_user_password_aud` (
  `id_user` varchar(36) NOT NULL,
  `rev` int(11) NOT NULL,
  `revtype` tinyint(4) DEFAULT NULL,
  `password` varchar(255) DEFAULT NULL,
  PRIMARY KEY (`id_user`,`rev`),
  KEY `FKmr3ld9d0wxn6m1anindu25vi` (`rev`),
  CONSTRAINT `FKmr3ld9d0wxn6m1anindu25vi` FOREIGN KEY (`rev`) REFERENCES `user_rev_entity` (`id`)
) ENGINE=InnoDB DEFAULT CHARSET=latin1;

INSERT INTO `c_security_user_password_aud` (`id_user`, `rev`, `revtype`, `password`) VALUES
('0015609a-1d12-4edc-8720-1b350955fb09',  55, 0,  '$2a$13$iDfz1MYfjepVJx6poNadt.WvDOq2etDu4j7RABS2Xt.2hrNj5vnoG'),
('041d540f-9fdb-47e9-b91f-32a8de6baa10',  52, 0,  '$2a$13$EIFXvnhaKUvrFgPVRTo3DOavZoHUXpGVZkN.kFmpiHb1PJJW4ju42'),
('08362041-871d-4260-b3da-87b6c01d64a5',  152,  0,  '$2a$13$S/u3awKmYkB0sCF1E2k4KO8W6xG4BrfdjMVYNLYP3O3LVWQyQQMwq'),
('0fe881ac-4c0c-4557-b1e1-c4d1db8faa26',  4,  0,  '$2a$13$1yE/mM6qB/IwpnAW2OfA/e152OJkwzogB00IZsv6HTvrQW/e83hYS'),
('0fe881ac-4c0c-4557-b1e1-c4d1db8faa26',  49, 1,  '$2a$13$Hs58OEjqLoviw3x5V8N6GuYYOzOHzYl1hfk.HIBuPUXE3Td1Bwxgy'),
('0fe881ac-4c0c-4557-b1e1-c4d1db8faa26',  128,  1,  '$2a$13$h4w.xPs6NL58suISbfAWwOK80TTslGDpBVxcNmLyGvxX8rUSZYmd.'),
('1136e458-dc99-482e-8416-155fec94561b',  21, 0,  '$2a$13$oUzFq4OE4xwZMRNk9ZDWIO6fr8fMu8NxJmpiiM1P23ANIPgja6c1q'),
('1136e458-dc99-482e-8416-155fec94561b',  124,  1,  '$2a$13$nsnH49uLb34NXfkfLrGkruPkya6q4yKNrs.JpabyBm/YA7zV7T102'),
('1136e458-dc99-482e-8416-155fec94561b',  125,  1,  '$2a$13$mZTjkZ//K.pW1Qw11pjis.ivotASkkWSO1X/igxCbUGZmX2BluO3i'),
('230ab3b7-464a-4c0d-aa61-1eb783396d7a',  211,  0,  '$2a$13$wHcYcShe.b3y/J1JQcYGkux.P2ITbmtnR3rGcdLS4NR3kQJBWdQtC'),
('230ab3b7-464a-4c0d-aa61-1eb783396d7a',  214,  1,  '$2a$13$nUonDwIZgzx3Z/o2mMGZIuoYLieAKenYSyQcBpk19zLW9I6X7YPem'),
('230ab3b7-464a-4c0d-aa61-1eb783396d7a',  215,  1,  '$2a$13$Hu9N/cBOkRbPGn3K2yOzI.OH31VMfxpvJ6Bf//mEoubJc8qD4VqxC'),
('3af8fb1c-7da1-4bb1-8621-1d6e9f8788ad',  13, 0,  '$2a$13$tnTiHnWTGbTuHGjXfhldT.Hs9FWAnm3F9dgxPJbIM6Jfv3qHBIKiy'),
('3af8fb1c-7da1-4bb1-8621-1d6e9f8788ad',  159,  1,  '$2a$13$yb2oxBcJylhZ1AEbP4MnLO9QVYRqVOQFeCdrIpyy6AlidanEagiT2'),
('4aafbd2b-8f7b-4fe8-85a1-cc1cad2787fd',  141,  0,  '$2a$13$rii3kEvi3A8/oB9B3q/06u5lJUCRUVjfagDa5AwtKdTfFYHZj8vnm'),
('4aafbd2b-8f7b-4fe8-85a1-cc1cad2787fd',  162,  1,  '$2a$13$CUteHMqfpKd3rT96jt/EZ.31KAeqnnRR9a/wFECeR5Q5SPChYLrTa'),
('4c4010de-05d0-44f0-91e8-9fc163df7683',  180,  0,  '$2a$13$Q1oWDGuXJv2p9iYWmqTFHuOLPibnb75W/89nB.dvW9.NrgIZLcf7W'),
('5dfd676c-469d-49d6-bd61-d9885bc10b99',  1,  0,  '$2a$13$/ty2eZgHIHJyTEjbBH9wY.vjIa/aKyc6dKwR4DRc.1WPGVAmATQ8m'),
('5f514351-4bc6-477b-8c01-811916ed1d5a',  110,  0,  '501d53c7b0574e58b42727c22d07ae1c'),
('633c68ee-0905-4a2e-b4ef-2c175965b569',  231,  0,  '69cb488f23ba480ca40ebc795b0bc427'),
('74497c31-a726-475e-86eb-a95ddfa992b4',  51, 0,  '$2a$13$54KrzG5mLLWrpZrDjQu/WeWL6SVEVfyquwxI37G5g.1d.Z9a/H4QO'),
('76dcd8d2-30cf-4f09-a418-21549fc2797f',  3,  0,  '$2a$13$AxriEVOWAhlVj.7N5uAa.uBkeYEk.L8OsB5bNTt7UaxWVsR51ZB1W'),
('7962874a-b462-403e-8234-f81ef7c4c79d',  104,  0,  '5b3e4bc83b1e40d0b8b65df70ea8af54'),
('7962874a-b462-403e-8234-f81ef7c4c79d',  108,  2,  NULL),
('866da862-d00f-48be-a381-a16aff4dfaac',  7,  0,  '$2a$13$E.jXa7PYbNkauwuc4FSVyOdiiJWvZQFg.bQ.S7Z9hE3CZB1EozFWS'),
('907521dc-5bb9-4b60-ae66-35820cdc8d4d',  65, 0,  '$2a$13$H1RLdeE1q6/2YqC850WIOOzp0d17IpG/qLy3uIBVVRaKLqHZkV.WC'),
('907521dc-5bb9-4b60-ae66-35820cdc8d4d',  126,  1,  '$2a$13$KEwbNIdCMKT239h5UsEwluEiFAaZHLqNtNX7AQP4vQaVYf8BmhYuG'),
('907521dc-5bb9-4b60-ae66-35820cdc8d4d',  127,  1,  '$2a$13$3s5jTeDi5xsy9tprkJ5mBucOqhCx1XOkqfXk4dtJJyNDut6kGu.1G'),
('95ce902a-2e21-4187-ae88-de0f935a15c2',  2,  0,  '$2a$13$jXoUmMMwc.CwWDkwZSvcE.oH7JJ4te05UilIvYieoF35/yzoqbZAS'),
('9b0e8968-210f-4fce-b2e4-1a2c966c369b',  109,  0,  '283a7b1aebec460aa1660ba299f7644f'),
('9b0e8968-210f-4fce-b2e4-1a2c966c369b',  115,  1,  '$2a$13$BVicBAZR43SgXQ/YR6SYEOgbwK41RV55BM8ZqYwoMpxxVnnkJuHxK'),
('a659b366-baa7-4011-802d-c32b6c1f4c7e',  158,  0,  '$2a$13$vKbc8K/ISrRWzQSJwuFI2uHJ0SlmVFwRJQiCPbqN3NCo69vos6aEC'),
('admin', 82, 1,  '$2a$13$/23btAqw2TZooEVHBI3x0.7ndO1zeniT8b1zPZiJtJQPxv5CVgWxS'),
('admin', 93, 1,  '$2a$13$X1NZVgPfIGR8f0uRIQYaxul7yx7qtfMwS9K5s8HrvmCCYIfLZzZ5u'),
('admin', 94, 1,  '$2a$13$c9p9oCJ/RVPtrofmo6kl1usOgqmFz7yesVqN7Kh1wT.GXGs.Dxx5K'),
('admin', 122,  1,  '$2a$13$mqUSyfutvvmkyc6saSEVeOXUqOZwc2fxihG7mIZwCvwUnkEvX3i7a'),
('admin', 140,  1,  '$2a$13$2xt4yyYZZ6sgkqq0m9tn.Ov3VWKBcwSekjL4Jo7QgMWRyAR6Hc2B.'),
('admin', 157,  1,  '$2a$13$KLPe.lwtdOJMZ3eI/S7FJeGnEQoJXI7uenTeTZ3D6acLpQyaLx9my'),
('admin', 160,  1,  '$2a$13$cgexr/SZH3vAbho4h/SLlOkwiaG8CI5M5E/9lhUeCIAwhBtUdSE8u'),
('admin', 163,  1,  '$2a$13$GcDtCw6QhOZ3dZu8RO6XR.BzLyVI7hTuIncumgE5yZdYM8nc4covu'),
('admin', 164,  1,  '$2a$13$8gq8pVnmO4V9vrPOTTpPXuUJPnh9xOpShdrLgGdgbc/4MdgcfRClK'),
('b45f6ddd-5040-47c1-b8a1-dd1f9c97f190',  106,  0,  'e740943efcaa42769212bc0626e83ab8'),
('b45f6ddd-5040-47c1-b8a1-dd1f9c97f190',  117,  1,  '$2a$13$TkSxmW/LFr.K.nSQ/p2rkeGYS2YdYPfC3.VW9Lc.R9wF4JdCgGG1S'),
('b4986cbf-2b13-439f-8381-18fa37500665',  111,  0,  '6b999ded37b24fbda2b186acaafea150'),
('b4986cbf-2b13-439f-8381-18fa37500665',  123,  1,  '$2a$13$rCOvSAFfbIW2SU/IhXN3Ee3g7878Zv3yumawnhy5.csL5Rq9kTEqS'),
('b5828dbb-c815-4a5a-8034-7173c2257f40',  59, 0,  '$2a$13$yMsrxL/ajVtCZlN0Vy3lq.FsFuUNAGS3QKJfje9DjqE5qDwOdz.rq'),
('d46f44f7-4f9f-47d8-ac83-a46df738bf59',  237,  0,  '$2a$13$aFoiENdPwc0nrAVrDX.CWOOA/uRyfwxKJJHXtPQBeGeiC0qlc/36W'),
('d5aef6cd-b237-4e1b-a9c0-3d01afba4be9',  129,  0,  '$2a$13$jspRSIOmbpQD.gc55dNBMuDfUsgBU.kaBby6NhA.lAsJtvKt5hS3u'),
('d61803e5-9e6e-41ac-a4e0-62fdd2c3f073',  103,  0,  'b83f26a02271458ea4a1d873b91dc64c'),
('fbd64bad-5f67-49bf-8e6c-b500470cc53f',  83, 0,  '$2a$13$IKzInUI/e0J7ZpKakd9bd.3SsWnzTQr7WMGKzOztgv1pcqKcLi7GK');

DROP TABLE IF EXISTS `c_security_user_permission`;
CREATE TABLE `c_security_user_permission` (
  `id_user` varchar(36) NOT NULL,
  `id_permission` varchar(36) NOT NULL,
  PRIMARY KEY (`id_user`,`id_permission`),
  KEY `FKjft4yfjrrqo6tsdab32uv0ynr` (`id_permission`),
  CONSTRAINT `FKjft4yfjrrqo6tsdab32uv0ynr` FOREIGN KEY (`id_permission`) REFERENCES `c_security_permission` (`id`),
  CONSTRAINT `FKl73ajb5nv019jkl5u5bef1qsi` FOREIGN KEY (`id_user`) REFERENCES `c_security_user` (`id`)
) ENGINE=InnoDB DEFAULT CHARSET=latin1;

INSERT INTO `c_security_user_permission` (`id_user`, `id_permission`) VALUES
('3af8fb1c-7da1-4bb1-8621-1d6e9f8788ad',  '001_admin'),
('a659b366-baa7-4011-802d-c32b6c1f4c7e',  '001_admin'),
('admin', '001_admin'),
('fbd64bad-5f67-49bf-8e6c-b500470cc53f',  '001_admin'),
('0015609a-1d12-4edc-8720-1b350955fb09',  '001_member'),
('041d540f-9fdb-47e9-b91f-32a8de6baa10',  '001_member'),
('08362041-871d-4260-b3da-87b6c01d64a5',  '001_member'),
('0fe881ac-4c0c-4557-b1e1-c4d1db8faa26',  '001_member'),
('1136e458-dc99-482e-8416-155fec94561b',  '001_member'),
('230ab3b7-464a-4c0d-aa61-1eb783396d7a',  '001_member'),
('2eeb5572-1c8b-41f4-ac1b-4f19b91356e9',  '001_member'),
('4aafbd2b-8f7b-4fe8-85a1-cc1cad2787fd',  '001_member'),
('4c4010de-05d0-44f0-91e8-9fc163df7683',  '001_member'),
('5dfd676c-469d-49d6-bd61-d9885bc10b99',  '001_member'),
('5f514351-4bc6-477b-8c01-811916ed1d5a',  '001_member'),
('633c68ee-0905-4a2e-b4ef-2c175965b569',  '001_member'),
('74497c31-a726-475e-86eb-a95ddfa992b4',  '001_member'),
('76dcd8d2-30cf-4f09-a418-21549fc2797f',  '001_member'),
('866da862-d00f-48be-a381-a16aff4dfaac',  '001_member'),
('898fd90d-ffd0-40ad-a44e-4fbb8b78d492',  '001_member'),
('907521dc-5bb9-4b60-ae66-35820cdc8d4d',  '001_member'),
('95ce902a-2e21-4187-ae88-de0f935a15c2',  '001_member'),
('9b0e8968-210f-4fce-b2e4-1a2c966c369b',  '001_member'),
('b45f6ddd-5040-47c1-b8a1-dd1f9c97f190',  '001_member'),
('b4986cbf-2b13-439f-8381-18fa37500665',  '001_member'),
('b5828dbb-c815-4a5a-8034-7173c2257f40',  '001_member'),
('d46f44f7-4f9f-47d8-ac83-a46df738bf59',  '001_member'),
('d5aef6cd-b237-4e1b-a9c0-3d01afba4be9',  '001_member'),
('d61803e5-9e6e-41ac-a4e0-62fdd2c3f073',  '001_member'),
('3af8fb1c-7da1-4bb1-8621-1d6e9f8788ad',  '002_admin'),
('a659b366-baa7-4011-802d-c32b6c1f4c7e',  '002_admin'),
('admin', '002_admin'),
('fbd64bad-5f67-49bf-8e6c-b500470cc53f',  '002_admin'),
('0015609a-1d12-4edc-8720-1b350955fb09',  '002_member'),
('041d540f-9fdb-47e9-b91f-32a8de6baa10',  '002_member'),
('08362041-871d-4260-b3da-87b6c01d64a5',  '002_member'),
('0fe881ac-4c0c-4557-b1e1-c4d1db8faa26',  '002_member'),
('1136e458-dc99-482e-8416-155fec94561b',  '002_member'),
('230ab3b7-464a-4c0d-aa61-1eb783396d7a',  '002_member'),
('2eeb5572-1c8b-41f4-ac1b-4f19b91356e9',  '002_member'),
('4aafbd2b-8f7b-4fe8-85a1-cc1cad2787fd',  '002_member'),
('4c4010de-05d0-44f0-91e8-9fc163df7683',  '002_member'),
('5dfd676c-469d-49d6-bd61-d9885bc10b99',  '002_member'),
('5f514351-4bc6-477b-8c01-811916ed1d5a',  '002_member'),
('633c68ee-0905-4a2e-b4ef-2c175965b569',  '002_member'),
('74497c31-a726-475e-86eb-a95ddfa992b4',  '002_member'),
('76dcd8d2-30cf-4f09-a418-21549fc2797f',  '002_member'),
('866da862-d00f-48be-a381-a16aff4dfaac',  '002_member'),
('898fd90d-ffd0-40ad-a44e-4fbb8b78d492',  '002_member'),
('907521dc-5bb9-4b60-ae66-35820cdc8d4d',  '002_member'),
('95ce902a-2e21-4187-ae88-de0f935a15c2',  '002_member'),
('9b0e8968-210f-4fce-b2e4-1a2c966c369b',  '002_member'),
('b45f6ddd-5040-47c1-b8a1-dd1f9c97f190',  '002_member'),
('b4986cbf-2b13-439f-8381-18fa37500665',  '002_member'),
('b5828dbb-c815-4a5a-8034-7173c2257f40',  '002_member'),
('d46f44f7-4f9f-47d8-ac83-a46df738bf59',  '002_member'),
('d5aef6cd-b237-4e1b-a9c0-3d01afba4be9',  '002_member'),
('d61803e5-9e6e-41ac-a4e0-62fdd2c3f073',  '002_member'),
('3af8fb1c-7da1-4bb1-8621-1d6e9f8788ad',  '003_admin'),
('a659b366-baa7-4011-802d-c32b6c1f4c7e',  '003_admin'),
('admin', '003_admin'),
('fbd64bad-5f67-49bf-8e6c-b500470cc53f',  '003_admin'),
('0015609a-1d12-4edc-8720-1b350955fb09',  '003_member'),
('041d540f-9fdb-47e9-b91f-32a8de6baa10',  '003_member'),
('08362041-871d-4260-b3da-87b6c01d64a5',  '003_member'),
('0fe881ac-4c0c-4557-b1e1-c4d1db8faa26',  '003_member'),
('1136e458-dc99-482e-8416-155fec94561b',  '003_member'),
('230ab3b7-464a-4c0d-aa61-1eb783396d7a',  '003_member'),
('2eeb5572-1c8b-41f4-ac1b-4f19b91356e9',  '003_member'),
('4aafbd2b-8f7b-4fe8-85a1-cc1cad2787fd',  '003_member'),
('4c4010de-05d0-44f0-91e8-9fc163df7683',  '003_member'),
('5dfd676c-469d-49d6-bd61-d9885bc10b99',  '003_member'),
('5f514351-4bc6-477b-8c01-811916ed1d5a',  '003_member'),
('633c68ee-0905-4a2e-b4ef-2c175965b569',  '003_member'),
('74497c31-a726-475e-86eb-a95ddfa992b4',  '003_member'),
('76dcd8d2-30cf-4f09-a418-21549fc2797f',  '003_member'),
('866da862-d00f-48be-a381-a16aff4dfaac',  '003_member'),
('898fd90d-ffd0-40ad-a44e-4fbb8b78d492',  '003_member'),
('907521dc-5bb9-4b60-ae66-35820cdc8d4d',  '003_member'),
('95ce902a-2e21-4187-ae88-de0f935a15c2',  '003_member'),
('9b0e8968-210f-4fce-b2e4-1a2c966c369b',  '003_member'),
('b45f6ddd-5040-47c1-b8a1-dd1f9c97f190',  '003_member'),
('b4986cbf-2b13-439f-8381-18fa37500665',  '003_member'),
('b5828dbb-c815-4a5a-8034-7173c2257f40',  '003_member'),
('d46f44f7-4f9f-47d8-ac83-a46df738bf59',  '003_member'),
('d5aef6cd-b237-4e1b-a9c0-3d01afba4be9',  '003_member'),
('d61803e5-9e6e-41ac-a4e0-62fdd2c3f073',  '003_member'),
('3af8fb1c-7da1-4bb1-8621-1d6e9f8788ad',  '004_admin'),
('a659b366-baa7-4011-802d-c32b6c1f4c7e',  '004_admin'),
('admin', '004_admin'),
('fbd64bad-5f67-49bf-8e6c-b500470cc53f',  '004_admin'),
('0015609a-1d12-4edc-8720-1b350955fb09',  '004_member'),
('041d540f-9fdb-47e9-b91f-32a8de6baa10',  '004_member'),
('08362041-871d-4260-b3da-87b6c01d64a5',  '004_member'),
('0fe881ac-4c0c-4557-b1e1-c4d1db8faa26',  '004_member'),
('1136e458-dc99-482e-8416-155fec94561b',  '004_member'),
('230ab3b7-464a-4c0d-aa61-1eb783396d7a',  '004_member'),
('2eeb5572-1c8b-41f4-ac1b-4f19b91356e9',  '004_member'),
('4aafbd2b-8f7b-4fe8-85a1-cc1cad2787fd',  '004_member'),
('4c4010de-05d0-44f0-91e8-9fc163df7683',  '004_member'),
('5dfd676c-469d-49d6-bd61-d9885bc10b99',  '004_member'),
('5f514351-4bc6-477b-8c01-811916ed1d5a',  '004_member'),
('633c68ee-0905-4a2e-b4ef-2c175965b569',  '004_member'),
('74497c31-a726-475e-86eb-a95ddfa992b4',  '004_member'),
('76dcd8d2-30cf-4f09-a418-21549fc2797f',  '004_member'),
('866da862-d00f-48be-a381-a16aff4dfaac',  '004_member'),
('898fd90d-ffd0-40ad-a44e-4fbb8b78d492',  '004_member'),
('907521dc-5bb9-4b60-ae66-35820cdc8d4d',  '004_member'),
('95ce902a-2e21-4187-ae88-de0f935a15c2',  '004_member'),
('9b0e8968-210f-4fce-b2e4-1a2c966c369b',  '004_member'),
('b45f6ddd-5040-47c1-b8a1-dd1f9c97f190',  '004_member'),
('b4986cbf-2b13-439f-8381-18fa37500665',  '004_member'),
('b5828dbb-c815-4a5a-8034-7173c2257f40',  '004_member'),
('d46f44f7-4f9f-47d8-ac83-a46df738bf59',  '004_member'),
('d5aef6cd-b237-4e1b-a9c0-3d01afba4be9',  '004_member'),
('d61803e5-9e6e-41ac-a4e0-62fdd2c3f073',  '004_member'),
('3af8fb1c-7da1-4bb1-8621-1d6e9f8788ad',  '005_admin'),
('a659b366-baa7-4011-802d-c32b6c1f4c7e',  '005_admin'),
('admin', '005_admin'),
('fbd64bad-5f67-49bf-8e6c-b500470cc53f',  '005_admin'),
('0015609a-1d12-4edc-8720-1b350955fb09',  '005_member'),
('041d540f-9fdb-47e9-b91f-32a8de6baa10',  '005_member'),
('08362041-871d-4260-b3da-87b6c01d64a5',  '005_member'),
('0fe881ac-4c0c-4557-b1e1-c4d1db8faa26',  '005_member'),
('1136e458-dc99-482e-8416-155fec94561b',  '005_member'),
('230ab3b7-464a-4c0d-aa61-1eb783396d7a',  '005_member'),
('2eeb5572-1c8b-41f4-ac1b-4f19b91356e9',  '005_member'),
('4aafbd2b-8f7b-4fe8-85a1-cc1cad2787fd',  '005_member'),
('4c4010de-05d0-44f0-91e8-9fc163df7683',  '005_member'),
('5dfd676c-469d-49d6-bd61-d9885bc10b99',  '005_member'),
('5f514351-4bc6-477b-8c01-811916ed1d5a',  '005_member'),
('633c68ee-0905-4a2e-b4ef-2c175965b569',  '005_member'),
('74497c31-a726-475e-86eb-a95ddfa992b4',  '005_member'),
('76dcd8d2-30cf-4f09-a418-21549fc2797f',  '005_member'),
('866da862-d00f-48be-a381-a16aff4dfaac',  '005_member'),
('898fd90d-ffd0-40ad-a44e-4fbb8b78d492',  '005_member'),
('907521dc-5bb9-4b60-ae66-35820cdc8d4d',  '005_member'),
('95ce902a-2e21-4187-ae88-de0f935a15c2',  '005_member'),
('9b0e8968-210f-4fce-b2e4-1a2c966c369b',  '005_member'),
('b45f6ddd-5040-47c1-b8a1-dd1f9c97f190',  '005_member'),
('b4986cbf-2b13-439f-8381-18fa37500665',  '005_member'),
('b5828dbb-c815-4a5a-8034-7173c2257f40',  '005_member'),
('d46f44f7-4f9f-47d8-ac83-a46df738bf59',  '005_member'),
('d5aef6cd-b237-4e1b-a9c0-3d01afba4be9',  '005_member'),
('d61803e5-9e6e-41ac-a4e0-62fdd2c3f073',  '005_member'),
('3af8fb1c-7da1-4bb1-8621-1d6e9f8788ad',  '006_admin'),
('a659b366-baa7-4011-802d-c32b6c1f4c7e',  '006_admin'),
('admin', '006_admin'),
('fbd64bad-5f67-49bf-8e6c-b500470cc53f',  '006_admin'),
('0015609a-1d12-4edc-8720-1b350955fb09',  '006_member'),
('041d540f-9fdb-47e9-b91f-32a8de6baa10',  '006_member'),
('08362041-871d-4260-b3da-87b6c01d64a5',  '006_member'),
('0fe881ac-4c0c-4557-b1e1-c4d1db8faa26',  '006_member'),
('1136e458-dc99-482e-8416-155fec94561b',  '006_member'),
('230ab3b7-464a-4c0d-aa61-1eb783396d7a',  '006_member'),
('2eeb5572-1c8b-41f4-ac1b-4f19b91356e9',  '006_member'),
('4aafbd2b-8f7b-4fe8-85a1-cc1cad2787fd',  '006_member'),
('4c4010de-05d0-44f0-91e8-9fc163df7683',  '006_member'),
('5dfd676c-469d-49d6-bd61-d9885bc10b99',  '006_member'),
('5f514351-4bc6-477b-8c01-811916ed1d5a',  '006_member'),
('633c68ee-0905-4a2e-b4ef-2c175965b569',  '006_member'),
('74497c31-a726-475e-86eb-a95ddfa992b4',  '006_member'),
('76dcd8d2-30cf-4f09-a418-21549fc2797f',  '006_member'),
('866da862-d00f-48be-a381-a16aff4dfaac',  '006_member'),
('898fd90d-ffd0-40ad-a44e-4fbb8b78d492',  '006_member'),
('907521dc-5bb9-4b60-ae66-35820cdc8d4d',  '006_member'),
('95ce902a-2e21-4187-ae88-de0f935a15c2',  '006_member'),
('9b0e8968-210f-4fce-b2e4-1a2c966c369b',  '006_member'),
('b45f6ddd-5040-47c1-b8a1-dd1f9c97f190',  '006_member'),
('b4986cbf-2b13-439f-8381-18fa37500665',  '006_member'),
('b5828dbb-c815-4a5a-8034-7173c2257f40',  '006_member'),
('d46f44f7-4f9f-47d8-ac83-a46df738bf59',  '006_member'),
('d5aef6cd-b237-4e1b-a9c0-3d01afba4be9',  '006_member'),
('d61803e5-9e6e-41ac-a4e0-62fdd2c3f073',  '006_member'),
('3af8fb1c-7da1-4bb1-8621-1d6e9f8788ad',  '007_admin'),
('a659b366-baa7-4011-802d-c32b6c1f4c7e',  '007_admin'),
('admin', '007_admin'),
('fbd64bad-5f67-49bf-8e6c-b500470cc53f',  '007_admin'),
('0015609a-1d12-4edc-8720-1b350955fb09',  '007_member'),
('041d540f-9fdb-47e9-b91f-32a8de6baa10',  '007_member'),
('08362041-871d-4260-b3da-87b6c01d64a5',  '007_member'),
('0fe881ac-4c0c-4557-b1e1-c4d1db8faa26',  '007_member'),
('1136e458-dc99-482e-8416-155fec94561b',  '007_member'),
('230ab3b7-464a-4c0d-aa61-1eb783396d7a',  '007_member'),
('2eeb5572-1c8b-41f4-ac1b-4f19b91356e9',  '007_member'),
('4aafbd2b-8f7b-4fe8-85a1-cc1cad2787fd',  '007_member'),
('4c4010de-05d0-44f0-91e8-9fc163df7683',  '007_member'),
('5dfd676c-469d-49d6-bd61-d9885bc10b99',  '007_member'),
('5f514351-4bc6-477b-8c01-811916ed1d5a',  '007_member'),
('633c68ee-0905-4a2e-b4ef-2c175965b569',  '007_member'),
('74497c31-a726-475e-86eb-a95ddfa992b4',  '007_member'),
('76dcd8d2-30cf-4f09-a418-21549fc2797f',  '007_member'),
('866da862-d00f-48be-a381-a16aff4dfaac',  '007_member'),
('898fd90d-ffd0-40ad-a44e-4fbb8b78d492',  '007_member'),
('907521dc-5bb9-4b60-ae66-35820cdc8d4d',  '007_member'),
('95ce902a-2e21-4187-ae88-de0f935a15c2',  '007_member'),
('9b0e8968-210f-4fce-b2e4-1a2c966c369b',  '007_member'),
('b45f6ddd-5040-47c1-b8a1-dd1f9c97f190',  '007_member'),
('b4986cbf-2b13-439f-8381-18fa37500665',  '007_member'),
('b5828dbb-c815-4a5a-8034-7173c2257f40',  '007_member'),
('d46f44f7-4f9f-47d8-ac83-a46df738bf59',  '007_member'),
('d5aef6cd-b237-4e1b-a9c0-3d01afba4be9',  '007_member'),
('d61803e5-9e6e-41ac-a4e0-62fdd2c3f073',  '007_member'),
('3af8fb1c-7da1-4bb1-8621-1d6e9f8788ad',  '008_admin'),
('a659b366-baa7-4011-802d-c32b6c1f4c7e',  '008_admin'),
('admin', '008_admin'),
('fbd64bad-5f67-49bf-8e6c-b500470cc53f',  '008_admin'),
('0015609a-1d12-4edc-8720-1b350955fb09',  '008_member'),
('041d540f-9fdb-47e9-b91f-32a8de6baa10',  '008_member'),
('08362041-871d-4260-b3da-87b6c01d64a5',  '008_member'),
('0fe881ac-4c0c-4557-b1e1-c4d1db8faa26',  '008_member'),
('1136e458-dc99-482e-8416-155fec94561b',  '008_member'),
('230ab3b7-464a-4c0d-aa61-1eb783396d7a',  '008_member'),
('2eeb5572-1c8b-41f4-ac1b-4f19b91356e9',  '008_member'),
('4aafbd2b-8f7b-4fe8-85a1-cc1cad2787fd',  '008_member'),
('4c4010de-05d0-44f0-91e8-9fc163df7683',  '008_member'),
('5dfd676c-469d-49d6-bd61-d9885bc10b99',  '008_member'),
('5f514351-4bc6-477b-8c01-811916ed1d5a',  '008_member'),
('633c68ee-0905-4a2e-b4ef-2c175965b569',  '008_member'),
('74497c31-a726-475e-86eb-a95ddfa992b4',  '008_member'),
('76dcd8d2-30cf-4f09-a418-21549fc2797f',  '008_member'),
('866da862-d00f-48be-a381-a16aff4dfaac',  '008_member'),
('898fd90d-ffd0-40ad-a44e-4fbb8b78d492',  '008_member'),
('907521dc-5bb9-4b60-ae66-35820cdc8d4d',  '008_member'),
('95ce902a-2e21-4187-ae88-de0f935a15c2',  '008_member'),
('9b0e8968-210f-4fce-b2e4-1a2c966c369b',  '008_member'),
('b45f6ddd-5040-47c1-b8a1-dd1f9c97f190',  '008_member'),
('b4986cbf-2b13-439f-8381-18fa37500665',  '008_member'),
('b5828dbb-c815-4a5a-8034-7173c2257f40',  '008_member'),
('d46f44f7-4f9f-47d8-ac83-a46df738bf59',  '008_member'),
('d5aef6cd-b237-4e1b-a9c0-3d01afba4be9',  '008_member'),
('d61803e5-9e6e-41ac-a4e0-62fdd2c3f073',  '008_member'),
('3af8fb1c-7da1-4bb1-8621-1d6e9f8788ad',  '009_admin'),
('a659b366-baa7-4011-802d-c32b6c1f4c7e',  '009_admin'),
('admin', '009_admin'),
('fbd64bad-5f67-49bf-8e6c-b500470cc53f',  '009_admin'),
('0015609a-1d12-4edc-8720-1b350955fb09',  '009_member'),
('041d540f-9fdb-47e9-b91f-32a8de6baa10',  '009_member'),
('08362041-871d-4260-b3da-87b6c01d64a5',  '009_member'),
('0fe881ac-4c0c-4557-b1e1-c4d1db8faa26',  '009_member'),
('1136e458-dc99-482e-8416-155fec94561b',  '009_member'),
('230ab3b7-464a-4c0d-aa61-1eb783396d7a',  '009_member'),
('2eeb5572-1c8b-41f4-ac1b-4f19b91356e9',  '009_member'),
('4aafbd2b-8f7b-4fe8-85a1-cc1cad2787fd',  '009_member'),
('4c4010de-05d0-44f0-91e8-9fc163df7683',  '009_member'),
('5dfd676c-469d-49d6-bd61-d9885bc10b99',  '009_member'),
('5f514351-4bc6-477b-8c01-811916ed1d5a',  '009_member'),
('633c68ee-0905-4a2e-b4ef-2c175965b569',  '009_member'),
('74497c31-a726-475e-86eb-a95ddfa992b4',  '009_member'),
('76dcd8d2-30cf-4f09-a418-21549fc2797f',  '009_member'),
('866da862-d00f-48be-a381-a16aff4dfaac',  '009_member'),
('898fd90d-ffd0-40ad-a44e-4fbb8b78d492',  '009_member'),
('907521dc-5bb9-4b60-ae66-35820cdc8d4d',  '009_member'),
('95ce902a-2e21-4187-ae88-de0f935a15c2',  '009_member'),
('9b0e8968-210f-4fce-b2e4-1a2c966c369b',  '009_member'),
('b45f6ddd-5040-47c1-b8a1-dd1f9c97f190',  '009_member'),
('b4986cbf-2b13-439f-8381-18fa37500665',  '009_member'),
('b5828dbb-c815-4a5a-8034-7173c2257f40',  '009_member'),
('d46f44f7-4f9f-47d8-ac83-a46df738bf59',  '009_member'),
('d5aef6cd-b237-4e1b-a9c0-3d01afba4be9',  '009_member'),
('d61803e5-9e6e-41ac-a4e0-62fdd2c3f073',  '009_member'),
('3af8fb1c-7da1-4bb1-8621-1d6e9f8788ad',  '010_admin'),
('a659b366-baa7-4011-802d-c32b6c1f4c7e',  '010_admin'),
('admin', '010_admin'),
('fbd64bad-5f67-49bf-8e6c-b500470cc53f',  '010_admin'),
('0015609a-1d12-4edc-8720-1b350955fb09',  '010_member'),
('041d540f-9fdb-47e9-b91f-32a8de6baa10',  '010_member'),
('08362041-871d-4260-b3da-87b6c01d64a5',  '010_member'),
('0fe881ac-4c0c-4557-b1e1-c4d1db8faa26',  '010_member'),
('1136e458-dc99-482e-8416-155fec94561b',  '010_member'),
('230ab3b7-464a-4c0d-aa61-1eb783396d7a',  '010_member'),
('2eeb5572-1c8b-41f4-ac1b-4f19b91356e9',  '010_member'),
('4aafbd2b-8f7b-4fe8-85a1-cc1cad2787fd',  '010_member'),
('4c4010de-05d0-44f0-91e8-9fc163df7683',  '010_member'),
('5dfd676c-469d-49d6-bd61-d9885bc10b99',  '010_member'),
('5f514351-4bc6-477b-8c01-811916ed1d5a',  '010_member'),
('633c68ee-0905-4a2e-b4ef-2c175965b569',  '010_member'),
('74497c31-a726-475e-86eb-a95ddfa992b4',  '010_member'),
('76dcd8d2-30cf-4f09-a418-21549fc2797f',  '010_member'),
('866da862-d00f-48be-a381-a16aff4dfaac',  '010_member'),
('898fd90d-ffd0-40ad-a44e-4fbb8b78d492',  '010_member'),
('907521dc-5bb9-4b60-ae66-35820cdc8d4d',  '010_member'),
('95ce902a-2e21-4187-ae88-de0f935a15c2',  '010_member'),
('9b0e8968-210f-4fce-b2e4-1a2c966c369b',  '010_member'),
('b45f6ddd-5040-47c1-b8a1-dd1f9c97f190',  '010_member'),
('b4986cbf-2b13-439f-8381-18fa37500665',  '010_member'),
('b5828dbb-c815-4a5a-8034-7173c2257f40',  '010_member'),
('d46f44f7-4f9f-47d8-ac83-a46df738bf59',  '010_member'),
('d5aef6cd-b237-4e1b-a9c0-3d01afba4be9',  '010_member'),
('d61803e5-9e6e-41ac-a4e0-62fdd2c3f073',  '010_member'),
('3af8fb1c-7da1-4bb1-8621-1d6e9f8788ad',  '011_admin'),
('a659b366-baa7-4011-802d-c32b6c1f4c7e',  '011_admin'),
('admin', '011_admin'),
('fbd64bad-5f67-49bf-8e6c-b500470cc53f',  '011_admin'),
('0015609a-1d12-4edc-8720-1b350955fb09',  '011_member'),
('041d540f-9fdb-47e9-b91f-32a8de6baa10',  '011_member'),
('08362041-871d-4260-b3da-87b6c01d64a5',  '011_member'),
('0fe881ac-4c0c-4557-b1e1-c4d1db8faa26',  '011_member'),
('1136e458-dc99-482e-8416-155fec94561b',  '011_member'),
('230ab3b7-464a-4c0d-aa61-1eb783396d7a',  '011_member'),
('2eeb5572-1c8b-41f4-ac1b-4f19b91356e9',  '011_member'),
('4aafbd2b-8f7b-4fe8-85a1-cc1cad2787fd',  '011_member'),
('4c4010de-05d0-44f0-91e8-9fc163df7683',  '011_member'),
('5dfd676c-469d-49d6-bd61-d9885bc10b99',  '011_member'),
('5f514351-4bc6-477b-8c01-811916ed1d5a',  '011_member'),
('633c68ee-0905-4a2e-b4ef-2c175965b569',  '011_member'),
('74497c31-a726-475e-86eb-a95ddfa992b4',  '011_member'),
('76dcd8d2-30cf-4f09-a418-21549fc2797f',  '011_member'),
('866da862-d00f-48be-a381-a16aff4dfaac',  '011_member'),
('898fd90d-ffd0-40ad-a44e-4fbb8b78d492',  '011_member'),
('907521dc-5bb9-4b60-ae66-35820cdc8d4d',  '011_member'),
('95ce902a-2e21-4187-ae88-de0f935a15c2',  '011_member'),
('9b0e8968-210f-4fce-b2e4-1a2c966c369b',  '011_member'),
('b45f6ddd-5040-47c1-b8a1-dd1f9c97f190',  '011_member'),
('b4986cbf-2b13-439f-8381-18fa37500665',  '011_member'),
('b5828dbb-c815-4a5a-8034-7173c2257f40',  '011_member'),
('d46f44f7-4f9f-47d8-ac83-a46df738bf59',  '011_member'),
('d5aef6cd-b237-4e1b-a9c0-3d01afba4be9',  '011_member'),
('d61803e5-9e6e-41ac-a4e0-62fdd2c3f073',  '011_member'),
('3af8fb1c-7da1-4bb1-8621-1d6e9f8788ad',  '012_admin'),
('a659b366-baa7-4011-802d-c32b6c1f4c7e',  '012_admin'),
('admin', '012_admin'),
('fbd64bad-5f67-49bf-8e6c-b500470cc53f',  '012_admin'),
('0015609a-1d12-4edc-8720-1b350955fb09',  '012_member'),
('041d540f-9fdb-47e9-b91f-32a8de6baa10',  '012_member'),
('08362041-871d-4260-b3da-87b6c01d64a5',  '012_member'),
('0fe881ac-4c0c-4557-b1e1-c4d1db8faa26',  '012_member'),
('1136e458-dc99-482e-8416-155fec94561b',  '012_member'),
('230ab3b7-464a-4c0d-aa61-1eb783396d7a',  '012_member'),
('2eeb5572-1c8b-41f4-ac1b-4f19b91356e9',  '012_member'),
('4aafbd2b-8f7b-4fe8-85a1-cc1cad2787fd',  '012_member'),
('4c4010de-05d0-44f0-91e8-9fc163df7683',  '012_member'),
('5dfd676c-469d-49d6-bd61-d9885bc10b99',  '012_member'),
('5f514351-4bc6-477b-8c01-811916ed1d5a',  '012_member'),
('633c68ee-0905-4a2e-b4ef-2c175965b569',  '012_member'),
('74497c31-a726-475e-86eb-a95ddfa992b4',  '012_member'),
('76dcd8d2-30cf-4f09-a418-21549fc2797f',  '012_member'),
('866da862-d00f-48be-a381-a16aff4dfaac',  '012_member'),
('898fd90d-ffd0-40ad-a44e-4fbb8b78d492',  '012_member'),
('907521dc-5bb9-4b60-ae66-35820cdc8d4d',  '012_member'),
('95ce902a-2e21-4187-ae88-de0f935a15c2',  '012_member'),
('9b0e8968-210f-4fce-b2e4-1a2c966c369b',  '012_member'),
('b45f6ddd-5040-47c1-b8a1-dd1f9c97f190',  '012_member'),
('b4986cbf-2b13-439f-8381-18fa37500665',  '012_member'),
('b5828dbb-c815-4a5a-8034-7173c2257f40',  '012_member'),
('d46f44f7-4f9f-47d8-ac83-a46df738bf59',  '012_member'),
('d5aef6cd-b237-4e1b-a9c0-3d01afba4be9',  '012_member'),
('d61803e5-9e6e-41ac-a4e0-62fdd2c3f073',  '012_member'),
('3af8fb1c-7da1-4bb1-8621-1d6e9f8788ad',  '013_admin'),
('a659b366-baa7-4011-802d-c32b6c1f4c7e',  '013_admin'),
('admin', '013_admin'),
('fbd64bad-5f67-49bf-8e6c-b500470cc53f',  '013_admin'),
('0015609a-1d12-4edc-8720-1b350955fb09',  '013_member'),
('041d540f-9fdb-47e9-b91f-32a8de6baa10',  '013_member'),
('08362041-871d-4260-b3da-87b6c01d64a5',  '013_member'),
('0fe881ac-4c0c-4557-b1e1-c4d1db8faa26',  '013_member'),
('1136e458-dc99-482e-8416-155fec94561b',  '013_member'),
('230ab3b7-464a-4c0d-aa61-1eb783396d7a',  '013_member'),
('2eeb5572-1c8b-41f4-ac1b-4f19b91356e9',  '013_member'),
('4aafbd2b-8f7b-4fe8-85a1-cc1cad2787fd',  '013_member'),
('4c4010de-05d0-44f0-91e8-9fc163df7683',  '013_member'),
('5dfd676c-469d-49d6-bd61-d9885bc10b99',  '013_member'),
('5f514351-4bc6-477b-8c01-811916ed1d5a',  '013_member'),
('633c68ee-0905-4a2e-b4ef-2c175965b569',  '013_member'),
('74497c31-a726-475e-86eb-a95ddfa992b4',  '013_member'),
('76dcd8d2-30cf-4f09-a418-21549fc2797f',  '013_member'),
('866da862-d00f-48be-a381-a16aff4dfaac',  '013_member'),
('898fd90d-ffd0-40ad-a44e-4fbb8b78d492',  '013_member'),
('907521dc-5bb9-4b60-ae66-35820cdc8d4d',  '013_member'),
('95ce902a-2e21-4187-ae88-de0f935a15c2',  '013_member'),
('9b0e8968-210f-4fce-b2e4-1a2c966c369b',  '013_member'),
('b45f6ddd-5040-47c1-b8a1-dd1f9c97f190',  '013_member'),
('b4986cbf-2b13-439f-8381-18fa37500665',  '013_member'),
('b5828dbb-c815-4a5a-8034-7173c2257f40',  '013_member'),
('d46f44f7-4f9f-47d8-ac83-a46df738bf59',  '013_member'),
('d5aef6cd-b237-4e1b-a9c0-3d01afba4be9',  '013_member'),
('d61803e5-9e6e-41ac-a4e0-62fdd2c3f073',  '013_member'),
('3af8fb1c-7da1-4bb1-8621-1d6e9f8788ad',  '014_admin'),
('a659b366-baa7-4011-802d-c32b6c1f4c7e',  '014_admin'),
('admin', '014_admin'),
('fbd64bad-5f67-49bf-8e6c-b500470cc53f',  '014_admin'),
('0015609a-1d12-4edc-8720-1b350955fb09',  '014_member'),
('041d540f-9fdb-47e9-b91f-32a8de6baa10',  '014_member'),
('08362041-871d-4260-b3da-87b6c01d64a5',  '014_member'),
('0fe881ac-4c0c-4557-b1e1-c4d1db8faa26',  '014_member'),
('1136e458-dc99-482e-8416-155fec94561b',  '014_member'),
('230ab3b7-464a-4c0d-aa61-1eb783396d7a',  '014_member'),
('2eeb5572-1c8b-41f4-ac1b-4f19b91356e9',  '014_member'),
('4aafbd2b-8f7b-4fe8-85a1-cc1cad2787fd',  '014_member'),
('4c4010de-05d0-44f0-91e8-9fc163df7683',  '014_member'),
('5dfd676c-469d-49d6-bd61-d9885bc10b99',  '014_member'),
('5f514351-4bc6-477b-8c01-811916ed1d5a',  '014_member'),
('633c68ee-0905-4a2e-b4ef-2c175965b569',  '014_member'),
('74497c31-a726-475e-86eb-a95ddfa992b4',  '014_member'),
('76dcd8d2-30cf-4f09-a418-21549fc2797f',  '014_member'),
('866da862-d00f-48be-a381-a16aff4dfaac',  '014_member'),
('898fd90d-ffd0-40ad-a44e-4fbb8b78d492',  '014_member'),
('907521dc-5bb9-4b60-ae66-35820cdc8d4d',  '014_member'),
('95ce902a-2e21-4187-ae88-de0f935a15c2',  '014_member'),
('9b0e8968-210f-4fce-b2e4-1a2c966c369b',  '014_member'),
('b45f6ddd-5040-47c1-b8a1-dd1f9c97f190',  '014_member'),
('b4986cbf-2b13-439f-8381-18fa37500665',  '014_member'),
('b5828dbb-c815-4a5a-8034-7173c2257f40',  '014_member'),
('d46f44f7-4f9f-47d8-ac83-a46df738bf59',  '014_member'),
('d5aef6cd-b237-4e1b-a9c0-3d01afba4be9',  '014_member'),
('d61803e5-9e6e-41ac-a4e0-62fdd2c3f073',  '014_member'),
('3af8fb1c-7da1-4bb1-8621-1d6e9f8788ad',  '015_admin'),
('a659b366-baa7-4011-802d-c32b6c1f4c7e',  '015_admin'),
('admin', '015_admin'),
('fbd64bad-5f67-49bf-8e6c-b500470cc53f',  '015_admin'),
('0015609a-1d12-4edc-8720-1b350955fb09',  '015_member'),
('041d540f-9fdb-47e9-b91f-32a8de6baa10',  '015_member'),
('08362041-871d-4260-b3da-87b6c01d64a5',  '015_member'),
('0fe881ac-4c0c-4557-b1e1-c4d1db8faa26',  '015_member'),
('1136e458-dc99-482e-8416-155fec94561b',  '015_member'),
('230ab3b7-464a-4c0d-aa61-1eb783396d7a',  '015_member'),
('2eeb5572-1c8b-41f4-ac1b-4f19b91356e9',  '015_member'),
('4aafbd2b-8f7b-4fe8-85a1-cc1cad2787fd',  '015_member'),
('4c4010de-05d0-44f0-91e8-9fc163df7683',  '015_member'),
('5dfd676c-469d-49d6-bd61-d9885bc10b99',  '015_member'),
('5f514351-4bc6-477b-8c01-811916ed1d5a',  '015_member'),
('633c68ee-0905-4a2e-b4ef-2c175965b569',  '015_member'),
('74497c31-a726-475e-86eb-a95ddfa992b4',  '015_member'),
('76dcd8d2-30cf-4f09-a418-21549fc2797f',  '015_member'),
('866da862-d00f-48be-a381-a16aff4dfaac',  '015_member'),
('898fd90d-ffd0-40ad-a44e-4fbb8b78d492',  '015_member'),
('907521dc-5bb9-4b60-ae66-35820cdc8d4d',  '015_member'),
('95ce902a-2e21-4187-ae88-de0f935a15c2',  '015_member'),
('9b0e8968-210f-4fce-b2e4-1a2c966c369b',  '015_member'),
('b45f6ddd-5040-47c1-b8a1-dd1f9c97f190',  '015_member'),
('b4986cbf-2b13-439f-8381-18fa37500665',  '015_member'),
('b5828dbb-c815-4a5a-8034-7173c2257f40',  '015_member'),
('d46f44f7-4f9f-47d8-ac83-a46df738bf59',  '015_member'),
('d5aef6cd-b237-4e1b-a9c0-3d01afba4be9',  '015_member'),
('d61803e5-9e6e-41ac-a4e0-62fdd2c3f073',  '015_member'),
('3af8fb1c-7da1-4bb1-8621-1d6e9f8788ad',  '016_admin'),
('a659b366-baa7-4011-802d-c32b6c1f4c7e',  '016_admin'),
('admin', '016_admin'),
('fbd64bad-5f67-49bf-8e6c-b500470cc53f',  '016_admin'),
('0015609a-1d12-4edc-8720-1b350955fb09',  '016_member'),
('041d540f-9fdb-47e9-b91f-32a8de6baa10',  '016_member'),
('08362041-871d-4260-b3da-87b6c01d64a5',  '016_member'),
('0fe881ac-4c0c-4557-b1e1-c4d1db8faa26',  '016_member'),
('1136e458-dc99-482e-8416-155fec94561b',  '016_member'),
('230ab3b7-464a-4c0d-aa61-1eb783396d7a',  '016_member'),
('2eeb5572-1c8b-41f4-ac1b-4f19b91356e9',  '016_member'),
('4aafbd2b-8f7b-4fe8-85a1-cc1cad2787fd',  '016_member'),
('4c4010de-05d0-44f0-91e8-9fc163df7683',  '016_member'),
('5dfd676c-469d-49d6-bd61-d9885bc10b99',  '016_member'),
('5f514351-4bc6-477b-8c01-811916ed1d5a',  '016_member'),
('633c68ee-0905-4a2e-b4ef-2c175965b569',  '016_member'),
('74497c31-a726-475e-86eb-a95ddfa992b4',  '016_member'),
('76dcd8d2-30cf-4f09-a418-21549fc2797f',  '016_member'),
('866da862-d00f-48be-a381-a16aff4dfaac',  '016_member'),
('898fd90d-ffd0-40ad-a44e-4fbb8b78d492',  '016_member'),
('907521dc-5bb9-4b60-ae66-35820cdc8d4d',  '016_member'),
('95ce902a-2e21-4187-ae88-de0f935a15c2',  '016_member'),
('9b0e8968-210f-4fce-b2e4-1a2c966c369b',  '016_member'),
('b45f6ddd-5040-47c1-b8a1-dd1f9c97f190',  '016_member'),
('b4986cbf-2b13-439f-8381-18fa37500665',  '016_member'),
('b5828dbb-c815-4a5a-8034-7173c2257f40',  '016_member'),
('d46f44f7-4f9f-47d8-ac83-a46df738bf59',  '016_member'),
('d5aef6cd-b237-4e1b-a9c0-3d01afba4be9',  '016_member'),
('d61803e5-9e6e-41ac-a4e0-62fdd2c3f073',  '016_member'),
('3af8fb1c-7da1-4bb1-8621-1d6e9f8788ad',  '017_admin'),
('a659b366-baa7-4011-802d-c32b6c1f4c7e',  '017_admin'),
('admin', '017_admin'),
('fbd64bad-5f67-49bf-8e6c-b500470cc53f',  '017_admin'),
('0015609a-1d12-4edc-8720-1b350955fb09',  '017_member'),
('041d540f-9fdb-47e9-b91f-32a8de6baa10',  '017_member'),
('08362041-871d-4260-b3da-87b6c01d64a5',  '017_member'),
('0fe881ac-4c0c-4557-b1e1-c4d1db8faa26',  '017_member'),
('1136e458-dc99-482e-8416-155fec94561b',  '017_member'),
('230ab3b7-464a-4c0d-aa61-1eb783396d7a',  '017_member'),
('2eeb5572-1c8b-41f4-ac1b-4f19b91356e9',  '017_member'),
('4aafbd2b-8f7b-4fe8-85a1-cc1cad2787fd',  '017_member'),
('4c4010de-05d0-44f0-91e8-9fc163df7683',  '017_member'),
('5dfd676c-469d-49d6-bd61-d9885bc10b99',  '017_member'),
('5f514351-4bc6-477b-8c01-811916ed1d5a',  '017_member'),
('633c68ee-0905-4a2e-b4ef-2c175965b569',  '017_member'),
('74497c31-a726-475e-86eb-a95ddfa992b4',  '017_member'),
('76dcd8d2-30cf-4f09-a418-21549fc2797f',  '017_member'),
('866da862-d00f-48be-a381-a16aff4dfaac',  '017_member'),
('898fd90d-ffd0-40ad-a44e-4fbb8b78d492',  '017_member'),
('907521dc-5bb9-4b60-ae66-35820cdc8d4d',  '017_member'),
('95ce902a-2e21-4187-ae88-de0f935a15c2',  '017_member'),
('9b0e8968-210f-4fce-b2e4-1a2c966c369b',  '017_member'),
('b45f6ddd-5040-47c1-b8a1-dd1f9c97f190',  '017_member'),
('b4986cbf-2b13-439f-8381-18fa37500665',  '017_member'),
('b5828dbb-c815-4a5a-8034-7173c2257f40',  '017_member'),
('d46f44f7-4f9f-47d8-ac83-a46df738bf59',  '017_member'),
('d5aef6cd-b237-4e1b-a9c0-3d01afba4be9',  '017_member'),
('d61803e5-9e6e-41ac-a4e0-62fdd2c3f073',  '017_member'),
('3af8fb1c-7da1-4bb1-8621-1d6e9f8788ad',  '018_admin'),
('a659b366-baa7-4011-802d-c32b6c1f4c7e',  '018_admin'),
('admin', '018_admin'),
('fbd64bad-5f67-49bf-8e6c-b500470cc53f',  '018_admin'),
('0015609a-1d12-4edc-8720-1b350955fb09',  '018_member'),
('041d540f-9fdb-47e9-b91f-32a8de6baa10',  '018_member'),
('08362041-871d-4260-b3da-87b6c01d64a5',  '018_member'),
('0fe881ac-4c0c-4557-b1e1-c4d1db8faa26',  '018_member'),
('1136e458-dc99-482e-8416-155fec94561b',  '018_member'),
('230ab3b7-464a-4c0d-aa61-1eb783396d7a',  '018_member'),
('2eeb5572-1c8b-41f4-ac1b-4f19b91356e9',  '018_member'),
('4aafbd2b-8f7b-4fe8-85a1-cc1cad2787fd',  '018_member'),
('4c4010de-05d0-44f0-91e8-9fc163df7683',  '018_member'),
('5dfd676c-469d-49d6-bd61-d9885bc10b99',  '018_member'),
('5f514351-4bc6-477b-8c01-811916ed1d5a',  '018_member'),
('633c68ee-0905-4a2e-b4ef-2c175965b569',  '018_member'),
('74497c31-a726-475e-86eb-a95ddfa992b4',  '018_member'),
('76dcd8d2-30cf-4f09-a418-21549fc2797f',  '018_member'),
('866da862-d00f-48be-a381-a16aff4dfaac',  '018_member'),
('898fd90d-ffd0-40ad-a44e-4fbb8b78d492',  '018_member'),
('907521dc-5bb9-4b60-ae66-35820cdc8d4d',  '018_member'),
('95ce902a-2e21-4187-ae88-de0f935a15c2',  '018_member'),
('9b0e8968-210f-4fce-b2e4-1a2c966c369b',  '018_member'),
('b45f6ddd-5040-47c1-b8a1-dd1f9c97f190',  '018_member'),
('b4986cbf-2b13-439f-8381-18fa37500665',  '018_member'),
('b5828dbb-c815-4a5a-8034-7173c2257f40',  '018_member'),
('d46f44f7-4f9f-47d8-ac83-a46df738bf59',  '018_member'),
('d5aef6cd-b237-4e1b-a9c0-3d01afba4be9',  '018_member'),
('d61803e5-9e6e-41ac-a4e0-62fdd2c3f073',  '018_member'),
('3af8fb1c-7da1-4bb1-8621-1d6e9f8788ad',  '019_admin'),
('a659b366-baa7-4011-802d-c32b6c1f4c7e',  '019_admin'),
('admin', '019_admin'),
('fbd64bad-5f67-49bf-8e6c-b500470cc53f',  '019_admin'),
('0015609a-1d12-4edc-8720-1b350955fb09',  '019_member'),
('041d540f-9fdb-47e9-b91f-32a8de6baa10',  '019_member'),
('08362041-871d-4260-b3da-87b6c01d64a5',  '019_member'),
('0fe881ac-4c0c-4557-b1e1-c4d1db8faa26',  '019_member'),
('1136e458-dc99-482e-8416-155fec94561b',  '019_member'),
('230ab3b7-464a-4c0d-aa61-1eb783396d7a',  '019_member'),
('2eeb5572-1c8b-41f4-ac1b-4f19b91356e9',  '019_member'),
('4aafbd2b-8f7b-4fe8-85a1-cc1cad2787fd',  '019_member'),
('4c4010de-05d0-44f0-91e8-9fc163df7683',  '019_member'),
('5dfd676c-469d-49d6-bd61-d9885bc10b99',  '019_member'),
('5f514351-4bc6-477b-8c01-811916ed1d5a',  '019_member'),
('633c68ee-0905-4a2e-b4ef-2c175965b569',  '019_member'),
('74497c31-a726-475e-86eb-a95ddfa992b4',  '019_member'),
('76dcd8d2-30cf-4f09-a418-21549fc2797f',  '019_member'),
('866da862-d00f-48be-a381-a16aff4dfaac',  '019_member'),
('898fd90d-ffd0-40ad-a44e-4fbb8b78d492',  '019_member'),
('907521dc-5bb9-4b60-ae66-35820cdc8d4d',  '019_member'),
('95ce902a-2e21-4187-ae88-de0f935a15c2',  '019_member'),
('9b0e8968-210f-4fce-b2e4-1a2c966c369b',  '019_member'),
('b45f6ddd-5040-47c1-b8a1-dd1f9c97f190',  '019_member'),
('b4986cbf-2b13-439f-8381-18fa37500665',  '019_member'),
('b5828dbb-c815-4a5a-8034-7173c2257f40',  '019_member'),
('d46f44f7-4f9f-47d8-ac83-a46df738bf59',  '019_member'),
('d5aef6cd-b237-4e1b-a9c0-3d01afba4be9',  '019_member'),
('d61803e5-9e6e-41ac-a4e0-62fdd2c3f073',  '019_member'),
('3af8fb1c-7da1-4bb1-8621-1d6e9f8788ad',  '020_admin'),
('a659b366-baa7-4011-802d-c32b6c1f4c7e',  '020_admin'),
('admin', '020_admin'),
('fbd64bad-5f67-49bf-8e6c-b500470cc53f',  '020_admin'),
('0015609a-1d12-4edc-8720-1b350955fb09',  '020_member'),
('041d540f-9fdb-47e9-b91f-32a8de6baa10',  '020_member'),
('08362041-871d-4260-b3da-87b6c01d64a5',  '020_member'),
('0fe881ac-4c0c-4557-b1e1-c4d1db8faa26',  '020_member'),
('1136e458-dc99-482e-8416-155fec94561b',  '020_member'),
('230ab3b7-464a-4c0d-aa61-1eb783396d7a',  '020_member'),
('2eeb5572-1c8b-41f4-ac1b-4f19b91356e9',  '020_member'),
('4aafbd2b-8f7b-4fe8-85a1-cc1cad2787fd',  '020_member'),
('4c4010de-05d0-44f0-91e8-9fc163df7683',  '020_member'),
('5dfd676c-469d-49d6-bd61-d9885bc10b99',  '020_member'),
('5f514351-4bc6-477b-8c01-811916ed1d5a',  '020_member'),
('633c68ee-0905-4a2e-b4ef-2c175965b569',  '020_member'),
('74497c31-a726-475e-86eb-a95ddfa992b4',  '020_member'),
('76dcd8d2-30cf-4f09-a418-21549fc2797f',  '020_member'),
('866da862-d00f-48be-a381-a16aff4dfaac',  '020_member'),
('898fd90d-ffd0-40ad-a44e-4fbb8b78d492',  '020_member'),
('907521dc-5bb9-4b60-ae66-35820cdc8d4d',  '020_member'),
('95ce902a-2e21-4187-ae88-de0f935a15c2',  '020_member'),
('9b0e8968-210f-4fce-b2e4-1a2c966c369b',  '020_member'),
('b45f6ddd-5040-47c1-b8a1-dd1f9c97f190',  '020_member'),
('b4986cbf-2b13-439f-8381-18fa37500665',  '020_member'),
('b5828dbb-c815-4a5a-8034-7173c2257f40',  '020_member'),
('d46f44f7-4f9f-47d8-ac83-a46df738bf59',  '020_member'),
('d5aef6cd-b237-4e1b-a9c0-3d01afba4be9',  '020_member'),
('d61803e5-9e6e-41ac-a4e0-62fdd2c3f073',  '020_member'),
('3af8fb1c-7da1-4bb1-8621-1d6e9f8788ad',  '021_admin'),
('a659b366-baa7-4011-802d-c32b6c1f4c7e',  '021_admin'),
('admin', '021_admin'),
('fbd64bad-5f67-49bf-8e6c-b500470cc53f',  '021_admin'),
('0015609a-1d12-4edc-8720-1b350955fb09',  '021_member'),
('041d540f-9fdb-47e9-b91f-32a8de6baa10',  '021_member'),
('08362041-871d-4260-b3da-87b6c01d64a5',  '021_member'),
('0fe881ac-4c0c-4557-b1e1-c4d1db8faa26',  '021_member'),
('1136e458-dc99-482e-8416-155fec94561b',  '021_member'),
('230ab3b7-464a-4c0d-aa61-1eb783396d7a',  '021_member'),
('2eeb5572-1c8b-41f4-ac1b-4f19b91356e9',  '021_member'),
('4aafbd2b-8f7b-4fe8-85a1-cc1cad2787fd',  '021_member'),
('4c4010de-05d0-44f0-91e8-9fc163df7683',  '021_member'),
('5dfd676c-469d-49d6-bd61-d9885bc10b99',  '021_member'),
('5f514351-4bc6-477b-8c01-811916ed1d5a',  '021_member'),
('633c68ee-0905-4a2e-b4ef-2c175965b569',  '021_member'),
('74497c31-a726-475e-86eb-a95ddfa992b4',  '021_member'),
('76dcd8d2-30cf-4f09-a418-21549fc2797f',  '021_member'),
('866da862-d00f-48be-a381-a16aff4dfaac',  '021_member'),
('898fd90d-ffd0-40ad-a44e-4fbb8b78d492',  '021_member'),
('907521dc-5bb9-4b60-ae66-35820cdc8d4d',  '021_member'),
('95ce902a-2e21-4187-ae88-de0f935a15c2',  '021_member'),
('9b0e8968-210f-4fce-b2e4-1a2c966c369b',  '021_member'),
('b45f6ddd-5040-47c1-b8a1-dd1f9c97f190',  '021_member'),
('b4986cbf-2b13-439f-8381-18fa37500665',  '021_member'),
('b5828dbb-c815-4a5a-8034-7173c2257f40',  '021_member'),
('d46f44f7-4f9f-47d8-ac83-a46df738bf59',  '021_member'),
('d5aef6cd-b237-4e1b-a9c0-3d01afba4be9',  '021_member'),
('d61803e5-9e6e-41ac-a4e0-62fdd2c3f073',  '021_member'),
('3af8fb1c-7da1-4bb1-8621-1d6e9f8788ad',  '022_admin'),
('a659b366-baa7-4011-802d-c32b6c1f4c7e',  '022_admin'),
('admin', '022_admin'),
('fbd64bad-5f67-49bf-8e6c-b500470cc53f',  '022_admin'),
('0015609a-1d12-4edc-8720-1b350955fb09',  '022_member'),
('041d540f-9fdb-47e9-b91f-32a8de6baa10',  '022_member'),
('08362041-871d-4260-b3da-87b6c01d64a5',  '022_member'),
('0fe881ac-4c0c-4557-b1e1-c4d1db8faa26',  '022_member'),
('1136e458-dc99-482e-8416-155fec94561b',  '022_member'),
('230ab3b7-464a-4c0d-aa61-1eb783396d7a',  '022_member'),
('2eeb5572-1c8b-41f4-ac1b-4f19b91356e9',  '022_member'),
('4aafbd2b-8f7b-4fe8-85a1-cc1cad2787fd',  '022_member'),
('4c4010de-05d0-44f0-91e8-9fc163df7683',  '022_member'),
('5dfd676c-469d-49d6-bd61-d9885bc10b99',  '022_member'),
('5f514351-4bc6-477b-8c01-811916ed1d5a',  '022_member'),
('633c68ee-0905-4a2e-b4ef-2c175965b569',  '022_member'),
('74497c31-a726-475e-86eb-a95ddfa992b4',  '022_member'),
('76dcd8d2-30cf-4f09-a418-21549fc2797f',  '022_member'),
('866da862-d00f-48be-a381-a16aff4dfaac',  '022_member'),
('898fd90d-ffd0-40ad-a44e-4fbb8b78d492',  '022_member'),
('907521dc-5bb9-4b60-ae66-35820cdc8d4d',  '022_member'),
('95ce902a-2e21-4187-ae88-de0f935a15c2',  '022_member'),
('9b0e8968-210f-4fce-b2e4-1a2c966c369b',  '022_member'),
('b45f6ddd-5040-47c1-b8a1-dd1f9c97f190',  '022_member'),
('b4986cbf-2b13-439f-8381-18fa37500665',  '022_member'),
('b5828dbb-c815-4a5a-8034-7173c2257f40',  '022_member'),
('d46f44f7-4f9f-47d8-ac83-a46df738bf59',  '022_member'),
('d5aef6cd-b237-4e1b-a9c0-3d01afba4be9',  '022_member'),
('d61803e5-9e6e-41ac-a4e0-62fdd2c3f073',  '022_member'),
('3af8fb1c-7da1-4bb1-8621-1d6e9f8788ad',  '023_admin'),
('a659b366-baa7-4011-802d-c32b6c1f4c7e',  '023_admin'),
('admin', '023_admin'),
('fbd64bad-5f67-49bf-8e6c-b500470cc53f',  '023_admin'),
('0015609a-1d12-4edc-8720-1b350955fb09',  '023_member'),
('041d540f-9fdb-47e9-b91f-32a8de6baa10',  '023_member'),
('08362041-871d-4260-b3da-87b6c01d64a5',  '023_member'),
('0fe881ac-4c0c-4557-b1e1-c4d1db8faa26',  '023_member'),
('1136e458-dc99-482e-8416-155fec94561b',  '023_member'),
('230ab3b7-464a-4c0d-aa61-1eb783396d7a',  '023_member'),
('2eeb5572-1c8b-41f4-ac1b-4f19b91356e9',  '023_member'),
('4aafbd2b-8f7b-4fe8-85a1-cc1cad2787fd',  '023_member'),
('4c4010de-05d0-44f0-91e8-9fc163df7683',  '023_member'),
('5dfd676c-469d-49d6-bd61-d9885bc10b99',  '023_member'),
('5f514351-4bc6-477b-8c01-811916ed1d5a',  '023_member'),
('633c68ee-0905-4a2e-b4ef-2c175965b569',  '023_member'),
('74497c31-a726-475e-86eb-a95ddfa992b4',  '023_member'),
('76dcd8d2-30cf-4f09-a418-21549fc2797f',  '023_member'),
('866da862-d00f-48be-a381-a16aff4dfaac',  '023_member'),
('898fd90d-ffd0-40ad-a44e-4fbb8b78d492',  '023_member'),
('907521dc-5bb9-4b60-ae66-35820cdc8d4d',  '023_member'),
('95ce902a-2e21-4187-ae88-de0f935a15c2',  '023_member'),
('9b0e8968-210f-4fce-b2e4-1a2c966c369b',  '023_member'),
('b45f6ddd-5040-47c1-b8a1-dd1f9c97f190',  '023_member'),
('b4986cbf-2b13-439f-8381-18fa37500665',  '023_member'),
('b5828dbb-c815-4a5a-8034-7173c2257f40',  '023_member'),
('d46f44f7-4f9f-47d8-ac83-a46df738bf59',  '023_member'),
('d5aef6cd-b237-4e1b-a9c0-3d01afba4be9',  '023_member'),
('d61803e5-9e6e-41ac-a4e0-62fdd2c3f073',  '023_member'),
('3af8fb1c-7da1-4bb1-8621-1d6e9f8788ad',  '024_admin'),
('a659b366-baa7-4011-802d-c32b6c1f4c7e',  '024_admin'),
('admin', '024_admin'),
('fbd64bad-5f67-49bf-8e6c-b500470cc53f',  '024_admin'),
('0015609a-1d12-4edc-8720-1b350955fb09',  '024_member'),
('041d540f-9fdb-47e9-b91f-32a8de6baa10',  '024_member'),
('08362041-871d-4260-b3da-87b6c01d64a5',  '024_member'),
('0fe881ac-4c0c-4557-b1e1-c4d1db8faa26',  '024_member'),
('1136e458-dc99-482e-8416-155fec94561b',  '024_member'),
('230ab3b7-464a-4c0d-aa61-1eb783396d7a',  '024_member'),
('2eeb5572-1c8b-41f4-ac1b-4f19b91356e9',  '024_member'),
('4aafbd2b-8f7b-4fe8-85a1-cc1cad2787fd',  '024_member'),
('4c4010de-05d0-44f0-91e8-9fc163df7683',  '024_member'),
('5dfd676c-469d-49d6-bd61-d9885bc10b99',  '024_member'),
('5f514351-4bc6-477b-8c01-811916ed1d5a',  '024_member'),
('633c68ee-0905-4a2e-b4ef-2c175965b569',  '024_member'),
('74497c31-a726-475e-86eb-a95ddfa992b4',  '024_member'),
('76dcd8d2-30cf-4f09-a418-21549fc2797f',  '024_member'),
('866da862-d00f-48be-a381-a16aff4dfaac',  '024_member'),
('898fd90d-ffd0-40ad-a44e-4fbb8b78d492',  '024_member'),
('907521dc-5bb9-4b60-ae66-35820cdc8d4d',  '024_member'),
('95ce902a-2e21-4187-ae88-de0f935a15c2',  '024_member'),
('9b0e8968-210f-4fce-b2e4-1a2c966c369b',  '024_member'),
('b45f6ddd-5040-47c1-b8a1-dd1f9c97f190',  '024_member'),
('b4986cbf-2b13-439f-8381-18fa37500665',  '024_member'),
('b5828dbb-c815-4a5a-8034-7173c2257f40',  '024_member'),
('d46f44f7-4f9f-47d8-ac83-a46df738bf59',  '024_member'),
('d5aef6cd-b237-4e1b-a9c0-3d01afba4be9',  '024_member'),
('d61803e5-9e6e-41ac-a4e0-62fdd2c3f073',  '024_member'),
('3af8fb1c-7da1-4bb1-8621-1d6e9f8788ad',  '025_admin'),
('a659b366-baa7-4011-802d-c32b6c1f4c7e',  '025_admin'),
('admin', '025_admin'),
('fbd64bad-5f67-49bf-8e6c-b500470cc53f',  '025_admin'),
('0015609a-1d12-4edc-8720-1b350955fb09',  '025_member'),
('041d540f-9fdb-47e9-b91f-32a8de6baa10',  '025_member'),
('08362041-871d-4260-b3da-87b6c01d64a5',  '025_member'),
('0fe881ac-4c0c-4557-b1e1-c4d1db8faa26',  '025_member'),
('1136e458-dc99-482e-8416-155fec94561b',  '025_member'),
('230ab3b7-464a-4c0d-aa61-1eb783396d7a',  '025_member'),
('2eeb5572-1c8b-41f4-ac1b-4f19b91356e9',  '025_member'),
('4aafbd2b-8f7b-4fe8-85a1-cc1cad2787fd',  '025_member'),
('4c4010de-05d0-44f0-91e8-9fc163df7683',  '025_member'),
('5dfd676c-469d-49d6-bd61-d9885bc10b99',  '025_member'),
('5f514351-4bc6-477b-8c01-811916ed1d5a',  '025_member'),
('633c68ee-0905-4a2e-b4ef-2c175965b569',  '025_member'),
('74497c31-a726-475e-86eb-a95ddfa992b4',  '025_member'),
('76dcd8d2-30cf-4f09-a418-21549fc2797f',  '025_member'),
('866da862-d00f-48be-a381-a16aff4dfaac',  '025_member'),
('898fd90d-ffd0-40ad-a44e-4fbb8b78d492',  '025_member'),
('907521dc-5bb9-4b60-ae66-35820cdc8d4d',  '025_member'),
('95ce902a-2e21-4187-ae88-de0f935a15c2',  '025_member'),
('9b0e8968-210f-4fce-b2e4-1a2c966c369b',  '025_member'),
('b45f6ddd-5040-47c1-b8a1-dd1f9c97f190',  '025_member'),
('b4986cbf-2b13-439f-8381-18fa37500665',  '025_member'),
('b5828dbb-c815-4a5a-8034-7173c2257f40',  '025_member'),
('d46f44f7-4f9f-47d8-ac83-a46df738bf59',  '025_member'),
('d5aef6cd-b237-4e1b-a9c0-3d01afba4be9',  '025_member'),
('d61803e5-9e6e-41ac-a4e0-62fdd2c3f073',  '025_member'),
('3af8fb1c-7da1-4bb1-8621-1d6e9f8788ad',  '026_admin'),
('a659b366-baa7-4011-802d-c32b6c1f4c7e',  '026_admin'),
('admin', '026_admin'),
('fbd64bad-5f67-49bf-8e6c-b500470cc53f',  '026_admin'),
('230ab3b7-464a-4c0d-aa61-1eb783396d7a',  '026_member'),
('633c68ee-0905-4a2e-b4ef-2c175965b569',  '026_member'),
('d46f44f7-4f9f-47d8-ac83-a46df738bf59',  '026_member'),
('3af8fb1c-7da1-4bb1-8621-1d6e9f8788ad',  '027_admin'),
('a659b366-baa7-4011-802d-c32b6c1f4c7e',  '027_admin'),
('admin', '027_admin'),
('fbd64bad-5f67-49bf-8e6c-b500470cc53f',  '027_admin'),
('3af8fb1c-7da1-4bb1-8621-1d6e9f8788ad',  '028_admin'),
('a659b366-baa7-4011-802d-c32b6c1f4c7e',  '028_admin'),
('admin', '028_admin'),
('fbd64bad-5f67-49bf-8e6c-b500470cc53f',  '028_admin'),
('3af8fb1c-7da1-4bb1-8621-1d6e9f8788ad',  '029_admin'),
('a659b366-baa7-4011-802d-c32b6c1f4c7e',  '029_admin'),
('admin', '029_admin'),
('fbd64bad-5f67-49bf-8e6c-b500470cc53f',  '029_admin'),
('3af8fb1c-7da1-4bb1-8621-1d6e9f8788ad',  '030_admin'),
('a659b366-baa7-4011-802d-c32b6c1f4c7e',  '030_admin'),
('admin', '030_admin'),
('fbd64bad-5f67-49bf-8e6c-b500470cc53f',  '030_admin'),
('3af8fb1c-7da1-4bb1-8621-1d6e9f8788ad',  '031_admin'),
('a659b366-baa7-4011-802d-c32b6c1f4c7e',  '031_admin'),
('admin', '031_admin'),
('fbd64bad-5f67-49bf-8e6c-b500470cc53f',  '031_admin'),
('3af8fb1c-7da1-4bb1-8621-1d6e9f8788ad',  '032_admin'),
('a659b366-baa7-4011-802d-c32b6c1f4c7e',  '032_admin'),
('admin', '032_admin'),
('fbd64bad-5f67-49bf-8e6c-b500470cc53f',  '032_admin'),
('3af8fb1c-7da1-4bb1-8621-1d6e9f8788ad',  '033_admin'),
('a659b366-baa7-4011-802d-c32b6c1f4c7e',  '033_admin'),
('admin', '033_admin'),
('fbd64bad-5f67-49bf-8e6c-b500470cc53f',  '033_admin'),
('3af8fb1c-7da1-4bb1-8621-1d6e9f8788ad',  '034_admin'),
('a659b366-baa7-4011-802d-c32b6c1f4c7e',  '034_admin'),
('admin', '034_admin'),
('fbd64bad-5f67-49bf-8e6c-b500470cc53f',  '034_admin'),
('3af8fb1c-7da1-4bb1-8621-1d6e9f8788ad',  '035_admin'),
('a659b366-baa7-4011-802d-c32b6c1f4c7e',  '035_admin'),
('admin', '035_admin'),
('fbd64bad-5f67-49bf-8e6c-b500470cc53f',  '035_admin'),
('3af8fb1c-7da1-4bb1-8621-1d6e9f8788ad',  '036_admin'),
('a659b366-baa7-4011-802d-c32b6c1f4c7e',  '036_admin'),
('admin', '036_admin'),
('fbd64bad-5f67-49bf-8e6c-b500470cc53f',  '036_admin'),
('3af8fb1c-7da1-4bb1-8621-1d6e9f8788ad',  '037_admin'),
('a659b366-baa7-4011-802d-c32b6c1f4c7e',  '037_admin'),
('admin', '037_admin'),
('fbd64bad-5f67-49bf-8e6c-b500470cc53f',  '037_admin'),
('3af8fb1c-7da1-4bb1-8621-1d6e9f8788ad',  '038_admin'),
('a659b366-baa7-4011-802d-c32b6c1f4c7e',  '038_admin'),
('admin', '038_admin'),
('fbd64bad-5f67-49bf-8e6c-b500470cc53f',  '038_admin'),
('3af8fb1c-7da1-4bb1-8621-1d6e9f8788ad',  '039_admin'),
('a659b366-baa7-4011-802d-c32b6c1f4c7e',  '039_admin'),
('admin', '039_admin'),
('fbd64bad-5f67-49bf-8e6c-b500470cc53f',  '039_admin'),
('3af8fb1c-7da1-4bb1-8621-1d6e9f8788ad',  '040_admin'),
('a659b366-baa7-4011-802d-c32b6c1f4c7e',  '040_admin'),
('admin', '040_admin'),
('fbd64bad-5f67-49bf-8e6c-b500470cc53f',  '040_admin'),
('3af8fb1c-7da1-4bb1-8621-1d6e9f8788ad',  '041_admin'),
('a659b366-baa7-4011-802d-c32b6c1f4c7e',  '041_admin'),
('admin', '041_admin'),
('fbd64bad-5f67-49bf-8e6c-b500470cc53f',  '041_admin'),
('3af8fb1c-7da1-4bb1-8621-1d6e9f8788ad',  '042_admin'),
('a659b366-baa7-4011-802d-c32b6c1f4c7e',  '042_admin'),
('admin', '042_admin'),
('fbd64bad-5f67-49bf-8e6c-b500470cc53f',  '042_admin'),
('3af8fb1c-7da1-4bb1-8621-1d6e9f8788ad',  '043_admin'),
('a659b366-baa7-4011-802d-c32b6c1f4c7e',  '043_admin'),
('admin', '043_admin'),
('fbd64bad-5f67-49bf-8e6c-b500470cc53f',  '043_admin'),
('3af8fb1c-7da1-4bb1-8621-1d6e9f8788ad',  '044_admin'),
('a659b366-baa7-4011-802d-c32b6c1f4c7e',  '044_admin'),
('admin', '044_admin'),
('fbd64bad-5f67-49bf-8e6c-b500470cc53f',  '044_admin'),
('3af8fb1c-7da1-4bb1-8621-1d6e9f8788ad',  '045_admin'),
('a659b366-baa7-4011-802d-c32b6c1f4c7e',  '045_admin'),
('admin', '045_admin'),
('fbd64bad-5f67-49bf-8e6c-b500470cc53f',  '045_admin'),
('3af8fb1c-7da1-4bb1-8621-1d6e9f8788ad',  '046_admin'),
('a659b366-baa7-4011-802d-c32b6c1f4c7e',  '046_admin'),
('admin', '046_admin'),
('fbd64bad-5f67-49bf-8e6c-b500470cc53f',  '046_admin'),
('a659b366-baa7-4011-802d-c32b6c1f4c7e',  '047_admin'),
('admin', '047_admin'),
('a659b366-baa7-4011-802d-c32b6c1f4c7e',  '048_admin'),
('admin', '048_admin');

DROP TABLE IF EXISTS `c_security_user_permission_aud`;
CREATE TABLE `c_security_user_permission_aud` (
  `rev` int(11) NOT NULL,
  `id_user` varchar(36) NOT NULL,
  `id_permission` varchar(36) NOT NULL,
  `revtype` tinyint(4) DEFAULT NULL,
  PRIMARY KEY (`rev`,`id_user`,`id_permission`),
  CONSTRAINT `FKlxn2jshh5886k2bvagfmuby6v` FOREIGN KEY (`rev`) REFERENCES `user_rev_entity` (`id`)
) ENGINE=InnoDB DEFAULT CHARSET=latin1;

INSERT INTO `c_security_user_permission_aud` (`rev`, `id_user`, `id_permission`, `revtype`) VALUES
(1, '5dfd676c-469d-49d6-bd61-d9885bc10b99', '001_member', 0),
(1, '5dfd676c-469d-49d6-bd61-d9885bc10b99', '002_member', 0),
(1, '5dfd676c-469d-49d6-bd61-d9885bc10b99', '003_member', 0),
(1, '5dfd676c-469d-49d6-bd61-d9885bc10b99', '004_member', 0),
(1, '5dfd676c-469d-49d6-bd61-d9885bc10b99', '005_member', 0),
(1, '5dfd676c-469d-49d6-bd61-d9885bc10b99', '006_member', 0),
(1, '5dfd676c-469d-49d6-bd61-d9885bc10b99', '007_member', 0),
(1, '5dfd676c-469d-49d6-bd61-d9885bc10b99', '008_member', 0),
(1, '5dfd676c-469d-49d6-bd61-d9885bc10b99', '009_member', 0),
(1, '5dfd676c-469d-49d6-bd61-d9885bc10b99', '010_member', 0),
(1, '5dfd676c-469d-49d6-bd61-d9885bc10b99', '011_member', 0),
(1, '5dfd676c-469d-49d6-bd61-d9885bc10b99', '012_member', 0),
(1, '5dfd676c-469d-49d6-bd61-d9885bc10b99', '013_member', 0),
(1, '5dfd676c-469d-49d6-bd61-d9885bc10b99', '014_member', 0),
(1, '5dfd676c-469d-49d6-bd61-d9885bc10b99', '015_member', 0),
(1, '5dfd676c-469d-49d6-bd61-d9885bc10b99', '016_member', 0),
(1, '5dfd676c-469d-49d6-bd61-d9885bc10b99', '017_member', 0),
(1, '5dfd676c-469d-49d6-bd61-d9885bc10b99', '018_member', 0),
(1, '5dfd676c-469d-49d6-bd61-d9885bc10b99', '019_member', 0),
(1, '5dfd676c-469d-49d6-bd61-d9885bc10b99', '020_member', 0),
(1, '5dfd676c-469d-49d6-bd61-d9885bc10b99', '021_member', 0),
(1, '5dfd676c-469d-49d6-bd61-d9885bc10b99', '022_member', 0),
(1, '5dfd676c-469d-49d6-bd61-d9885bc10b99', '023_member', 0),
(2, '95ce902a-2e21-4187-ae88-de0f935a15c2', '001_member', 0),
(2, '95ce902a-2e21-4187-ae88-de0f935a15c2', '002_member', 0),
(2, '95ce902a-2e21-4187-ae88-de0f935a15c2', '003_member', 0),
(2, '95ce902a-2e21-4187-ae88-de0f935a15c2', '004_member', 0),
(2, '95ce902a-2e21-4187-ae88-de0f935a15c2', '005_member', 0),
(2, '95ce902a-2e21-4187-ae88-de0f935a15c2', '006_member', 0),
(2, '95ce902a-2e21-4187-ae88-de0f935a15c2', '007_member', 0),
(2, '95ce902a-2e21-4187-ae88-de0f935a15c2', '008_member', 0),
(2, '95ce902a-2e21-4187-ae88-de0f935a15c2', '009_member', 0),
(2, '95ce902a-2e21-4187-ae88-de0f935a15c2', '010_member', 0),
(2, '95ce902a-2e21-4187-ae88-de0f935a15c2', '011_member', 0),
(2, '95ce902a-2e21-4187-ae88-de0f935a15c2', '012_member', 0),
(2, '95ce902a-2e21-4187-ae88-de0f935a15c2', '013_member', 0),
(2, '95ce902a-2e21-4187-ae88-de0f935a15c2', '014_member', 0),
(2, '95ce902a-2e21-4187-ae88-de0f935a15c2', '015_member', 0),
(2, '95ce902a-2e21-4187-ae88-de0f935a15c2', '016_member', 0),
(2, '95ce902a-2e21-4187-ae88-de0f935a15c2', '017_member', 0),
(2, '95ce902a-2e21-4187-ae88-de0f935a15c2', '018_member', 0),
(2, '95ce902a-2e21-4187-ae88-de0f935a15c2', '019_member', 0),
(2, '95ce902a-2e21-4187-ae88-de0f935a15c2', '020_member', 0),
(2, '95ce902a-2e21-4187-ae88-de0f935a15c2', '021_member', 0),
(2, '95ce902a-2e21-4187-ae88-de0f935a15c2', '022_member', 0),
(2, '95ce902a-2e21-4187-ae88-de0f935a15c2', '023_member', 0),
(3, '76dcd8d2-30cf-4f09-a418-21549fc2797f', '001_member', 0),
(3, '76dcd8d2-30cf-4f09-a418-21549fc2797f', '002_member', 0),
(3, '76dcd8d2-30cf-4f09-a418-21549fc2797f', '003_member', 0),
(3, '76dcd8d2-30cf-4f09-a418-21549fc2797f', '004_member', 0),
(3, '76dcd8d2-30cf-4f09-a418-21549fc2797f', '005_member', 0),
(3, '76dcd8d2-30cf-4f09-a418-21549fc2797f', '006_member', 0),
(3, '76dcd8d2-30cf-4f09-a418-21549fc2797f', '007_member', 0),
(3, '76dcd8d2-30cf-4f09-a418-21549fc2797f', '008_member', 0),
(3, '76dcd8d2-30cf-4f09-a418-21549fc2797f', '009_member', 0),
(3, '76dcd8d2-30cf-4f09-a418-21549fc2797f', '010_member', 0),
(3, '76dcd8d2-30cf-4f09-a418-21549fc2797f', '011_member', 0),
(3, '76dcd8d2-30cf-4f09-a418-21549fc2797f', '012_member', 0),
(3, '76dcd8d2-30cf-4f09-a418-21549fc2797f', '013_member', 0),
(3, '76dcd8d2-30cf-4f09-a418-21549fc2797f', '014_member', 0),
(3, '76dcd8d2-30cf-4f09-a418-21549fc2797f', '015_member', 0),
(3, '76dcd8d2-30cf-4f09-a418-21549fc2797f', '016_member', 0),
(3, '76dcd8d2-30cf-4f09-a418-21549fc2797f', '017_member', 0),
(3, '76dcd8d2-30cf-4f09-a418-21549fc2797f', '018_member', 0),
(3, '76dcd8d2-30cf-4f09-a418-21549fc2797f', '019_member', 0),
(3, '76dcd8d2-30cf-4f09-a418-21549fc2797f', '020_member', 0),
(3, '76dcd8d2-30cf-4f09-a418-21549fc2797f', '021_member', 0),
(3, '76dcd8d2-30cf-4f09-a418-21549fc2797f', '022_member', 0),
(3, '76dcd8d2-30cf-4f09-a418-21549fc2797f', '023_member', 0),
(4, '0fe881ac-4c0c-4557-b1e1-c4d1db8faa26', '001_member', 0),
(4, '0fe881ac-4c0c-4557-b1e1-c4d1db8faa26', '002_member', 0),
(4, '0fe881ac-4c0c-4557-b1e1-c4d1db8faa26', '003_member', 0),
(4, '0fe881ac-4c0c-4557-b1e1-c4d1db8faa26', '004_member', 0),
(4, '0fe881ac-4c0c-4557-b1e1-c4d1db8faa26', '005_member', 0),
(4, '0fe881ac-4c0c-4557-b1e1-c4d1db8faa26', '006_member', 0),
(4, '0fe881ac-4c0c-4557-b1e1-c4d1db8faa26', '007_member', 0),
(4, '0fe881ac-4c0c-4557-b1e1-c4d1db8faa26', '008_member', 0),
(4, '0fe881ac-4c0c-4557-b1e1-c4d1db8faa26', '009_member', 0),
(4, '0fe881ac-4c0c-4557-b1e1-c4d1db8faa26', '010_member', 0),
(4, '0fe881ac-4c0c-4557-b1e1-c4d1db8faa26', '011_member', 0),
(4, '0fe881ac-4c0c-4557-b1e1-c4d1db8faa26', '012_member', 0),
(4, '0fe881ac-4c0c-4557-b1e1-c4d1db8faa26', '013_member', 0),
(4, '0fe881ac-4c0c-4557-b1e1-c4d1db8faa26', '014_member', 0),
(4, '0fe881ac-4c0c-4557-b1e1-c4d1db8faa26', '015_member', 0),
(4, '0fe881ac-4c0c-4557-b1e1-c4d1db8faa26', '016_member', 0),
(4, '0fe881ac-4c0c-4557-b1e1-c4d1db8faa26', '017_member', 0),
(4, '0fe881ac-4c0c-4557-b1e1-c4d1db8faa26', '018_member', 0),
(4, '0fe881ac-4c0c-4557-b1e1-c4d1db8faa26', '019_member', 0),
(4, '0fe881ac-4c0c-4557-b1e1-c4d1db8faa26', '020_member', 0),
(4, '0fe881ac-4c0c-4557-b1e1-c4d1db8faa26', '021_member', 0),
(4, '0fe881ac-4c0c-4557-b1e1-c4d1db8faa26', '022_member', 0),
(4, '0fe881ac-4c0c-4557-b1e1-c4d1db8faa26', '023_member', 0),
(7, '866da862-d00f-48be-a381-a16aff4dfaac', '001_member', 0),
(7, '866da862-d00f-48be-a381-a16aff4dfaac', '002_member', 0),
(7, '866da862-d00f-48be-a381-a16aff4dfaac', '003_member', 0),
(7, '866da862-d00f-48be-a381-a16aff4dfaac', '004_member', 0),
(7, '866da862-d00f-48be-a381-a16aff4dfaac', '005_member', 0),
(7, '866da862-d00f-48be-a381-a16aff4dfaac', '006_member', 0),
(7, '866da862-d00f-48be-a381-a16aff4dfaac', '007_member', 0),
(7, '866da862-d00f-48be-a381-a16aff4dfaac', '008_member', 0),
(7, '866da862-d00f-48be-a381-a16aff4dfaac', '009_member', 0),
(7, '866da862-d00f-48be-a381-a16aff4dfaac', '010_member', 0),
(7, '866da862-d00f-48be-a381-a16aff4dfaac', '011_member', 0),
(7, '866da862-d00f-48be-a381-a16aff4dfaac', '012_member', 0),
(7, '866da862-d00f-48be-a381-a16aff4dfaac', '013_member', 0),
(7, '866da862-d00f-48be-a381-a16aff4dfaac', '014_member', 0),
(7, '866da862-d00f-48be-a381-a16aff4dfaac', '015_member', 0),
(7, '866da862-d00f-48be-a381-a16aff4dfaac', '016_member', 0),
(7, '866da862-d00f-48be-a381-a16aff4dfaac', '017_member', 0),
(7, '866da862-d00f-48be-a381-a16aff4dfaac', '018_member', 0),
(7, '866da862-d00f-48be-a381-a16aff4dfaac', '019_member', 0),
(7, '866da862-d00f-48be-a381-a16aff4dfaac', '020_member', 0),
(7, '866da862-d00f-48be-a381-a16aff4dfaac', '021_member', 0),
(7, '866da862-d00f-48be-a381-a16aff4dfaac', '022_member', 0),
(7, '866da862-d00f-48be-a381-a16aff4dfaac', '023_member', 0),
(13,  '3af8fb1c-7da1-4bb1-8621-1d6e9f8788ad', '001_admin',  0),
(13,  '3af8fb1c-7da1-4bb1-8621-1d6e9f8788ad', '002_admin',  0),
(13,  '3af8fb1c-7da1-4bb1-8621-1d6e9f8788ad', '003_admin',  0),
(13,  '3af8fb1c-7da1-4bb1-8621-1d6e9f8788ad', '004_admin',  0),
(13,  '3af8fb1c-7da1-4bb1-8621-1d6e9f8788ad', '005_admin',  0),
(13,  '3af8fb1c-7da1-4bb1-8621-1d6e9f8788ad', '006_admin',  0),
(13,  '3af8fb1c-7da1-4bb1-8621-1d6e9f8788ad', '007_admin',  0),
(13,  '3af8fb1c-7da1-4bb1-8621-1d6e9f8788ad', '008_admin',  0),
(13,  '3af8fb1c-7da1-4bb1-8621-1d6e9f8788ad', '009_admin',  0),
(13,  '3af8fb1c-7da1-4bb1-8621-1d6e9f8788ad', '010_admin',  0),
(13,  '3af8fb1c-7da1-4bb1-8621-1d6e9f8788ad', '011_admin',  0),
(13,  '3af8fb1c-7da1-4bb1-8621-1d6e9f8788ad', '012_admin',  0),
(13,  '3af8fb1c-7da1-4bb1-8621-1d6e9f8788ad', '013_admin',  0),
(13,  '3af8fb1c-7da1-4bb1-8621-1d6e9f8788ad', '014_admin',  0),
(13,  '3af8fb1c-7da1-4bb1-8621-1d6e9f8788ad', '015_admin',  0),
(13,  '3af8fb1c-7da1-4bb1-8621-1d6e9f8788ad', '016_admin',  0),
(13,  '3af8fb1c-7da1-4bb1-8621-1d6e9f8788ad', '017_admin',  0),
(13,  '3af8fb1c-7da1-4bb1-8621-1d6e9f8788ad', '018_admin',  0),
(13,  '3af8fb1c-7da1-4bb1-8621-1d6e9f8788ad', '019_admin',  0),
(13,  '3af8fb1c-7da1-4bb1-8621-1d6e9f8788ad', '020_admin',  0),
(13,  '3af8fb1c-7da1-4bb1-8621-1d6e9f8788ad', '021_admin',  0),
(13,  '3af8fb1c-7da1-4bb1-8621-1d6e9f8788ad', '022_admin',  0),
(13,  '3af8fb1c-7da1-4bb1-8621-1d6e9f8788ad', '023_admin',  0),
(13,  '3af8fb1c-7da1-4bb1-8621-1d6e9f8788ad', '024_admin',  0),
(13,  '3af8fb1c-7da1-4bb1-8621-1d6e9f8788ad', '025_admin',  0),
(13,  '3af8fb1c-7da1-4bb1-8621-1d6e9f8788ad', '026_admin',  0),
(13,  '3af8fb1c-7da1-4bb1-8621-1d6e9f8788ad', '027_admin',  0),
(13,  '3af8fb1c-7da1-4bb1-8621-1d6e9f8788ad', '028_admin',  0),
(13,  '3af8fb1c-7da1-4bb1-8621-1d6e9f8788ad', '029_admin',  0),
(13,  '3af8fb1c-7da1-4bb1-8621-1d6e9f8788ad', '030_admin',  0),
(13,  '3af8fb1c-7da1-4bb1-8621-1d6e9f8788ad', '031_admin',  0),
(13,  '3af8fb1c-7da1-4bb1-8621-1d6e9f8788ad', '032_admin',  0),
(13,  '3af8fb1c-7da1-4bb1-8621-1d6e9f8788ad', '033_admin',  0),
(13,  '3af8fb1c-7da1-4bb1-8621-1d6e9f8788ad', '034_admin',  0),
(13,  '3af8fb1c-7da1-4bb1-8621-1d6e9f8788ad', '035_admin',  0),
(13,  '3af8fb1c-7da1-4bb1-8621-1d6e9f8788ad', '036_admin',  0),
(13,  '3af8fb1c-7da1-4bb1-8621-1d6e9f8788ad', '037_admin',  0),
(13,  '3af8fb1c-7da1-4bb1-8621-1d6e9f8788ad', '038_admin',  0),
(13,  '3af8fb1c-7da1-4bb1-8621-1d6e9f8788ad', '039_admin',  0),
(13,  '3af8fb1c-7da1-4bb1-8621-1d6e9f8788ad', '040_admin',  0),
(13,  '3af8fb1c-7da1-4bb1-8621-1d6e9f8788ad', '041_admin',  0),
(13,  '3af8fb1c-7da1-4bb1-8621-1d6e9f8788ad', '042_admin',  0),
(13,  '3af8fb1c-7da1-4bb1-8621-1d6e9f8788ad', '043_admin',  0),
(21,  '1136e458-dc99-482e-8416-155fec94561b', '001_member', 0),
(21,  '1136e458-dc99-482e-8416-155fec94561b', '002_member', 0),
(21,  '1136e458-dc99-482e-8416-155fec94561b', '003_member', 0),
(21,  '1136e458-dc99-482e-8416-155fec94561b', '004_member', 0),
(21,  '1136e458-dc99-482e-8416-155fec94561b', '005_member', 0),
(21,  '1136e458-dc99-482e-8416-155fec94561b', '006_member', 0),
(21,  '1136e458-dc99-482e-8416-155fec94561b', '007_member', 0),
(21,  '1136e458-dc99-482e-8416-155fec94561b', '008_member', 0),
(21,  '1136e458-dc99-482e-8416-155fec94561b', '009_member', 0),
(21,  '1136e458-dc99-482e-8416-155fec94561b', '010_member', 0),
(21,  '1136e458-dc99-482e-8416-155fec94561b', '011_member', 0),
(21,  '1136e458-dc99-482e-8416-155fec94561b', '012_member', 0),
(21,  '1136e458-dc99-482e-8416-155fec94561b', '013_member', 0),
(21,  '1136e458-dc99-482e-8416-155fec94561b', '014_member', 0),
(21,  '1136e458-dc99-482e-8416-155fec94561b', '015_member', 0),
(21,  '1136e458-dc99-482e-8416-155fec94561b', '016_member', 0),
(21,  '1136e458-dc99-482e-8416-155fec94561b', '017_member', 0),
(21,  '1136e458-dc99-482e-8416-155fec94561b', '018_member', 0),
(21,  '1136e458-dc99-482e-8416-155fec94561b', '019_member', 0),
(21,  '1136e458-dc99-482e-8416-155fec94561b', '020_member', 0),
(21,  '1136e458-dc99-482e-8416-155fec94561b', '021_member', 0),
(21,  '1136e458-dc99-482e-8416-155fec94561b', '022_member', 0),
(21,  '1136e458-dc99-482e-8416-155fec94561b', '023_member', 0),
(51,  '74497c31-a726-475e-86eb-a95ddfa992b4', '001_member', 0),
(51,  '74497c31-a726-475e-86eb-a95ddfa992b4', '002_member', 0),
(51,  '74497c31-a726-475e-86eb-a95ddfa992b4', '003_member', 0),
(51,  '74497c31-a726-475e-86eb-a95ddfa992b4', '004_member', 0),
(51,  '74497c31-a726-475e-86eb-a95ddfa992b4', '005_member', 0),
(51,  '74497c31-a726-475e-86eb-a95ddfa992b4', '006_member', 0),
(51,  '74497c31-a726-475e-86eb-a95ddfa992b4', '007_member', 0),
(51,  '74497c31-a726-475e-86eb-a95ddfa992b4', '008_member', 0),
(51,  '74497c31-a726-475e-86eb-a95ddfa992b4', '009_member', 0),
(51,  '74497c31-a726-475e-86eb-a95ddfa992b4', '010_member', 0),
(51,  '74497c31-a726-475e-86eb-a95ddfa992b4', '011_member', 0),
(51,  '74497c31-a726-475e-86eb-a95ddfa992b4', '012_member', 0),
(51,  '74497c31-a726-475e-86eb-a95ddfa992b4', '013_member', 0),
(51,  '74497c31-a726-475e-86eb-a95ddfa992b4', '014_member', 0),
(51,  '74497c31-a726-475e-86eb-a95ddfa992b4', '015_member', 0),
(51,  '74497c31-a726-475e-86eb-a95ddfa992b4', '016_member', 0),
(51,  '74497c31-a726-475e-86eb-a95ddfa992b4', '017_member', 0),
(51,  '74497c31-a726-475e-86eb-a95ddfa992b4', '018_member', 0),
(51,  '74497c31-a726-475e-86eb-a95ddfa992b4', '019_member', 0),
(51,  '74497c31-a726-475e-86eb-a95ddfa992b4', '020_member', 0),
(51,  '74497c31-a726-475e-86eb-a95ddfa992b4', '021_member', 0),
(51,  '74497c31-a726-475e-86eb-a95ddfa992b4', '022_member', 0),
(51,  '74497c31-a726-475e-86eb-a95ddfa992b4', '023_member', 0),
(52,  '041d540f-9fdb-47e9-b91f-32a8de6baa10', '001_member', 0),
(52,  '041d540f-9fdb-47e9-b91f-32a8de6baa10', '002_member', 0),
(52,  '041d540f-9fdb-47e9-b91f-32a8de6baa10', '003_member', 0),
(52,  '041d540f-9fdb-47e9-b91f-32a8de6baa10', '004_member', 0),
(52,  '041d540f-9fdb-47e9-b91f-32a8de6baa10', '005_member', 0),
(52,  '041d540f-9fdb-47e9-b91f-32a8de6baa10', '006_member', 0),
(52,  '041d540f-9fdb-47e9-b91f-32a8de6baa10', '007_member', 0),
(52,  '041d540f-9fdb-47e9-b91f-32a8de6baa10', '008_member', 0),
(52,  '041d540f-9fdb-47e9-b91f-32a8de6baa10', '009_member', 0),
(52,  '041d540f-9fdb-47e9-b91f-32a8de6baa10', '010_member', 0),
(52,  '041d540f-9fdb-47e9-b91f-32a8de6baa10', '011_member', 0),
(52,  '041d540f-9fdb-47e9-b91f-32a8de6baa10', '012_member', 0),
(52,  '041d540f-9fdb-47e9-b91f-32a8de6baa10', '013_member', 0),
(52,  '041d540f-9fdb-47e9-b91f-32a8de6baa10', '014_member', 0),
(52,  '041d540f-9fdb-47e9-b91f-32a8de6baa10', '015_member', 0),
(52,  '041d540f-9fdb-47e9-b91f-32a8de6baa10', '016_member', 0),
(52,  '041d540f-9fdb-47e9-b91f-32a8de6baa10', '017_member', 0),
(52,  '041d540f-9fdb-47e9-b91f-32a8de6baa10', '018_member', 0),
(52,  '041d540f-9fdb-47e9-b91f-32a8de6baa10', '019_member', 0),
(52,  '041d540f-9fdb-47e9-b91f-32a8de6baa10', '020_member', 0),
(52,  '041d540f-9fdb-47e9-b91f-32a8de6baa10', '021_member', 0),
(52,  '041d540f-9fdb-47e9-b91f-32a8de6baa10', '022_member', 0),
(52,  '041d540f-9fdb-47e9-b91f-32a8de6baa10', '023_member', 0),
(55,  '0015609a-1d12-4edc-8720-1b350955fb09', '001_member', 0),
(55,  '0015609a-1d12-4edc-8720-1b350955fb09', '002_member', 0),
(55,  '0015609a-1d12-4edc-8720-1b350955fb09', '003_member', 0),
(55,  '0015609a-1d12-4edc-8720-1b350955fb09', '004_member', 0),
(55,  '0015609a-1d12-4edc-8720-1b350955fb09', '005_member', 0),
(55,  '0015609a-1d12-4edc-8720-1b350955fb09', '006_member', 0),
(55,  '0015609a-1d12-4edc-8720-1b350955fb09', '007_member', 0),
(55,  '0015609a-1d12-4edc-8720-1b350955fb09', '008_member', 0),
(55,  '0015609a-1d12-4edc-8720-1b350955fb09', '009_member', 0),
(55,  '0015609a-1d12-4edc-8720-1b350955fb09', '010_member', 0),
(55,  '0015609a-1d12-4edc-8720-1b350955fb09', '011_member', 0),
(55,  '0015609a-1d12-4edc-8720-1b350955fb09', '012_member', 0),
(55,  '0015609a-1d12-4edc-8720-1b350955fb09', '013_member', 0),
(55,  '0015609a-1d12-4edc-8720-1b350955fb09', '014_member', 0),
(55,  '0015609a-1d12-4edc-8720-1b350955fb09', '015_member', 0),
(55,  '0015609a-1d12-4edc-8720-1b350955fb09', '016_member', 0),
(55,  '0015609a-1d12-4edc-8720-1b350955fb09', '017_member', 0),
(55,  '0015609a-1d12-4edc-8720-1b350955fb09', '018_member', 0),
(55,  '0015609a-1d12-4edc-8720-1b350955fb09', '019_member', 0),
(55,  '0015609a-1d12-4edc-8720-1b350955fb09', '020_member', 0),
(55,  '0015609a-1d12-4edc-8720-1b350955fb09', '021_member', 0),
(55,  '0015609a-1d12-4edc-8720-1b350955fb09', '022_member', 0),
(55,  '0015609a-1d12-4edc-8720-1b350955fb09', '023_member', 0),
(59,  'b5828dbb-c815-4a5a-8034-7173c2257f40', '001_member', 0),
(59,  'b5828dbb-c815-4a5a-8034-7173c2257f40', '002_member', 0),
(59,  'b5828dbb-c815-4a5a-8034-7173c2257f40', '003_member', 0),
(59,  'b5828dbb-c815-4a5a-8034-7173c2257f40', '004_member', 0),
(59,  'b5828dbb-c815-4a5a-8034-7173c2257f40', '005_member', 0),
(59,  'b5828dbb-c815-4a5a-8034-7173c2257f40', '006_member', 0),
(59,  'b5828dbb-c815-4a5a-8034-7173c2257f40', '007_member', 0),
(59,  'b5828dbb-c815-4a5a-8034-7173c2257f40', '008_member', 0),
(59,  'b5828dbb-c815-4a5a-8034-7173c2257f40', '009_member', 0),
(59,  'b5828dbb-c815-4a5a-8034-7173c2257f40', '010_member', 0),
(59,  'b5828dbb-c815-4a5a-8034-7173c2257f40', '011_member', 0),
(59,  'b5828dbb-c815-4a5a-8034-7173c2257f40', '012_member', 0),
(59,  'b5828dbb-c815-4a5a-8034-7173c2257f40', '013_member', 0),
(59,  'b5828dbb-c815-4a5a-8034-7173c2257f40', '014_member', 0),
(59,  'b5828dbb-c815-4a5a-8034-7173c2257f40', '015_member', 0),
(59,  'b5828dbb-c815-4a5a-8034-7173c2257f40', '016_member', 0),
(59,  'b5828dbb-c815-4a5a-8034-7173c2257f40', '017_member', 0),
(59,  'b5828dbb-c815-4a5a-8034-7173c2257f40', '018_member', 0),
(59,  'b5828dbb-c815-4a5a-8034-7173c2257f40', '019_member', 0),
(59,  'b5828dbb-c815-4a5a-8034-7173c2257f40', '020_member', 0),
(59,  'b5828dbb-c815-4a5a-8034-7173c2257f40', '021_member', 0),
(59,  'b5828dbb-c815-4a5a-8034-7173c2257f40', '022_member', 0),
(59,  'b5828dbb-c815-4a5a-8034-7173c2257f40', '023_member', 0),
(65,  '907521dc-5bb9-4b60-ae66-35820cdc8d4d', '001_member', 0),
(65,  '907521dc-5bb9-4b60-ae66-35820cdc8d4d', '002_member', 0),
(65,  '907521dc-5bb9-4b60-ae66-35820cdc8d4d', '003_member', 0),
(65,  '907521dc-5bb9-4b60-ae66-35820cdc8d4d', '004_member', 0),
(65,  '907521dc-5bb9-4b60-ae66-35820cdc8d4d', '005_member', 0),
(65,  '907521dc-5bb9-4b60-ae66-35820cdc8d4d', '006_member', 0),
(65,  '907521dc-5bb9-4b60-ae66-35820cdc8d4d', '007_member', 0),
(65,  '907521dc-5bb9-4b60-ae66-35820cdc8d4d', '008_member', 0),
(65,  '907521dc-5bb9-4b60-ae66-35820cdc8d4d', '009_member', 0),
(65,  '907521dc-5bb9-4b60-ae66-35820cdc8d4d', '010_member', 0),
(65,  '907521dc-5bb9-4b60-ae66-35820cdc8d4d', '011_member', 0),
(65,  '907521dc-5bb9-4b60-ae66-35820cdc8d4d', '012_member', 0),
(65,  '907521dc-5bb9-4b60-ae66-35820cdc8d4d', '013_member', 0),
(65,  '907521dc-5bb9-4b60-ae66-35820cdc8d4d', '014_member', 0),
(65,  '907521dc-5bb9-4b60-ae66-35820cdc8d4d', '015_member', 0),
(65,  '907521dc-5bb9-4b60-ae66-35820cdc8d4d', '016_member', 0),
(65,  '907521dc-5bb9-4b60-ae66-35820cdc8d4d', '017_member', 0),
(65,  '907521dc-5bb9-4b60-ae66-35820cdc8d4d', '018_member', 0),
(65,  '907521dc-5bb9-4b60-ae66-35820cdc8d4d', '019_member', 0),
(65,  '907521dc-5bb9-4b60-ae66-35820cdc8d4d', '020_member', 0),
(65,  '907521dc-5bb9-4b60-ae66-35820cdc8d4d', '021_member', 0),
(65,  '907521dc-5bb9-4b60-ae66-35820cdc8d4d', '022_member', 0),
(65,  '907521dc-5bb9-4b60-ae66-35820cdc8d4d', '023_member', 0),
(83,  'fbd64bad-5f67-49bf-8e6c-b500470cc53f', '001_admin',  0),
(83,  'fbd64bad-5f67-49bf-8e6c-b500470cc53f', '002_admin',  0),
(83,  'fbd64bad-5f67-49bf-8e6c-b500470cc53f', '003_admin',  0),
(83,  'fbd64bad-5f67-49bf-8e6c-b500470cc53f', '004_admin',  0),
(83,  'fbd64bad-5f67-49bf-8e6c-b500470cc53f', '005_admin',  0),
(83,  'fbd64bad-5f67-49bf-8e6c-b500470cc53f', '006_admin',  0),
(83,  'fbd64bad-5f67-49bf-8e6c-b500470cc53f', '007_admin',  0),
(83,  'fbd64bad-5f67-49bf-8e6c-b500470cc53f', '008_admin',  0),
(83,  'fbd64bad-5f67-49bf-8e6c-b500470cc53f', '009_admin',  0),
(83,  'fbd64bad-5f67-49bf-8e6c-b500470cc53f', '010_admin',  0),
(83,  'fbd64bad-5f67-49bf-8e6c-b500470cc53f', '011_admin',  0),
(83,  'fbd64bad-5f67-49bf-8e6c-b500470cc53f', '012_admin',  0),
(83,  'fbd64bad-5f67-49bf-8e6c-b500470cc53f', '013_admin',  0),
(83,  'fbd64bad-5f67-49bf-8e6c-b500470cc53f', '014_admin',  0),
(83,  'fbd64bad-5f67-49bf-8e6c-b500470cc53f', '015_admin',  0),
(83,  'fbd64bad-5f67-49bf-8e6c-b500470cc53f', '016_admin',  0),
(83,  'fbd64bad-5f67-49bf-8e6c-b500470cc53f', '017_admin',  0),
(83,  'fbd64bad-5f67-49bf-8e6c-b500470cc53f', '018_admin',  0),
(83,  'fbd64bad-5f67-49bf-8e6c-b500470cc53f', '019_admin',  0),
(83,  'fbd64bad-5f67-49bf-8e6c-b500470cc53f', '020_admin',  0),
(83,  'fbd64bad-5f67-49bf-8e6c-b500470cc53f', '021_admin',  0),
(83,  'fbd64bad-5f67-49bf-8e6c-b500470cc53f', '022_admin',  0),
(83,  'fbd64bad-5f67-49bf-8e6c-b500470cc53f', '023_admin',  0),
(83,  'fbd64bad-5f67-49bf-8e6c-b500470cc53f', '024_admin',  0),
(83,  'fbd64bad-5f67-49bf-8e6c-b500470cc53f', '025_admin',  0),
(83,  'fbd64bad-5f67-49bf-8e6c-b500470cc53f', '026_admin',  0),
(83,  'fbd64bad-5f67-49bf-8e6c-b500470cc53f', '027_admin',  0),
(83,  'fbd64bad-5f67-49bf-8e6c-b500470cc53f', '028_admin',  0),
(83,  'fbd64bad-5f67-49bf-8e6c-b500470cc53f', '029_admin',  0),
(83,  'fbd64bad-5f67-49bf-8e6c-b500470cc53f', '030_admin',  0),
(83,  'fbd64bad-5f67-49bf-8e6c-b500470cc53f', '031_admin',  0),
(83,  'fbd64bad-5f67-49bf-8e6c-b500470cc53f', '032_admin',  0),
(83,  'fbd64bad-5f67-49bf-8e6c-b500470cc53f', '033_admin',  0),
(83,  'fbd64bad-5f67-49bf-8e6c-b500470cc53f', '034_admin',  0),
(83,  'fbd64bad-5f67-49bf-8e6c-b500470cc53f', '035_admin',  0),
(83,  'fbd64bad-5f67-49bf-8e6c-b500470cc53f', '036_admin',  0),
(83,  'fbd64bad-5f67-49bf-8e6c-b500470cc53f', '037_admin',  0),
(83,  'fbd64bad-5f67-49bf-8e6c-b500470cc53f', '038_admin',  0),
(83,  'fbd64bad-5f67-49bf-8e6c-b500470cc53f', '039_admin',  0),
(83,  'fbd64bad-5f67-49bf-8e6c-b500470cc53f', '040_admin',  0),
(83,  'fbd64bad-5f67-49bf-8e6c-b500470cc53f', '041_admin',  0),
(83,  'fbd64bad-5f67-49bf-8e6c-b500470cc53f', '042_admin',  0),
(83,  'fbd64bad-5f67-49bf-8e6c-b500470cc53f', '043_admin',  0),
(103, 'd61803e5-9e6e-41ac-a4e0-62fdd2c3f073', '001_member', 0),
(103, 'd61803e5-9e6e-41ac-a4e0-62fdd2c3f073', '002_member', 0),
(103, 'd61803e5-9e6e-41ac-a4e0-62fdd2c3f073', '003_member', 0),
(103, 'd61803e5-9e6e-41ac-a4e0-62fdd2c3f073', '004_member', 0),
(103, 'd61803e5-9e6e-41ac-a4e0-62fdd2c3f073', '005_member', 0),
(103, 'd61803e5-9e6e-41ac-a4e0-62fdd2c3f073', '006_member', 0),
(103, 'd61803e5-9e6e-41ac-a4e0-62fdd2c3f073', '007_member', 0),
(103, 'd61803e5-9e6e-41ac-a4e0-62fdd2c3f073', '008_member', 0),
(103, 'd61803e5-9e6e-41ac-a4e0-62fdd2c3f073', '009_member', 0),
(103, 'd61803e5-9e6e-41ac-a4e0-62fdd2c3f073', '010_member', 0),
(103, 'd61803e5-9e6e-41ac-a4e0-62fdd2c3f073', '011_member', 0),
(103, 'd61803e5-9e6e-41ac-a4e0-62fdd2c3f073', '012_member', 0),
(103, 'd61803e5-9e6e-41ac-a4e0-62fdd2c3f073', '013_member', 0),
(103, 'd61803e5-9e6e-41ac-a4e0-62fdd2c3f073', '014_member', 0),
(103, 'd61803e5-9e6e-41ac-a4e0-62fdd2c3f073', '015_member', 0),
(103, 'd61803e5-9e6e-41ac-a4e0-62fdd2c3f073', '016_member', 0),
(103, 'd61803e5-9e6e-41ac-a4e0-62fdd2c3f073', '017_member', 0),
(103, 'd61803e5-9e6e-41ac-a4e0-62fdd2c3f073', '018_member', 0),
(103, 'd61803e5-9e6e-41ac-a4e0-62fdd2c3f073', '019_member', 0),
(103, 'd61803e5-9e6e-41ac-a4e0-62fdd2c3f073', '020_member', 0),
(103, 'd61803e5-9e6e-41ac-a4e0-62fdd2c3f073', '021_member', 0),
(103, 'd61803e5-9e6e-41ac-a4e0-62fdd2c3f073', '022_member', 0),
(103, 'd61803e5-9e6e-41ac-a4e0-62fdd2c3f073', '023_member', 0),
(104, '7962874a-b462-403e-8234-f81ef7c4c79d', '001_member', 0),
(104, '7962874a-b462-403e-8234-f81ef7c4c79d', '002_member', 0),
(104, '7962874a-b462-403e-8234-f81ef7c4c79d', '003_member', 0),
(104, '7962874a-b462-403e-8234-f81ef7c4c79d', '004_member', 0),
(104, '7962874a-b462-403e-8234-f81ef7c4c79d', '005_member', 0),
(104, '7962874a-b462-403e-8234-f81ef7c4c79d', '006_member', 0),
(104, '7962874a-b462-403e-8234-f81ef7c4c79d', '007_member', 0),
(104, '7962874a-b462-403e-8234-f81ef7c4c79d', '008_member', 0),
(104, '7962874a-b462-403e-8234-f81ef7c4c79d', '009_member', 0),
(104, '7962874a-b462-403e-8234-f81ef7c4c79d', '010_member', 0),
(104, '7962874a-b462-403e-8234-f81ef7c4c79d', '011_member', 0),
(104, '7962874a-b462-403e-8234-f81ef7c4c79d', '012_member', 0),
(104, '7962874a-b462-403e-8234-f81ef7c4c79d', '013_member', 0),
(104, '7962874a-b462-403e-8234-f81ef7c4c79d', '014_member', 0),
(104, '7962874a-b462-403e-8234-f81ef7c4c79d', '015_member', 0),
(104, '7962874a-b462-403e-8234-f81ef7c4c79d', '016_member', 0),
(104, '7962874a-b462-403e-8234-f81ef7c4c79d', '017_member', 0),
(104, '7962874a-b462-403e-8234-f81ef7c4c79d', '018_member', 0),
(104, '7962874a-b462-403e-8234-f81ef7c4c79d', '019_member', 0),
(104, '7962874a-b462-403e-8234-f81ef7c4c79d', '020_member', 0),
(104, '7962874a-b462-403e-8234-f81ef7c4c79d', '021_member', 0),
(104, '7962874a-b462-403e-8234-f81ef7c4c79d', '022_member', 0),
(104, '7962874a-b462-403e-8234-f81ef7c4c79d', '023_member', 0),
(106, 'b45f6ddd-5040-47c1-b8a1-dd1f9c97f190', '001_member', 0),
(106, 'b45f6ddd-5040-47c1-b8a1-dd1f9c97f190', '002_member', 0),
(106, 'b45f6ddd-5040-47c1-b8a1-dd1f9c97f190', '003_member', 0),
(106, 'b45f6ddd-5040-47c1-b8a1-dd1f9c97f190', '004_member', 0),
(106, 'b45f6ddd-5040-47c1-b8a1-dd1f9c97f190', '005_member', 0),
(106, 'b45f6ddd-5040-47c1-b8a1-dd1f9c97f190', '006_member', 0),
(106, 'b45f6ddd-5040-47c1-b8a1-dd1f9c97f190', '007_member', 0),
(106, 'b45f6ddd-5040-47c1-b8a1-dd1f9c97f190', '008_member', 0),
(106, 'b45f6ddd-5040-47c1-b8a1-dd1f9c97f190', '009_member', 0),
(106, 'b45f6ddd-5040-47c1-b8a1-dd1f9c97f190', '010_member', 0),
(106, 'b45f6ddd-5040-47c1-b8a1-dd1f9c97f190', '011_member', 0),
(106, 'b45f6ddd-5040-47c1-b8a1-dd1f9c97f190', '012_member', 0),
(106, 'b45f6ddd-5040-47c1-b8a1-dd1f9c97f190', '013_member', 0),
(106, 'b45f6ddd-5040-47c1-b8a1-dd1f9c97f190', '014_member', 0),
(106, 'b45f6ddd-5040-47c1-b8a1-dd1f9c97f190', '015_member', 0),
(106, 'b45f6ddd-5040-47c1-b8a1-dd1f9c97f190', '016_member', 0),
(106, 'b45f6ddd-5040-47c1-b8a1-dd1f9c97f190', '017_member', 0),
(106, 'b45f6ddd-5040-47c1-b8a1-dd1f9c97f190', '018_member', 0),
(106, 'b45f6ddd-5040-47c1-b8a1-dd1f9c97f190', '019_member', 0),
(106, 'b45f6ddd-5040-47c1-b8a1-dd1f9c97f190', '020_member', 0),
(106, 'b45f6ddd-5040-47c1-b8a1-dd1f9c97f190', '021_member', 0),
(106, 'b45f6ddd-5040-47c1-b8a1-dd1f9c97f190', '022_member', 0),
(106, 'b45f6ddd-5040-47c1-b8a1-dd1f9c97f190', '023_member', 0),
(108, '7962874a-b462-403e-8234-f81ef7c4c79d', '001_member', 2),
(108, '7962874a-b462-403e-8234-f81ef7c4c79d', '002_member', 2),
(108, '7962874a-b462-403e-8234-f81ef7c4c79d', '003_member', 2),
(108, '7962874a-b462-403e-8234-f81ef7c4c79d', '004_member', 2),
(108, '7962874a-b462-403e-8234-f81ef7c4c79d', '005_member', 2),
(108, '7962874a-b462-403e-8234-f81ef7c4c79d', '006_member', 2),
(108, '7962874a-b462-403e-8234-f81ef7c4c79d', '007_member', 2),
(108, '7962874a-b462-403e-8234-f81ef7c4c79d', '008_member', 2),
(108, '7962874a-b462-403e-8234-f81ef7c4c79d', '009_member', 2),
(108, '7962874a-b462-403e-8234-f81ef7c4c79d', '010_member', 2),
(108, '7962874a-b462-403e-8234-f81ef7c4c79d', '011_member', 2),
(108, '7962874a-b462-403e-8234-f81ef7c4c79d', '012_member', 2),
(108, '7962874a-b462-403e-8234-f81ef7c4c79d', '013_member', 2),
(108, '7962874a-b462-403e-8234-f81ef7c4c79d', '014_member', 2),
(108, '7962874a-b462-403e-8234-f81ef7c4c79d', '015_member', 2),
(108, '7962874a-b462-403e-8234-f81ef7c4c79d', '016_member', 2),
(108, '7962874a-b462-403e-8234-f81ef7c4c79d', '017_member', 2),
(108, '7962874a-b462-403e-8234-f81ef7c4c79d', '018_member', 2),
(108, '7962874a-b462-403e-8234-f81ef7c4c79d', '019_member', 2),
(108, '7962874a-b462-403e-8234-f81ef7c4c79d', '020_member', 2),
(108, '7962874a-b462-403e-8234-f81ef7c4c79d', '021_member', 2),
(108, '7962874a-b462-403e-8234-f81ef7c4c79d', '022_member', 2),
(108, '7962874a-b462-403e-8234-f81ef7c4c79d', '023_member', 2),
(109, '9b0e8968-210f-4fce-b2e4-1a2c966c369b', '001_member', 0),
(109, '9b0e8968-210f-4fce-b2e4-1a2c966c369b', '002_member', 0),
(109, '9b0e8968-210f-4fce-b2e4-1a2c966c369b', '003_member', 0),
(109, '9b0e8968-210f-4fce-b2e4-1a2c966c369b', '004_member', 0),
(109, '9b0e8968-210f-4fce-b2e4-1a2c966c369b', '005_member', 0),
(109, '9b0e8968-210f-4fce-b2e4-1a2c966c369b', '006_member', 0),
(109, '9b0e8968-210f-4fce-b2e4-1a2c966c369b', '007_member', 0),
(109, '9b0e8968-210f-4fce-b2e4-1a2c966c369b', '008_member', 0),
(109, '9b0e8968-210f-4fce-b2e4-1a2c966c369b', '009_member', 0),
(109, '9b0e8968-210f-4fce-b2e4-1a2c966c369b', '010_member', 0),
(109, '9b0e8968-210f-4fce-b2e4-1a2c966c369b', '011_member', 0),
(109, '9b0e8968-210f-4fce-b2e4-1a2c966c369b', '012_member', 0),
(109, '9b0e8968-210f-4fce-b2e4-1a2c966c369b', '013_member', 0),
(109, '9b0e8968-210f-4fce-b2e4-1a2c966c369b', '014_member', 0),
(109, '9b0e8968-210f-4fce-b2e4-1a2c966c369b', '015_member', 0),
(109, '9b0e8968-210f-4fce-b2e4-1a2c966c369b', '016_member', 0),
(109, '9b0e8968-210f-4fce-b2e4-1a2c966c369b', '017_member', 0),
(109, '9b0e8968-210f-4fce-b2e4-1a2c966c369b', '018_member', 0),
(109, '9b0e8968-210f-4fce-b2e4-1a2c966c369b', '019_member', 0),
(109, '9b0e8968-210f-4fce-b2e4-1a2c966c369b', '020_member', 0),
(109, '9b0e8968-210f-4fce-b2e4-1a2c966c369b', '021_member', 0),
(109, '9b0e8968-210f-4fce-b2e4-1a2c966c369b', '022_member', 0),
(109, '9b0e8968-210f-4fce-b2e4-1a2c966c369b', '023_member', 0),
(110, '5f514351-4bc6-477b-8c01-811916ed1d5a', '001_member', 0),
(110, '5f514351-4bc6-477b-8c01-811916ed1d5a', '002_member', 0),
(110, '5f514351-4bc6-477b-8c01-811916ed1d5a', '003_member', 0),
(110, '5f514351-4bc6-477b-8c01-811916ed1d5a', '004_member', 0),
(110, '5f514351-4bc6-477b-8c01-811916ed1d5a', '005_member', 0),
(110, '5f514351-4bc6-477b-8c01-811916ed1d5a', '006_member', 0),
(110, '5f514351-4bc6-477b-8c01-811916ed1d5a', '007_member', 0),
(110, '5f514351-4bc6-477b-8c01-811916ed1d5a', '008_member', 0),
(110, '5f514351-4bc6-477b-8c01-811916ed1d5a', '009_member', 0),
(110, '5f514351-4bc6-477b-8c01-811916ed1d5a', '010_member', 0),
(110, '5f514351-4bc6-477b-8c01-811916ed1d5a', '011_member', 0),
(110, '5f514351-4bc6-477b-8c01-811916ed1d5a', '012_member', 0),
(110, '5f514351-4bc6-477b-8c01-811916ed1d5a', '013_member', 0),
(110, '5f514351-4bc6-477b-8c01-811916ed1d5a', '014_member', 0),
(110, '5f514351-4bc6-477b-8c01-811916ed1d5a', '015_member', 0),
(110, '5f514351-4bc6-477b-8c01-811916ed1d5a', '016_member', 0),
(110, '5f514351-4bc6-477b-8c01-811916ed1d5a', '017_member', 0),
(110, '5f514351-4bc6-477b-8c01-811916ed1d5a', '018_member', 0),
(110, '5f514351-4bc6-477b-8c01-811916ed1d5a', '019_member', 0),
(110, '5f514351-4bc6-477b-8c01-811916ed1d5a', '020_member', 0),
(110, '5f514351-4bc6-477b-8c01-811916ed1d5a', '021_member', 0),
(110, '5f514351-4bc6-477b-8c01-811916ed1d5a', '022_member', 0),
(110, '5f514351-4bc6-477b-8c01-811916ed1d5a', '023_member', 0),
(111, 'b4986cbf-2b13-439f-8381-18fa37500665', '001_member', 0),
(111, 'b4986cbf-2b13-439f-8381-18fa37500665', '002_member', 0),
(111, 'b4986cbf-2b13-439f-8381-18fa37500665', '003_member', 0),
(111, 'b4986cbf-2b13-439f-8381-18fa37500665', '004_member', 0),
(111, 'b4986cbf-2b13-439f-8381-18fa37500665', '005_member', 0),
(111, 'b4986cbf-2b13-439f-8381-18fa37500665', '006_member', 0),
(111, 'b4986cbf-2b13-439f-8381-18fa37500665', '007_member', 0),
(111, 'b4986cbf-2b13-439f-8381-18fa37500665', '008_member', 0),
(111, 'b4986cbf-2b13-439f-8381-18fa37500665', '009_member', 0),
(111, 'b4986cbf-2b13-439f-8381-18fa37500665', '010_member', 0),
(111, 'b4986cbf-2b13-439f-8381-18fa37500665', '011_member', 0),
(111, 'b4986cbf-2b13-439f-8381-18fa37500665', '012_member', 0),
(111, 'b4986cbf-2b13-439f-8381-18fa37500665', '013_member', 0),
(111, 'b4986cbf-2b13-439f-8381-18fa37500665', '014_member', 0),
(111, 'b4986cbf-2b13-439f-8381-18fa37500665', '015_member', 0),
(111, 'b4986cbf-2b13-439f-8381-18fa37500665', '016_member', 0),
(111, 'b4986cbf-2b13-439f-8381-18fa37500665', '017_member', 0),
(111, 'b4986cbf-2b13-439f-8381-18fa37500665', '018_member', 0),
(111, 'b4986cbf-2b13-439f-8381-18fa37500665', '019_member', 0),
(111, 'b4986cbf-2b13-439f-8381-18fa37500665', '020_member', 0),
(111, 'b4986cbf-2b13-439f-8381-18fa37500665', '021_member', 0),
(111, 'b4986cbf-2b13-439f-8381-18fa37500665', '022_member', 0),
(111, 'b4986cbf-2b13-439f-8381-18fa37500665', '023_member', 0),
(129, 'd5aef6cd-b237-4e1b-a9c0-3d01afba4be9', '001_member', 0),
(129, 'd5aef6cd-b237-4e1b-a9c0-3d01afba4be9', '002_member', 0),
(129, 'd5aef6cd-b237-4e1b-a9c0-3d01afba4be9', '003_member', 0),
(129, 'd5aef6cd-b237-4e1b-a9c0-3d01afba4be9', '004_member', 0),
(129, 'd5aef6cd-b237-4e1b-a9c0-3d01afba4be9', '005_member', 0),
(129, 'd5aef6cd-b237-4e1b-a9c0-3d01afba4be9', '006_member', 0),
(129, 'd5aef6cd-b237-4e1b-a9c0-3d01afba4be9', '007_member', 0),
(129, 'd5aef6cd-b237-4e1b-a9c0-3d01afba4be9', '008_member', 0),
(129, 'd5aef6cd-b237-4e1b-a9c0-3d01afba4be9', '009_member', 0),
(129, 'd5aef6cd-b237-4e1b-a9c0-3d01afba4be9', '010_member', 0),
(129, 'd5aef6cd-b237-4e1b-a9c0-3d01afba4be9', '011_member', 0),
(129, 'd5aef6cd-b237-4e1b-a9c0-3d01afba4be9', '012_member', 0),
(129, 'd5aef6cd-b237-4e1b-a9c0-3d01afba4be9', '013_member', 0),
(129, 'd5aef6cd-b237-4e1b-a9c0-3d01afba4be9', '014_member', 0),
(129, 'd5aef6cd-b237-4e1b-a9c0-3d01afba4be9', '015_member', 0),
(129, 'd5aef6cd-b237-4e1b-a9c0-3d01afba4be9', '016_member', 0),
(129, 'd5aef6cd-b237-4e1b-a9c0-3d01afba4be9', '017_member', 0),
(129, 'd5aef6cd-b237-4e1b-a9c0-3d01afba4be9', '018_member', 0),
(129, 'd5aef6cd-b237-4e1b-a9c0-3d01afba4be9', '019_member', 0),
(129, 'd5aef6cd-b237-4e1b-a9c0-3d01afba4be9', '020_member', 0),
(129, 'd5aef6cd-b237-4e1b-a9c0-3d01afba4be9', '021_member', 0),
(129, 'd5aef6cd-b237-4e1b-a9c0-3d01afba4be9', '022_member', 0),
(129, 'd5aef6cd-b237-4e1b-a9c0-3d01afba4be9', '023_member', 0),
(141, '4aafbd2b-8f7b-4fe8-85a1-cc1cad2787fd', '001_member', 0),
(141, '4aafbd2b-8f7b-4fe8-85a1-cc1cad2787fd', '002_member', 0),
(141, '4aafbd2b-8f7b-4fe8-85a1-cc1cad2787fd', '003_member', 0),
(141, '4aafbd2b-8f7b-4fe8-85a1-cc1cad2787fd', '004_member', 0),
(141, '4aafbd2b-8f7b-4fe8-85a1-cc1cad2787fd', '005_member', 0),
(141, '4aafbd2b-8f7b-4fe8-85a1-cc1cad2787fd', '006_member', 0),
(141, '4aafbd2b-8f7b-4fe8-85a1-cc1cad2787fd', '007_member', 0),
(141, '4aafbd2b-8f7b-4fe8-85a1-cc1cad2787fd', '008_member', 0),
(141, '4aafbd2b-8f7b-4fe8-85a1-cc1cad2787fd', '009_member', 0),
(141, '4aafbd2b-8f7b-4fe8-85a1-cc1cad2787fd', '010_member', 0),
(141, '4aafbd2b-8f7b-4fe8-85a1-cc1cad2787fd', '011_member', 0),
(141, '4aafbd2b-8f7b-4fe8-85a1-cc1cad2787fd', '012_member', 0),
(141, '4aafbd2b-8f7b-4fe8-85a1-cc1cad2787fd', '013_member', 0),
(141, '4aafbd2b-8f7b-4fe8-85a1-cc1cad2787fd', '014_member', 0),
(141, '4aafbd2b-8f7b-4fe8-85a1-cc1cad2787fd', '015_member', 0),
(141, '4aafbd2b-8f7b-4fe8-85a1-cc1cad2787fd', '016_member', 0),
(141, '4aafbd2b-8f7b-4fe8-85a1-cc1cad2787fd', '017_member', 0),
(141, '4aafbd2b-8f7b-4fe8-85a1-cc1cad2787fd', '018_member', 0),
(141, '4aafbd2b-8f7b-4fe8-85a1-cc1cad2787fd', '019_member', 0),
(141, '4aafbd2b-8f7b-4fe8-85a1-cc1cad2787fd', '020_member', 0),
(141, '4aafbd2b-8f7b-4fe8-85a1-cc1cad2787fd', '021_member', 0),
(141, '4aafbd2b-8f7b-4fe8-85a1-cc1cad2787fd', '022_member', 0),
(141, '4aafbd2b-8f7b-4fe8-85a1-cc1cad2787fd', '023_member', 0),
(152, '08362041-871d-4260-b3da-87b6c01d64a5', '001_member', 0),
(152, '08362041-871d-4260-b3da-87b6c01d64a5', '002_member', 0),
(152, '08362041-871d-4260-b3da-87b6c01d64a5', '003_member', 0),
(152, '08362041-871d-4260-b3da-87b6c01d64a5', '004_member', 0),
(152, '08362041-871d-4260-b3da-87b6c01d64a5', '005_member', 0),
(152, '08362041-871d-4260-b3da-87b6c01d64a5', '006_member', 0),
(152, '08362041-871d-4260-b3da-87b6c01d64a5', '007_member', 0),
(152, '08362041-871d-4260-b3da-87b6c01d64a5', '008_member', 0),
(152, '08362041-871d-4260-b3da-87b6c01d64a5', '009_member', 0),
(152, '08362041-871d-4260-b3da-87b6c01d64a5', '010_member', 0),
(152, '08362041-871d-4260-b3da-87b6c01d64a5', '011_member', 0),
(152, '08362041-871d-4260-b3da-87b6c01d64a5', '012_member', 0),
(152, '08362041-871d-4260-b3da-87b6c01d64a5', '013_member', 0),
(152, '08362041-871d-4260-b3da-87b6c01d64a5', '014_member', 0),
(152, '08362041-871d-4260-b3da-87b6c01d64a5', '015_member', 0),
(152, '08362041-871d-4260-b3da-87b6c01d64a5', '016_member', 0),
(152, '08362041-871d-4260-b3da-87b6c01d64a5', '017_member', 0),
(152, '08362041-871d-4260-b3da-87b6c01d64a5', '018_member', 0),
(152, '08362041-871d-4260-b3da-87b6c01d64a5', '019_member', 0),
(152, '08362041-871d-4260-b3da-87b6c01d64a5', '020_member', 0),
(152, '08362041-871d-4260-b3da-87b6c01d64a5', '021_member', 0),
(152, '08362041-871d-4260-b3da-87b6c01d64a5', '022_member', 0),
(152, '08362041-871d-4260-b3da-87b6c01d64a5', '023_member', 0),
(158, 'a659b366-baa7-4011-802d-c32b6c1f4c7e', '001_admin',  0),
(158, 'a659b366-baa7-4011-802d-c32b6c1f4c7e', '002_admin',  0),
(158, 'a659b366-baa7-4011-802d-c32b6c1f4c7e', '003_admin',  0),
(158, 'a659b366-baa7-4011-802d-c32b6c1f4c7e', '004_admin',  0),
(158, 'a659b366-baa7-4011-802d-c32b6c1f4c7e', '005_admin',  0),
(158, 'a659b366-baa7-4011-802d-c32b6c1f4c7e', '006_admin',  0),
(158, 'a659b366-baa7-4011-802d-c32b6c1f4c7e', '007_admin',  0),
(158, 'a659b366-baa7-4011-802d-c32b6c1f4c7e', '008_admin',  0),
(158, 'a659b366-baa7-4011-802d-c32b6c1f4c7e', '009_admin',  0),
(158, 'a659b366-baa7-4011-802d-c32b6c1f4c7e', '010_admin',  0),
(158, 'a659b366-baa7-4011-802d-c32b6c1f4c7e', '011_admin',  0),
(158, 'a659b366-baa7-4011-802d-c32b6c1f4c7e', '012_admin',  0),
(158, 'a659b366-baa7-4011-802d-c32b6c1f4c7e', '013_admin',  0),
(158, 'a659b366-baa7-4011-802d-c32b6c1f4c7e', '014_admin',  0),
(158, 'a659b366-baa7-4011-802d-c32b6c1f4c7e', '015_admin',  0),
(158, 'a659b366-baa7-4011-802d-c32b6c1f4c7e', '016_admin',  0),
(158, 'a659b366-baa7-4011-802d-c32b6c1f4c7e', '017_admin',  0),
(158, 'a659b366-baa7-4011-802d-c32b6c1f4c7e', '018_admin',  0),
(158, 'a659b366-baa7-4011-802d-c32b6c1f4c7e', '019_admin',  0),
(158, 'a659b366-baa7-4011-802d-c32b6c1f4c7e', '020_admin',  0),
(158, 'a659b366-baa7-4011-802d-c32b6c1f4c7e', '021_admin',  0),
(158, 'a659b366-baa7-4011-802d-c32b6c1f4c7e', '022_admin',  0),
(158, 'a659b366-baa7-4011-802d-c32b6c1f4c7e', '023_admin',  0),
(158, 'a659b366-baa7-4011-802d-c32b6c1f4c7e', '024_admin',  0),
(158, 'a659b366-baa7-4011-802d-c32b6c1f4c7e', '025_admin',  0),
(158, 'a659b366-baa7-4011-802d-c32b6c1f4c7e', '026_admin',  0),
(158, 'a659b366-baa7-4011-802d-c32b6c1f4c7e', '027_admin',  0),
(158, 'a659b366-baa7-4011-802d-c32b6c1f4c7e', '028_admin',  0),
(158, 'a659b366-baa7-4011-802d-c32b6c1f4c7e', '029_admin',  0),
(158, 'a659b366-baa7-4011-802d-c32b6c1f4c7e', '030_admin',  0),
(158, 'a659b366-baa7-4011-802d-c32b6c1f4c7e', '031_admin',  0),
(158, 'a659b366-baa7-4011-802d-c32b6c1f4c7e', '032_admin',  0),
(158, 'a659b366-baa7-4011-802d-c32b6c1f4c7e', '033_admin',  0),
(158, 'a659b366-baa7-4011-802d-c32b6c1f4c7e', '034_admin',  0),
(158, 'a659b366-baa7-4011-802d-c32b6c1f4c7e', '035_admin',  0),
(158, 'a659b366-baa7-4011-802d-c32b6c1f4c7e', '036_admin',  0),
(158, 'a659b366-baa7-4011-802d-c32b6c1f4c7e', '037_admin',  0),
(158, 'a659b366-baa7-4011-802d-c32b6c1f4c7e', '038_admin',  0),
(158, 'a659b366-baa7-4011-802d-c32b6c1f4c7e', '039_admin',  0),
(158, 'a659b366-baa7-4011-802d-c32b6c1f4c7e', '040_admin',  0),
(158, 'a659b366-baa7-4011-802d-c32b6c1f4c7e', '041_admin',  0),
(158, 'a659b366-baa7-4011-802d-c32b6c1f4c7e', '042_admin',  0),
(158, 'a659b366-baa7-4011-802d-c32b6c1f4c7e', '043_admin',  0),
(180, '4c4010de-05d0-44f0-91e8-9fc163df7683', '001_member', 0),
(180, '4c4010de-05d0-44f0-91e8-9fc163df7683', '002_member', 0),
(180, '4c4010de-05d0-44f0-91e8-9fc163df7683', '003_member', 0),
(180, '4c4010de-05d0-44f0-91e8-9fc163df7683', '004_member', 0),
(180, '4c4010de-05d0-44f0-91e8-9fc163df7683', '005_member', 0),
(180, '4c4010de-05d0-44f0-91e8-9fc163df7683', '006_member', 0),
(180, '4c4010de-05d0-44f0-91e8-9fc163df7683', '007_member', 0),
(180, '4c4010de-05d0-44f0-91e8-9fc163df7683', '008_member', 0),
(180, '4c4010de-05d0-44f0-91e8-9fc163df7683', '009_member', 0),
(180, '4c4010de-05d0-44f0-91e8-9fc163df7683', '010_member', 0),
(180, '4c4010de-05d0-44f0-91e8-9fc163df7683', '011_member', 0),
(180, '4c4010de-05d0-44f0-91e8-9fc163df7683', '012_member', 0),
(180, '4c4010de-05d0-44f0-91e8-9fc163df7683', '013_member', 0),
(180, '4c4010de-05d0-44f0-91e8-9fc163df7683', '014_member', 0),
(180, '4c4010de-05d0-44f0-91e8-9fc163df7683', '015_member', 0),
(180, '4c4010de-05d0-44f0-91e8-9fc163df7683', '016_member', 0),
(180, '4c4010de-05d0-44f0-91e8-9fc163df7683', '017_member', 0),
(180, '4c4010de-05d0-44f0-91e8-9fc163df7683', '018_member', 0),
(180, '4c4010de-05d0-44f0-91e8-9fc163df7683', '019_member', 0),
(180, '4c4010de-05d0-44f0-91e8-9fc163df7683', '020_member', 0),
(180, '4c4010de-05d0-44f0-91e8-9fc163df7683', '021_member', 0),
(180, '4c4010de-05d0-44f0-91e8-9fc163df7683', '022_member', 0),
(180, '4c4010de-05d0-44f0-91e8-9fc163df7683', '023_member', 0),
(193, 'a659b366-baa7-4011-802d-c32b6c1f4c7e', '044_admin',  0),
(193, 'a659b366-baa7-4011-802d-c32b6c1f4c7e', '045_admin',  0),
(194, 'admin',  '044_admin',  0),
(194, 'admin',  '045_admin',  0),
(195, 'fbd64bad-5f67-49bf-8e6c-b500470cc53f', '044_admin',  0),
(195, 'fbd64bad-5f67-49bf-8e6c-b500470cc53f', '045_admin',  0),
(196, '3af8fb1c-7da1-4bb1-8621-1d6e9f8788ad', '044_admin',  0),
(196, '3af8fb1c-7da1-4bb1-8621-1d6e9f8788ad', '045_admin',  0),
(205, 'admin',  '046_admin',  0),
(206, 'fbd64bad-5f67-49bf-8e6c-b500470cc53f', '046_admin',  0),
(207, '3af8fb1c-7da1-4bb1-8621-1d6e9f8788ad', '046_admin',  0),
(208, 'a659b366-baa7-4011-802d-c32b6c1f4c7e', '046_admin',  0),
(211, '230ab3b7-464a-4c0d-aa61-1eb783396d7a', '001_member', 0),
(211, '230ab3b7-464a-4c0d-aa61-1eb783396d7a', '002_member', 0),
(211, '230ab3b7-464a-4c0d-aa61-1eb783396d7a', '003_member', 0),
(211, '230ab3b7-464a-4c0d-aa61-1eb783396d7a', '004_member', 0),
(211, '230ab3b7-464a-4c0d-aa61-1eb783396d7a', '005_member', 0),
(211, '230ab3b7-464a-4c0d-aa61-1eb783396d7a', '006_member', 0),
(211, '230ab3b7-464a-4c0d-aa61-1eb783396d7a', '007_member', 0),
(211, '230ab3b7-464a-4c0d-aa61-1eb783396d7a', '008_member', 0),
(211, '230ab3b7-464a-4c0d-aa61-1eb783396d7a', '009_member', 0),
(211, '230ab3b7-464a-4c0d-aa61-1eb783396d7a', '010_member', 0),
(211, '230ab3b7-464a-4c0d-aa61-1eb783396d7a', '011_member', 0),
(211, '230ab3b7-464a-4c0d-aa61-1eb783396d7a', '012_member', 0),
(211, '230ab3b7-464a-4c0d-aa61-1eb783396d7a', '013_member', 0),
(211, '230ab3b7-464a-4c0d-aa61-1eb783396d7a', '014_member', 0),
(211, '230ab3b7-464a-4c0d-aa61-1eb783396d7a', '015_member', 0),
(211, '230ab3b7-464a-4c0d-aa61-1eb783396d7a', '016_member', 0),
(211, '230ab3b7-464a-4c0d-aa61-1eb783396d7a', '017_member', 0),
(211, '230ab3b7-464a-4c0d-aa61-1eb783396d7a', '018_member', 0),
(211, '230ab3b7-464a-4c0d-aa61-1eb783396d7a', '019_member', 0),
(211, '230ab3b7-464a-4c0d-aa61-1eb783396d7a', '020_member', 0),
(211, '230ab3b7-464a-4c0d-aa61-1eb783396d7a', '021_member', 0),
(211, '230ab3b7-464a-4c0d-aa61-1eb783396d7a', '022_member', 0),
(211, '230ab3b7-464a-4c0d-aa61-1eb783396d7a', '023_member', 0),
(211, '230ab3b7-464a-4c0d-aa61-1eb783396d7a', '024_member', 0),
(211, '230ab3b7-464a-4c0d-aa61-1eb783396d7a', '025_member', 0),
(211, '230ab3b7-464a-4c0d-aa61-1eb783396d7a', '026_member', 0),
(231, '633c68ee-0905-4a2e-b4ef-2c175965b569', '001_member', 0),
(231, '633c68ee-0905-4a2e-b4ef-2c175965b569', '002_member', 0),
(231, '633c68ee-0905-4a2e-b4ef-2c175965b569', '003_member', 0),
(231, '633c68ee-0905-4a2e-b4ef-2c175965b569', '004_member', 0),
(231, '633c68ee-0905-4a2e-b4ef-2c175965b569', '005_member', 0),
(231, '633c68ee-0905-4a2e-b4ef-2c175965b569', '006_member', 0),
(231, '633c68ee-0905-4a2e-b4ef-2c175965b569', '007_member', 0),
(231, '633c68ee-0905-4a2e-b4ef-2c175965b569', '008_member', 0),
(231, '633c68ee-0905-4a2e-b4ef-2c175965b569', '009_member', 0),
(231, '633c68ee-0905-4a2e-b4ef-2c175965b569', '010_member', 0),
(231, '633c68ee-0905-4a2e-b4ef-2c175965b569', '011_member', 0),
(231, '633c68ee-0905-4a2e-b4ef-2c175965b569', '012_member', 0),
(231, '633c68ee-0905-4a2e-b4ef-2c175965b569', '013_member', 0),
(231, '633c68ee-0905-4a2e-b4ef-2c175965b569', '014_member', 0),
(231, '633c68ee-0905-4a2e-b4ef-2c175965b569', '015_member', 0),
(231, '633c68ee-0905-4a2e-b4ef-2c175965b569', '016_member', 0),
(231, '633c68ee-0905-4a2e-b4ef-2c175965b569', '017_member', 0),
(231, '633c68ee-0905-4a2e-b4ef-2c175965b569', '018_member', 0),
(231, '633c68ee-0905-4a2e-b4ef-2c175965b569', '019_member', 0),
(231, '633c68ee-0905-4a2e-b4ef-2c175965b569', '020_member', 0),
(231, '633c68ee-0905-4a2e-b4ef-2c175965b569', '021_member', 0),
(231, '633c68ee-0905-4a2e-b4ef-2c175965b569', '022_member', 0),
(231, '633c68ee-0905-4a2e-b4ef-2c175965b569', '023_member', 0),
(231, '633c68ee-0905-4a2e-b4ef-2c175965b569', '024_member', 0),
(231, '633c68ee-0905-4a2e-b4ef-2c175965b569', '025_member', 0),
(231, '633c68ee-0905-4a2e-b4ef-2c175965b569', '026_member', 0),
(237, 'd46f44f7-4f9f-47d8-ac83-a46df738bf59', '001_member', 0),
(237, 'd46f44f7-4f9f-47d8-ac83-a46df738bf59', '002_member', 0),
(237, 'd46f44f7-4f9f-47d8-ac83-a46df738bf59', '003_member', 0),
(237, 'd46f44f7-4f9f-47d8-ac83-a46df738bf59', '004_member', 0),
(237, 'd46f44f7-4f9f-47d8-ac83-a46df738bf59', '005_member', 0),
(237, 'd46f44f7-4f9f-47d8-ac83-a46df738bf59', '006_member', 0),
(237, 'd46f44f7-4f9f-47d8-ac83-a46df738bf59', '007_member', 0),
(237, 'd46f44f7-4f9f-47d8-ac83-a46df738bf59', '008_member', 0),
(237, 'd46f44f7-4f9f-47d8-ac83-a46df738bf59', '009_member', 0),
(237, 'd46f44f7-4f9f-47d8-ac83-a46df738bf59', '010_member', 0),
(237, 'd46f44f7-4f9f-47d8-ac83-a46df738bf59', '011_member', 0),
(237, 'd46f44f7-4f9f-47d8-ac83-a46df738bf59', '012_member', 0),
(237, 'd46f44f7-4f9f-47d8-ac83-a46df738bf59', '013_member', 0),
(237, 'd46f44f7-4f9f-47d8-ac83-a46df738bf59', '014_member', 0),
(237, 'd46f44f7-4f9f-47d8-ac83-a46df738bf59', '015_member', 0),
(237, 'd46f44f7-4f9f-47d8-ac83-a46df738bf59', '016_member', 0),
(237, 'd46f44f7-4f9f-47d8-ac83-a46df738bf59', '017_member', 0),
(237, 'd46f44f7-4f9f-47d8-ac83-a46df738bf59', '018_member', 0),
(237, 'd46f44f7-4f9f-47d8-ac83-a46df738bf59', '019_member', 0),
(237, 'd46f44f7-4f9f-47d8-ac83-a46df738bf59', '020_member', 0),
(237, 'd46f44f7-4f9f-47d8-ac83-a46df738bf59', '021_member', 0),
(237, 'd46f44f7-4f9f-47d8-ac83-a46df738bf59', '022_member', 0),
(237, 'd46f44f7-4f9f-47d8-ac83-a46df738bf59', '023_member', 0),
(237, 'd46f44f7-4f9f-47d8-ac83-a46df738bf59', '024_member', 0),
(237, 'd46f44f7-4f9f-47d8-ac83-a46df738bf59', '025_member', 0),
(237, 'd46f44f7-4f9f-47d8-ac83-a46df738bf59', '026_member', 0),
(261, 'a659b366-baa7-4011-802d-c32b6c1f4c7e', '047_admin',  0),
(261, 'a659b366-baa7-4011-802d-c32b6c1f4c7e', '048_admin',  0),
(262, 'admin',  '047_admin',  0),
(262, 'admin',  '048_admin',  0),
(263, 'a659b366-baa7-4011-802d-c32b6c1f4c7e', '047_admin',  0),
(263, 'a659b366-baa7-4011-802d-c32b6c1f4c7e', '048_admin',  0),
(264, 'admin',  '047_admin',  0),
(264, 'admin',  '048_admin',  0);

DROP TABLE IF EXISTS `c_token_authentication`;
CREATE TABLE `c_token_authentication` (
  `id` varchar(36) NOT NULL,
  `expired_date` datetime DEFAULT NULL,
  `token` varchar(255) DEFAULT NULL,
  `token_type` varchar(255) DEFAULT NULL,
  `id_user` varchar(36) NOT NULL,
  PRIMARY KEY (`id`),
  UNIQUE KEY `UK7y38ju6lg52cqtygd1s6dhb7q` (`id_user`,`token_type`),
  UNIQUE KEY `UK_51tcmkj2ufarqmqwdruubgkcl` (`token`),
  CONSTRAINT `FKpe165dt0wrxcgtvc4i470s4ll` FOREIGN KEY (`id_user`) REFERENCES `c_security_user` (`id`)
) ENGINE=InnoDB DEFAULT CHARSET=latin1;


DROP TABLE IF EXISTS `c_token_otp`;
CREATE TABLE `c_token_otp` (
  `id` varchar(36) NOT NULL,
  `email` varchar(255) NOT NULL,
  `expired_date` datetime NOT NULL,
  `jsession_id` varchar(255) NOT NULL,
  `token` varchar(255) NOT NULL,
  PRIMARY KEY (`id`),
  UNIQUE KEY `UK_trcgej9maiuc91uqxjluw3mq7` (`jsession_id`)
) ENGINE=InnoDB DEFAULT CHARSET=latin1;

INSERT INTO `c_token_otp` (`id`, `email`, `expired_date`, `jsession_id`, `token`) VALUES
('0bcf4fe1-0843-4aec-b012-f21f18c6caf1',  'admin.mpg@yopmail.com',  '2019-03-12 11:19:39',  'A6D7958765138DDEC97A2B4ABC3945C9', '9561'),
('14c22c3b-fbae-416a-b3e2-b805e99a8e27',  'vaansaa@yopmail.com',  '2019-03-11 09:54:38',  'F3B6BB5037EC403F858E97E343754C32', '6651'),
('1b10d3e3-dfc9-4743-a0a9-9fa83b2f75ff',  'admin.mpg@yopmail.com',  '2019-03-08 09:41:53',  '47502A12E83F99948FC7D5B45A9B4860', '7453'),
('27199c6a-9beb-43e0-bd98-f826c050d907',  'vaansaa@yopmail.com',  '2019-03-07 21:00:54',  'AE55134DA98506996EA2C9E8EF9D6CBB', '2327'),
('3cc87631-76ee-42d8-ae18-17beead3c3bf',  'admin.mpg@yopmail.com',  '2019-03-12 11:18:47',  'BBF23327EB15295C6127D0C520F748C1', '1733'),
('3d071cd3-8755-4abb-b650-b225e2bc05fe',  'vaansaa@yopmail.com',  '2019-03-06 14:48:38',  'A1CAF741E892F4F1360F66EBEFDACD86', '7249'),
('67ef2bdb-bb3b-4e6c-b756-100c92d9e97c',  'admin.mpg@yopmail.com',  '2019-03-08 10:50:45',  '0D4F47118B3455597014F142C532265C', '8647'),
('73388073-f276-4697-aaae-fef9f568c55d',  'vaansaa@yopmail.com',  '2019-03-12 11:11:44',  'BAB76944A17FEB51A9827EBB5082B08F', '0246'),
('87122d73-dad4-45e0-a93e-95ab78199f68',  'admin.mpg@yopmail.com',  '2019-03-11 10:37:11',  'CAFDA2857A55B0D6DB55143BA2A107C0', '6531'),
('879948f4-3378-4e04-a097-1a259643dee9',  'anggi.riyandi@yopmail.com',  '2019-03-11 15:58:03',  'AE85064E32B520BCA9238D447F6D9070', '5070'),
('d6d98729-cedc-4b56-8631-a1de69a76116',  'vaansaa@yopmail.com',  '2019-03-08 09:43:26',  'D706250153F401AE22847FAB8CF95A2C', '6149');

DROP TABLE IF EXISTS `dokumen_upload`;
CREATE TABLE `dokumen_upload` (
  `id` varchar(36) NOT NULL,
  `aktif` bit(1) DEFAULT NULL,
  `attachment` varchar(255) DEFAULT NULL,
  `judul_dukumen` varchar(100) NOT NULL,
  `tanggal_upload` date DEFAULT NULL,
  `uploader` varchar(50) NOT NULL,
  PRIMARY KEY (`id`),
  UNIQUE KEY `UK_gehp6m3gbvdgm7lth1o40qlda` (`judul_dukumen`)
) ENGINE=InnoDB DEFAULT CHARSET=latin1;

INSERT INTO `dokumen_upload` (`id`, `aktif`, `attachment`, `judul_dukumen`, `tanggal_upload`, `uploader`) VALUES
('02aaca26-a7b9-4e7a-ad0e-ba62aca674ff',  CONV('1', 2, 10) + 0, '20181029150329441-DCSTJ5paymentpdf.pdf', 'DCSTJ5_payment.pdf', '2018-10-29', 'admin.mpg@yopmail.com'),
('c70b839c-cf88-432a-8095-d8621c4c66d2',  CONV('0', 2, 10) + 0, '20190207122641793-20190207092128067FORMREGISTRASIMERCHANTKaraospdf.pdf', '20190207092128067-FORM-REGISTRASI-MERCHANT-Karaos.pdf',  '2019-02-07', 'admin.mpg@yopmail.com');

DROP TABLE IF EXISTS `flyway_schema_history`;
CREATE TABLE `flyway_schema_history` (
  `installed_rank` int(11) NOT NULL,
  `version` varchar(50) DEFAULT NULL,
  `description` varchar(200) NOT NULL,
  `type` varchar(20) NOT NULL,
  `script` varchar(1000) NOT NULL,
  `checksum` int(11) DEFAULT NULL,
  `installed_by` varchar(100) NOT NULL,
  `installed_on` timestamp NOT NULL DEFAULT CURRENT_TIMESTAMP,
  `execution_time` int(11) NOT NULL,
  `success` tinyint(1) NOT NULL,
  PRIMARY KEY (`installed_rank`),
  KEY `flyway_schema_history_s_idx` (`success`)
) ENGINE=InnoDB DEFAULT CHARSET=latin1;

INSERT INTO `flyway_schema_history` (`installed_rank`, `version`, `description`, `type`, `script`, `checksum`, `installed_by`, `installed_on`, `execution_time`, `success`) VALUES
(1, '1.0.1.2018052501', 'Schema Awal',  'SQL',  'V1.0.1.2018052501__Schema_Awal.sql', 1426770890, 'userMNT',  '2019-02-27 04:20:48',  12474,  1),
(2, '1.0.2.2019022802', 'Schema Log Trems', 'SQL',  'V1.0.2.2019022802__Schema_Log_Trems.sql',  1954162491, 'userMNT',  '2019-02-28 08:03:54',  131,  1),
(3, '1.0.2.2019030403', 'Schema Client Indihome', 'SQL',  'V1.0.2.2019030403__Schema_Client_Indihome.sql',  -1217597251,  'userMNT',  '2019-03-09 08:08:04',  889,  1);

DROP TABLE IF EXISTS `invoice_production`;
CREATE TABLE `invoice_production` (
  `id` varchar(36) NOT NULL,
  `amount` decimal(19,2) DEFAULT NULL,
  `expired_date` datetime NOT NULL,
  `invoice_number` varchar(255) NOT NULL,
  `merchant_id` varchar(255) NOT NULL,
  `merchant_key` varchar(255) NOT NULL,
  `merchant_product_code` varchar(255) DEFAULT NULL,
  `order_id` varchar(255) NOT NULL,
  `status_invoice` varchar(255) DEFAULT NULL,
  `va_expired` int(11) DEFAULT NULL,
  `id_client_partner` varchar(36) DEFAULT NULL,
  `id_merchant_gateway` varchar(36) DEFAULT NULL,
  `created_date` datetime DEFAULT NULL,
  PRIMARY KEY (`id`),
  UNIQUE KEY `UKbqwv9092a1yciay6d59dejej5` (`id_client_partner`,`order_id`),
  KEY `FKdi9yuf6osn6qdvmgomstwh8an` (`id_merchant_gateway`),
  CONSTRAINT `FKdi9yuf6osn6qdvmgomstwh8an` FOREIGN KEY (`id_merchant_gateway`) REFERENCES `merchant_gateway` (`id`),
  CONSTRAINT `FKp3vy5c2q3y5875g47k2v86i9y` FOREIGN KEY (`id_client_partner`) REFERENCES `m_client_partner` (`id`)
) ENGINE=InnoDB DEFAULT CHARSET=latin1;

INSERT INTO `invoice_production` (`id`, `amount`, `expired_date`, `invoice_number`, `merchant_id`, `merchant_key`, `merchant_product_code`, `order_id`, `status_invoice`, `va_expired`, `id_client_partner`, `id_merchant_gateway`, `created_date`) VALUES
('15f5fbfa-b6b8-46fe-a1e0-cde57e3fc75d',  573497080.00, '2019-03-07 15:50:19',  '195102293576192',  '195102293576', '41ffdf2f974c428393d747d84a82bdaf', NULL, '192',  'EXPIRED',  NULL, '4f57f911-0b53-4e56-be64-c5f0499f17f3', NULL, NULL),
('2acc4333-c511-4c9f-bf24-b992645d1578',  515.00, '2019-03-12 13:08:06',  '195102293576204',  '195102293576', '41ffdf2f974c428393d747d84a82bdaf', 'FINPAYTCASH',  '204',  'PAID', NULL, '4f57f911-0b53-4e56-be64-c5f0499f17f3', '753589ea-18de-46b5-9ac0-d35182d04d2f', '2019-03-11 13:08:06'),
('61c72fb2-acad-46c4-9349-f6d868a46fcb',  515.00, '2019-03-12 12:10:32',  '195102293576202',  '195102293576', '41ffdf2f974c428393d747d84a82bdaf', 'FINPAYTCASH',  '202',  'PAID', NULL, '4f57f911-0b53-4e56-be64-c5f0499f17f3', '753589ea-18de-46b5-9ac0-d35182d04d2f', '2019-03-11 12:10:32'),
('7bb62bc7-cbbc-443a-a721-150d2f921478',  515.00, '2019-03-12 12:40:05',  '195102293576203',  '195102293576', '41ffdf2f974c428393d747d84a82bdaf', 'FINPAYTCASH',  '203',  'PAID', NULL, '4f57f911-0b53-4e56-be64-c5f0499f17f3', '753589ea-18de-46b5-9ac0-d35182d04d2f', '2019-03-11 12:40:05'),
('c351a077-f1ca-49e2-abe4-b7b926146080',  1501.00,  '2019-03-09 16:04:40',  '195102293576112',  '195102293576', '41ffdf2f974c428393d747d84a82bdaf', 'FINPAYTCASH',  '112',  'PAID', NULL, '4f57f911-0b53-4e56-be64-c5f0499f17f3', '753589ea-18de-46b5-9ac0-d35182d04d2f', NULL),
('c5a691ae-e8a0-43bc-9bda-85795a5ab6a9',  1501.00,  '2019-03-07 09:35:31',  '195102293576191',  '195102293576', '41ffdf2f974c428393d747d84a82bdaf', 'FINPAYTCASH',  '191',  'PAID', NULL, '4f57f911-0b53-4e56-be64-c5f0499f17f3', '753589ea-18de-46b5-9ac0-d35182d04d2f', NULL),
('d777c3ea-86fe-4bce-a571-598086083330',  515.00, '2019-03-12 13:55:41',  '195102293576205',  '195102293576', '41ffdf2f974c428393d747d84a82bdaf', 'FINPAYTCASH',  '205',  'PAID', NULL, '4f57f911-0b53-4e56-be64-c5f0499f17f3', '753589ea-18de-46b5-9ac0-d35182d04d2f', '2019-03-11 13:55:41'),
('fa11cc41-27e9-4839-bfa9-463d98336b1a',  515.00, '2019-03-12 11:17:33',  '195102293576201',  '195102293576', '41ffdf2f974c428393d747d84a82bdaf', 'FINPAYTCASH',  '201',  'PAID', NULL, '4f57f911-0b53-4e56-be64-c5f0499f17f3', '753589ea-18de-46b5-9ac0-d35182d04d2f', '2019-03-11 11:17:33'),
('ff32401a-a96a-49f9-a0db-124f7bce5979',  501.00, '2019-03-09 16:52:05',  '195102293576115',  '195102293576', '41ffdf2f974c428393d747d84a82bdaf', NULL, '115',  'EXPIRED',  NULL, '4f57f911-0b53-4e56-be64-c5f0499f17f3', NULL, NULL);

DROP TABLE IF EXISTS `invoice_production_additional_value`;
CREATE TABLE `invoice_production_additional_value` (
  `id` varchar(36) NOT NULL,
  `value_content` varchar(255) DEFAULT NULL,
  `value_label` varchar(255) DEFAULT NULL,
  `invoice_id` varchar(36) DEFAULT NULL,
  PRIMARY KEY (`id`),
  KEY `FK2v3c0a84qkcgnd7m1rnb6wvjy` (`invoice_id`),
  CONSTRAINT `FK2v3c0a84qkcgnd7m1rnb6wvjy` FOREIGN KEY (`invoice_id`) REFERENCES `invoice_production` (`id`)
) ENGINE=InnoDB DEFAULT CHARSET=latin1;

INSERT INTO `invoice_production_additional_value` (`id`, `value_content`, `value_label`, `invoice_id`) VALUES
('0cc36b2c-3f00-4d48-9ba3-265787689845',  '08472711100',  'nomorHp',  '15f5fbfa-b6b8-46fe-a1e0-cde57e3fc75d'),
('0e801127-f4a4-4ddd-98e1-54eecb4c5ed3',  '0216602132', 'indihomeNumber', '15f5fbfa-b6b8-46fe-a1e0-cde57e3fc75d'),
('0fad9e10-01ab-4ad8-9b32-fbf58f459fbf',  '094701413',  'indihomeNumber', '61c72fb2-acad-46c4-9349-f6d868a46fcb'),
('15668531-8750-4358-9ee3-936af955359e',  'POSTPAID', 'transType',  'ff32401a-a96a-49f9-a0db-124f7bce5979'),
('174ea447-2fdf-42b7-8d8c-ef4aada69ddc',  '0216602132', 'indihomeNumber', 'c5a691ae-e8a0-43bc-9bda-85795a5ab6a9'),
('1b188848-70f7-4cbf-bac7-4bfccff377d5',  '08472711100',  'nomorHp',  'c5a691ae-e8a0-43bc-9bda-85795a5ab6a9'),
('2aac5cf3-7830-4758-b134-164b20ab6d80',  '20190308165204YbIZtes4L93IqnBlgG', 'systemReference',  'ff32401a-a96a-49f9-a0db-124f7bce5979'),
('2acaca3a-74a8-40a5-afb8-4c1d718dfced',  'POSTPAID', 'transType',  'd777c3ea-86fe-4bce-a571-598086083330'),
('2b1b23ac-c848-437d-8d43-783e5dd1633c',  '9823100',  'receiptNo',  'd777c3ea-86fe-4bce-a571-598086083330'),
('6652f397-dc65-46b3-b4d8-da2489edfaac',  'POSTPAID', 'transType',  'fa11cc41-27e9-4839-bfa9-463d98336b1a'),
('674bca3f-c5e7-49ef-9cc3-a0760c67a959',  'POSTPAID', 'transType',  'c5a691ae-e8a0-43bc-9bda-85795a5ab6a9'),
('69efe4e5-14e1-46a0-a8bf-a3df897714c1',  '20190311111732fcO3HlGD3FfYtG6RGp', 'systemReference',  'fa11cc41-27e9-4839-bfa9-463d98336b1a'),
('6a1fd4d4-285b-48eb-aa8b-f39f3bede57a',  '15931741', 'indihomeNumber', 'd777c3ea-86fe-4bce-a571-598086083330'),
('6adba387-3a30-499f-bede-b95632ff53b8',  '20190308160438KbL10MWmp08QqnB4VP', 'systemReference',  'c351a077-f1ca-49e2-abe4-b7b926146080'),
('6c90c892-39a4-423b-84a6-f04d23e8e6f4',  '021839121',  'indihomeNumber', 'fa11cc41-27e9-4839-bfa9-463d98336b1a'),
('793b7f51-6a84-4271-8ccc-73c394710101',  '9823100',  'receiptNo',  '2acc4333-c511-4c9f-bf24-b992645d1578'),
('7dc4a48f-6333-4de1-a84c-74666fa18622',  'POSTPAID', 'transType',  '61c72fb2-acad-46c4-9349-f6d868a46fcb'),
('83d3f232-7d6b-4208-98f4-1dae5a822ec3',  'POSTPAID', 'transType',  'c351a077-f1ca-49e2-abe4-b7b926146080'),
('8519d839-fe72-4ecb-8d8e-06378709f0f7',  '9823100',  'receiptNo',  '7bb62bc7-cbbc-443a-a721-150d2f921478'),
('89f9d688-fca6-49ae-828d-736906961190',  '', 'emailNotif', '15f5fbfa-b6b8-46fe-a1e0-cde57e3fc75d'),
('991157c8-3513-4bc0-9480-a35304e9f41c',  '08472711100',  'nomorHp',  'c351a077-f1ca-49e2-abe4-b7b926146080'),
('9ea297d2-d77d-4225-897a-a21ec762c6c3',  'POSTPAID', 'transType',  '2acc4333-c511-4c9f-bf24-b992645d1578'),
('a51d4717-7696-42e7-96d5-a995eb933558',  '27235992', 'indihomeNumber', 'ff32401a-a96a-49f9-a0db-124f7bce5979'),
('aca4d499-bb5b-47c9-811f-5ab4923d0174',  'POSTPAID', 'transType',  '7bb62bc7-cbbc-443a-a721-150d2f921478'),
('aedc33b6-eece-4787-841a-52241b2200fc',  '15931741', 'indihomeNumber', '2acc4333-c511-4c9f-bf24-b992645d1578'),
('b30663e2-c28c-48d2-a805-4a521842b914',  '', 'emailNotif', 'c351a077-f1ca-49e2-abe4-b7b926146080'),
('ba8c4b9c-11cb-4d7c-bea8-046d898bbd37',  '', 'emailNotif', 'c5a691ae-e8a0-43bc-9bda-85795a5ab6a9'),
('c48cc653-4d96-4ae1-a9c7-e0212578967a',  '20190311121031IKYVp4ZPnQyPbdn76X', 'systemReference',  '61c72fb2-acad-46c4-9349-f6d868a46fcb'),
('c86fcc6f-db9d-4663-8fe1-90bab0d6b06a',  '20190311135540IvUwjJy0xjofImRd07', 'systemReference',  'd777c3ea-86fe-4bce-a571-598086083330'),
('d47df428-2554-402a-aa16-1659ca73e405',  '20190311124004v5jFIm7y0RowshSsap', 'systemReference',  '7bb62bc7-cbbc-443a-a721-150d2f921478'),
('d6c2285c-c7eb-4e95-97c0-a3ebad2fdbd8',  '9981602312', 'indihomeNumber', 'c351a077-f1ca-49e2-abe4-b7b926146080'),
('e5e8f712-4a8e-4834-af91-43afbf21118b',  '20190311130806VRAFdwvOosmiSZvbr4', 'systemReference',  '2acc4333-c511-4c9f-bf24-b992645d1578'),
('f4cd79e1-77f3-47b1-ae37-4985061d933f',  'POSTPAID', 'transType',  '15f5fbfa-b6b8-46fe-a1e0-cde57e3fc75d'),
('f91b4d17-00f8-4ea1-bb32-a4895beb07c2',  '15931741', 'indihomeNumber', '7bb62bc7-cbbc-443a-a721-150d2f921478'),
('ff4582b2-6645-443a-81ba-1a286f452e68',  '9823100',  'receiptNo',  '61c72fb2-acad-46c4-9349-f6d868a46fcb');

DROP TABLE IF EXISTS `invoice_production_order_value`;
CREATE TABLE `invoice_production_order_value` (
  `id` varchar(36) NOT NULL,
  `value_content` varchar(255) DEFAULT NULL,
  `value_label` varchar(255) DEFAULT NULL,
  `invoice_id` varchar(36) DEFAULT NULL,
  PRIMARY KEY (`id`),
  KEY `FK8aaoepk1j4bd7437ignhih0w2` (`invoice_id`),
  CONSTRAINT `FK8aaoepk1j4bd7437ignhih0w2` FOREIGN KEY (`invoice_id`) REFERENCES `invoice_production` (`id`)
) ENGINE=InnoDB DEFAULT CHARSET=latin1;

INSERT INTO `invoice_production_order_value` (`id`, `value_content`, `value_label`, `invoice_id`) VALUES
('110eb948-1d5c-43ae-9077-e18f4d4010d1',  '1',  'quantity', '61c72fb2-acad-46c4-9349-f6d868a46fcb'),
('26ee45b2-aa7e-4e57-939b-edbbb8cdf38f',  'Tagihan bulan Agustus',  'productName',  '61c72fb2-acad-46c4-9349-f6d868a46fcb'),
('283e73e3-f211-49e0-a278-844b2ce149f9',  '1',  'quantity', 'c5a691ae-e8a0-43bc-9bda-85795a5ab6a9'),
('2850fd19-e42e-4f92-a34a-bb1395ba6f1f',  'Tagihan bulan September',  'productName',  '7bb62bc7-cbbc-443a-a721-150d2f921478'),
('30532134-95ae-4360-9abd-d9067acac1c2',  'Tagihan bulan Oktober',  'productName',  '2acc4333-c511-4c9f-bf24-b992645d1578'),
('5457637b-16ee-43dd-a916-04bc7b2ec5a9',  '1',  'quantity', '7bb62bc7-cbbc-443a-a721-150d2f921478'),
('6c3a4869-bb79-47a3-bec0-b89c297362cf',  '1',  'quantity', 'ff32401a-a96a-49f9-a0db-124f7bce5979'),
('7b1e9fd5-0379-4f83-b9be-abd4113e1e9e',  '1',  'quantity', 'c351a077-f1ca-49e2-abe4-b7b926146080'),
('85415d18-3602-441d-a090-dec3857a67bc',  '1',  'quantity', 'd777c3ea-86fe-4bce-a571-598086083330'),
('9a74b80f-d39c-43ec-ad5d-66dc0d084fc0',  'Tagihan bulan maret',  'productName',  '15f5fbfa-b6b8-46fe-a1e0-cde57e3fc75d'),
('a416e7d1-fdd6-4544-8ea5-2a86f847d4d0',  '1',  'quantity', '15f5fbfa-b6b8-46fe-a1e0-cde57e3fc75d'),
('a5cd6b72-3bcb-49fa-97fc-2f4d8c67291b',  '1',  'quantity', 'fa11cc41-27e9-4839-bfa9-463d98336b1a'),
('c1d939ea-084c-43c7-bdef-d6b5fb04b3f5',  'Tagihan bulan Oktober',  'productName',  'd777c3ea-86fe-4bce-a571-598086083330'),
('cad18058-f049-4acc-a1b7-d8c2b5ca8239',  'Tagihan bulan April',  'productName',  'c351a077-f1ca-49e2-abe4-b7b926146080'),
('d557845a-38e9-4eff-87d7-0ddb043dec2d',  'Tagihan bulan february', 'productName',  'c5a691ae-e8a0-43bc-9bda-85795a5ab6a9'),
('e5b76872-2a85-4903-9fbc-96fbe769b8cb',  'Tagihan bulan Juni', 'productName',  'fa11cc41-27e9-4839-bfa9-463d98336b1a'),
('f2c7cb3c-d107-48a5-a51e-87ef3913f987',  'Tagihan bulan Juni', 'productName',  'ff32401a-a96a-49f9-a0db-124f7bce5979'),
('f719dd48-f36e-4802-8c64-62c332b3ff38',  '1',  'quantity', '2acc4333-c511-4c9f-bf24-b992645d1578');

DROP TABLE IF EXISTS `invoice_production_shipping_value`;
CREATE TABLE `invoice_production_shipping_value` (
  `id` varchar(36) NOT NULL,
  `value_content` varchar(255) DEFAULT NULL,
  `value_label` varchar(255) DEFAULT NULL,
  `invoice_id` varchar(36) DEFAULT NULL,
  PRIMARY KEY (`id`),
  KEY `FK3cmjnuoj2pxn5b1ascwely2qp` (`invoice_id`),
  CONSTRAINT `FK3cmjnuoj2pxn5b1ascwely2qp` FOREIGN KEY (`invoice_id`) REFERENCES `invoice_production` (`id`)
) ENGINE=InnoDB DEFAULT CHARSET=latin1;


DROP TABLE IF EXISTS `invoice_sandbox`;
CREATE TABLE `invoice_sandbox` (
  `id` varchar(36) NOT NULL,
  `amount` decimal(19,2) DEFAULT NULL,
  `expired_date` datetime NOT NULL,
  `invoice_number` varchar(255) NOT NULL,
  `merchant_id` varchar(255) NOT NULL,
  `merchant_key` varchar(255) NOT NULL,
  `merchant_product_code` varchar(255) DEFAULT NULL,
  `order_id` varchar(255) NOT NULL,
  `status_invoice` varchar(255) DEFAULT NULL,
  `va_expired` int(11) DEFAULT NULL,
  `id_client_partner` varchar(36) DEFAULT NULL,
  `id_merchant_gateway` varchar(36) DEFAULT NULL,
  `created_date` datetime DEFAULT NULL,
  PRIMARY KEY (`id`),
  UNIQUE KEY `UKn984vujcupklr43paskxt8762` (`id_client_partner`,`order_id`),
  KEY `FKs5e9k3v9wvut477c40492lqs0` (`id_merchant_gateway`),
  CONSTRAINT `FKc9x9uwy6p3xuturtuw9tcrubf` FOREIGN KEY (`id_client_partner`) REFERENCES `m_client_partner` (`id`),
  CONSTRAINT `FKs5e9k3v9wvut477c40492lqs0` FOREIGN KEY (`id_merchant_gateway`) REFERENCES `merchant_gateway` (`id`)
) ENGINE=InnoDB DEFAULT CHARSET=latin1;


DROP TABLE IF EXISTS `invoice_sandbox_additional_value`;
CREATE TABLE `invoice_sandbox_additional_value` (
  `id` varchar(36) NOT NULL,
  `value_content` varchar(255) DEFAULT NULL,
  `value_label` varchar(255) DEFAULT NULL,
  `invoice_id` varchar(36) DEFAULT NULL,
  PRIMARY KEY (`id`),
  KEY `FKnr7ein75kab5xec5bx6mf0j28` (`invoice_id`),
  CONSTRAINT `FKnr7ein75kab5xec5bx6mf0j28` FOREIGN KEY (`invoice_id`) REFERENCES `invoice_sandbox` (`id`)
) ENGINE=InnoDB DEFAULT CHARSET=latin1;


DROP TABLE IF EXISTS `invoice_sandbox_order_value`;
CREATE TABLE `invoice_sandbox_order_value` (
  `id` varchar(36) NOT NULL,
  `value_content` varchar(255) DEFAULT NULL,
  `value_label` varchar(255) DEFAULT NULL,
  `invoice_id` varchar(36) DEFAULT NULL,
  PRIMARY KEY (`id`),
  KEY `FKjfp12ckfprhj9a6n1cqee1c8b` (`invoice_id`),
  CONSTRAINT `FKjfp12ckfprhj9a6n1cqee1c8b` FOREIGN KEY (`invoice_id`) REFERENCES `invoice_sandbox` (`id`)
) ENGINE=InnoDB DEFAULT CHARSET=latin1;


DROP TABLE IF EXISTS `invoice_sandbox_shipping_value`;
CREATE TABLE `invoice_sandbox_shipping_value` (
  `id` varchar(36) NOT NULL,
  `value_content` varchar(255) DEFAULT NULL,
  `value_label` varchar(255) DEFAULT NULL,
  `invoice_id` varchar(36) DEFAULT NULL,
  PRIMARY KEY (`id`),
  KEY `FKica2hawoa4a0yvvpilgneuvkb` (`invoice_id`),
  CONSTRAINT `FKica2hawoa4a0yvvpilgneuvkb` FOREIGN KEY (`invoice_id`) REFERENCES `invoice_sandbox` (`id`)
) ENGINE=InnoDB DEFAULT CHARSET=latin1;


DROP TABLE IF EXISTS `komisi_transaksi`;
CREATE TABLE `komisi_transaksi` (
  `id` varchar(36) NOT NULL,
  `nominal_komisi` decimal(19,2) DEFAULT NULL,
  `id_client_partner` varchar(36) DEFAULT NULL,
  `id_transaksi` varchar(36) DEFAULT NULL,
  PRIMARY KEY (`id`),
  KEY `FK1jltqj0g9bgb1n64inu906085` (`id_client_partner`),
  KEY `FKtggw881lcscrr4nnj0nmv736k` (`id_transaksi`),
  CONSTRAINT `FK1jltqj0g9bgb1n64inu906085` FOREIGN KEY (`id_client_partner`) REFERENCES `m_client_partner` (`id`),
  CONSTRAINT `FKtggw881lcscrr4nnj0nmv736k` FOREIGN KEY (`id_transaksi`) REFERENCES `transaksi_production` (`id`)
) ENGINE=InnoDB DEFAULT CHARSET=latin1;


DROP TABLE IF EXISTS `limit_transaksi_bulanan`;
CREATE TABLE `limit_transaksi_bulanan` (
  `id` varchar(36) NOT NULL,
  `akumulasi` decimal(19,2) NOT NULL,
  `limit_client` decimal(19,2) NOT NULL,
  `tanggal` date NOT NULL,
  `id_client_partner` varchar(36) DEFAULT NULL,
  PRIMARY KEY (`id`),
  UNIQUE KEY `UKn9u4wdxkqistlio7bekmkgc6` (`id_client_partner`,`tanggal`),
  CONSTRAINT `FKjo2hfna0ogqq3wll97gktt71l` FOREIGN KEY (`id_client_partner`) REFERENCES `m_client_partner` (`id`)
) ENGINE=InnoDB DEFAULT CHARSET=latin1;


DROP TABLE IF EXISTS `limit_transaksi_harian`;
CREATE TABLE `limit_transaksi_harian` (
  `id` varchar(36) NOT NULL,
  `akumulasi` decimal(19,2) NOT NULL,
  `limit_client` decimal(19,2) NOT NULL,
  `tanggal` date NOT NULL,
  `id_client_partner` varchar(36) DEFAULT NULL,
  PRIMARY KEY (`id`),
  UNIQUE KEY `UKgf472iujd7fkrnx9p26ukste5` (`id_client_partner`,`tanggal`),
  CONSTRAINT `FKs83csos8bvbk9ssjr2trevdvw` FOREIGN KEY (`id_client_partner`) REFERENCES `m_client_partner` (`id`)
) ENGINE=InnoDB DEFAULT CHARSET=latin1;


DROP TABLE IF EXISTS `limit_transaksi_tahunan`;
CREATE TABLE `limit_transaksi_tahunan` (
  `id` varchar(36) NOT NULL,
  `akumulasi` decimal(19,2) NOT NULL,
  `limit_client` decimal(19,2) NOT NULL,
  `tahun` int(11) NOT NULL,
  `id_client_partner` varchar(36) DEFAULT NULL,
  PRIMARY KEY (`id`),
  UNIQUE KEY `UKpj5g8pbkjj6a1nn0470iatq2f` (`id_client_partner`,`tahun`),
  CONSTRAINT `FKsy0ch92nyf7ium3p0opxvrvgl` FOREIGN KEY (`id_client_partner`) REFERENCES `m_client_partner` (`id`)
) ENGINE=InnoDB DEFAULT CHARSET=latin1;


DROP TABLE IF EXISTS `log_tarik_dana`;
CREATE TABLE `log_tarik_dana` (
  `id` varchar(36) NOT NULL,
  `balance_before` decimal(19,2) DEFAULT NULL,
  `error_message` varchar(255) DEFAULT NULL,
  `fee_amount` decimal(19,2) DEFAULT NULL,
  `id_fusion` varchar(255) NOT NULL,
  `id_tmoney` varchar(255) NOT NULL,
  `nama_pemilik_rekening` varchar(255) NOT NULL,
  `nominal` decimal(19,2) NOT NULL,
  `nomor_rekening` varchar(255) NOT NULL,
  `ref_no` varchar(255) DEFAULT NULL,
  `status` varchar(255) DEFAULT NULL,
  `timestamp` datetime NOT NULL,
  `token` varchar(255) DEFAULT NULL,
  `total_amount` decimal(19,2) DEFAULT NULL,
  `transactionid` varchar(255) DEFAULT NULL,
  `id_bank` varchar(36) NOT NULL,
  `id_client_partner` varchar(36) NOT NULL,
  PRIMARY KEY (`id`),
  KEY `FKmqtescflitt8126upvf7jgxam` (`id_bank`),
  KEY `FKpfetrflrnb4y6s2ejovajmas1` (`id_client_partner`),
  CONSTRAINT `FKmqtescflitt8126upvf7jgxam` FOREIGN KEY (`id_bank`) REFERENCES `m_bank` (`id`),
  CONSTRAINT `FKpfetrflrnb4y6s2ejovajmas1` FOREIGN KEY (`id_client_partner`) REFERENCES `m_client_partner` (`id`)
) ENGINE=InnoDB DEFAULT CHARSET=latin1;


DROP TABLE IF EXISTS `log_tarik_dana_aud`;
CREATE TABLE `log_tarik_dana_aud` (
  `id` varchar(36) NOT NULL,
  `rev` int(11) NOT NULL,
  `revtype` tinyint(4) DEFAULT NULL,
  `balance_before` decimal(19,2) DEFAULT NULL,
  `error_message` varchar(255) DEFAULT NULL,
  `fee_amount` decimal(19,2) DEFAULT NULL,
  `id_fusion` varchar(255) DEFAULT NULL,
  `id_tmoney` varchar(255) DEFAULT NULL,
  `nama_pemilik_rekening` varchar(255) DEFAULT NULL,
  `nominal` decimal(19,2) DEFAULT NULL,
  `nomor_rekening` varchar(255) DEFAULT NULL,
  `ref_no` varchar(255) DEFAULT NULL,
  `status` varchar(255) DEFAULT NULL,
  `timestamp` datetime DEFAULT NULL,
  `token` varchar(255) DEFAULT NULL,
  `total_amount` decimal(19,2) DEFAULT NULL,
  `transactionid` varchar(255) DEFAULT NULL,
  `id_bank` varchar(36) DEFAULT NULL,
  `id_client_partner` varchar(36) DEFAULT NULL,
  PRIMARY KEY (`id`,`rev`),
  KEY `FKrcmpw24f8ouiw5fgntjc2l690` (`rev`),
  CONSTRAINT `FKrcmpw24f8ouiw5fgntjc2l690` FOREIGN KEY (`rev`) REFERENCES `user_rev_entity` (`id`)
) ENGINE=InnoDB DEFAULT CHARSET=latin1;


DROP TABLE IF EXISTS `log_transaksi`;
CREATE TABLE `log_transaksi` (
  `id` varchar(36) NOT NULL,
  `action_type` varchar(255) NOT NULL,
  `error_code` varchar(255) DEFAULT NULL,
  `error_desc` varchar(255) DEFAULT NULL,
  `invoice_id` varchar(255) DEFAULT NULL,
  `request` text,
  `response` text,
  `transaction_type` varchar(255) DEFAULT NULL,
  `url` varchar(255) DEFAULT NULL,
  `waktu_transaksi` datetime DEFAULT NULL,
  `id_client_partner` varchar(36) DEFAULT NULL,
  PRIMARY KEY (`id`),
  KEY `FK9v9kr10833nj64dxyqp84gqri` (`id_client_partner`),
  CONSTRAINT `FK9v9kr10833nj64dxyqp84gqri` FOREIGN KEY (`id_client_partner`) REFERENCES `m_client_partner` (`id`)
) ENGINE=InnoDB DEFAULT CHARSET=latin1;

INSERT INTO `log_transaksi` (`id`, `action_type`, `error_code`, `error_desc`, `invoice_id`, `request`, `response`, `transaction_type`, `url`, `waktu_transaksi`, `id_client_partner`) VALUES
('0e4f7d4e-350c-4ea3-942b-2f3e3871a725',  'REQUEST_INVOICE',  '05', NULL, NULL, '{\"merchantId\":\"195102293576\",\"merchantKey\":\"41ffdf2f974c428393d747d84a82bdaf\",\"orderId\":\"201\",\"orderInformation\":{\"productName\":\"Tagihan bulan Juni\",\"quantity\":\"1\"},\"additionalInformation\":{\"transType\":\"POSTPAID\",\"indihomeNumber\":\"021839121\"}}',  '{\"resultCode\":\"05\",\"orderId\":\"201\"}',  'PRODUCTION', 'http://telkom-mpg-merchant.vsan-apps.playcourt.id/api/production/merchant/requestInvoice', '2019-03-11 11:04:22',  '4f57f911-0b53-4e56-be64-c5f0499f17f3'),
('11221d49-09c6-458f-878f-e9a4f1a7d412',  'REQUEST_INVOICE',  '05', NULL, NULL, '{\"merchantId\":\"195102293576\",\"merchantKey\":\"41ffdf2f974c428393d747d84a82bdaf\",\"orderId\":\"201\",\"orderInformation\":{\"productName\":\"Tagihan bulan Juni\",\"quantity\":\"1\"},\"additionalInformation\":{\"transType\":\"POSTPAID\",\"indihomeNumber\":\"021839121\"}}',  '{\"resultCode\":\"05\",\"orderId\":\"201\"}',  'PRODUCTION', 'http://telkom-mpg-merchant.vsan-apps.playcourt.id/api/production/merchant/requestInvoice', '2019-03-11 11:04:56',  '4f57f911-0b53-4e56-be64-c5f0499f17f3'),
('1445c50d-7ae5-444f-a75d-112c7d82e5ed',  'REQUEST_INVOICE',  '00', 'success',  '195102293576204',  '{\"merchantId\":\"195102293576\",\"merchantKey\":\"41ffdf2f974c428393d747d84a82bdaf\",\"orderId\":\"204\",\"orderInformation\":{\"productName\":\"Tagihan bulan Oktober\",\"quantity\":\"1\"},\"additionalInformation\":{\"transType\":\"POSTPAID\",\"indihomeNumber\":\"15931741\"}}',  '{\"resultCode\":\"00\",\"resultDescription\":\"success\",\"orderId\":\"204\",\"invoiceId\":\"195102293576204\",\"expiredDate\":\"2019-03-12 01:08:06\"}',  'PRODUCTION', 'http://telkom-mpg-merchant.vsan-apps.playcourt.id/api/production/merchant/requestInvoice', '2019-03-11 13:08:06',  '4f57f911-0b53-4e56-be64-c5f0499f17f3'),
('15fe2909-8c58-49e6-ae26-12ec197c7ca5',  'REQUEST_INVOICE',  '05', 'Failed inquiry : Unexpected character (\'\"\' (code 34)): was expecting comma to separate Object entries\n at [Source: (String)\"{\n    \"amount\":\"1501\"\n    \"outStatus\":\"T\"\n    \"outMessage\":\"Inquiry Success\"\n}\"; line: 3, column: 6]', NULL, '{\"merchantId\":\"195102293576\",\"merchantKey\":\"41ffdf2f974c428393d747d84a82bdaf\",\"orderId\":\"191\",\"orderInformation\":{\"productName\":\"Tagihan bulan february\",\"quantity\":\"1\"},\"additionalInformation\":{\"transType\":\"POSTPAID\",\"indihomeNumber\":\"0216602132\",\"nomorHp\":\"08472711100\",\"emailNotif\":\"\"}}', '{\"resultCode\":\"100\",\"resultDescription\":\"Failed inquiry : Unexpected character (\\u0027\\\"\\u0027 (code 34)): was expecting comma to separate Object entries\\n at [Source: (String)\\\"{\\n    \\\"amount\\\":\\\"1501\\\"\\n    \\\"outStatus\\\":\\\"T\\\"\\n    \\\"outMessage\\\":\\\"Inquiry Success\\\"\\n}\\\"; line: 3, column: 6]\",\"orderId\":\"191\"}', 'PRODUCTION', 'http://telkom-mpg-merchant.vsan-apps.playcourt.id/api/production/merchant/requestInvoice', '2019-03-06 09:26:25',  '4f57f911-0b53-4e56-be64-c5f0499f17f3'),
('163281ec-e1b7-4a88-99d8-58bb33f5ac9f',  'PAYMENT_NOTIFICATION', '05', 'Status invoice tidak valid', '8a0288b7696b67b301696b8974f00000', '{\"mer_signature\":\"E218AA268653B272B3F692D2435F7846A667092526EAFA9C12B545560CD3F8FB\",\"merchant_id\":\"MYIHT2215\",\"pay_date\":\"20190311135827\",\"invoice\":\"8a0288b7696b67b301696b8974f00000\",\"amount\":\"1515\",\"sof_id\":\"tcash\",\"sof_type\":\"notif\",\"payment_code\":\"\",\"ref_no\":\"\",\"result_code\":\"99\",\"result_desc\":\"Failed\",\"add_info1\":\"\",\"add_info2\":\"\",\"add_info3\":\"\",\"add_info4\":\"\",\"add_info5\":\"\"}', '{\"resultCode\":\"05\",\"resultDescription\":\"Status invoice tidak valid\"}', 'PRODUCTION', 'http://telkom-mpg-merchant.vsan-apps.playcourt.id/api/mitra/production/finpay/payment/notification', '2019-03-11 13:58:12',  '4f57f911-0b53-4e56-be64-c5f0499f17f3'),
('187bfa67-aa92-4f37-ae03-cb8c2d338d45',  'REQUEST_INVOICE',  '00', 'success',  '195102293576112',  '{\"merchantId\":\"195102293576\",\"merchantKey\":\"41ffdf2f974c428393d747d84a82bdaf\",\"orderId\":\"112\",\"orderInformation\":{\"productName\":\"Tagihan bulan April\",\"quantity\":\"1\"},\"additionalInformation\":{\"transType\":\"POSTPAID\",\"indihomeNumber\":\"9981602312\",\"nomorHp\":\"08472711100\",\"emailNotif\":\"\"}}',  '{\"resultCode\":\"00\",\"resultDescription\":\"success\",\"orderId\":\"112\",\"invoiceId\":\"195102293576112\",\"expiredDate\":\"2019-03-09 04:04:39\"}',  'PRODUCTION', 'http://telkom-mpg-merchant.vsan-apps.playcourt.id/api/production/merchant/requestInvoice', '2019-03-08 16:04:39',  '4f57f911-0b53-4e56-be64-c5f0499f17f3'),
('25f98fd8-6459-437d-b3f4-47eade2970f5',  'PAY',  '00', 'success',  '195102293576191',  '{\"productCode\":\"FINPAYTCASH\",\"invoiceId\":\"195102293576191\",\"gateway\":\"963626b2-ed04-424c-88ff-ed6063284ca8\"}', '{\"statusCode\":\"00\",\"statusDesc\":\"Success\",\"redirectUrl\":\"https://hsact.finnet-indonesia.com/live/redirect.php?access\\u003d35a0df1906640c0d6051277d41b172bd7dc879dcad482c6bd24898f48a0c075b\"}',  'PRODUCTION', 'http://telkom-mpg-merchant.vsan-apps.playcourt.id/production/payment/submit',  '2019-03-06 10:01:37',  '4f57f911-0b53-4e56-be64-c5f0499f17f3'),
('2ceb0423-13f6-451e-a7f9-6bd04a3589c5',  'PAY',  '00', 'success',  '195102293576205',  '{\"productCode\":\"FINPAYTCASH\",\"invoiceId\":\"195102293576205\",\"gateway\":\"963626b2-ed04-424c-88ff-ed6063284ca8\"}', '{\"statusCode\":\"00\",\"statusDesc\":\"Success\",\"redirectUrl\":\"https://hsact.finnet-indonesia.com/live/redirect.php?access\\u003d6f42ff7f9e554f51efdf8a0bab2a33535c3d6598691acaefd592f6912d67ba23\"}',  'PRODUCTION', 'http://telkom-mpg-merchant.vsan-apps.playcourt.id/production/payment/submit',  '2019-03-11 13:56:04',  '4f57f911-0b53-4e56-be64-c5f0499f17f3'),
('2fa67f78-e698-4c65-b161-b0be33adeba9',  'PAYMENT_NOTIFICATION', '05', 'Failed', '8a0389a069617ebe01696b00fc420001', '{\"mer_signature\":\"941E532EBB84F4E5E9E058C5513D0F11EF8A090E0016E430657FF60F1C457CC8\",\"merchant_id\":\"MYIHT2215\",\"pay_date\":\"20190311112941\",\"invoice\":\"8a0389a069617ebe01696b00fc420001\",\"amount\":\"1515\",\"sof_id\":\"tcash\",\"sof_type\":\"notif\",\"payment_code\":\"\",\"ref_no\":\"\",\"result_code\":\"99\",\"result_desc\":\"Failed\",\"add_info1\":\"\",\"add_info2\":\"\",\"add_info3\":\"\",\"add_info4\":\"\",\"add_info5\":\"\"}', '{\"resultCode\":\"05\",\"resultDescription\":\"Failed\"}', 'PRODUCTION', 'http://telkom-mpg-merchant.vsan-apps.playcourt.id/api/mitra/production/finpay/payment/notification', '2019-03-11 11:29:20',  '4f57f911-0b53-4e56-be64-c5f0499f17f3'),
('370ec59d-550f-4337-b8a3-38cd67655007',  'PAYMENT_NOTIFICATION', '00', 'success',  '8a0389a069617ebe01696b09e0260002', '{\"mer_signature\":\"EC43FC2BCCE474317AE405BA624808A7F38363E1076ADD65582AC90FAFB50BE3\",\"merchant_id\":\"MYIHT2215\",\"pay_date\":\"20190311113758\",\"invoice\":\"8a0389a069617ebe01696b09e0260002\",\"amount\":\"1515\",\"sof_id\":\"tcash\",\"sof_type\":\"notif\",\"payment_code\":\"\",\"ref_no\":\"2569319031111370468985\",\"result_code\":\"00\",\"result_desc\":\"Success\",\"add_info1\":\"\",\"add_info2\":\"\",\"add_info3\":\"\",\"add_info4\":\"\",\"add_info5\":\"\"}',  '{\"resultCode\":\"00\",\"resultDescription\":\"SUCCESS\"}',  'PRODUCTION', 'http://telkom-mpg-merchant.vsan-apps.playcourt.id/api/mitra/production/finpay/payment/notification', '2019-03-11 11:37:37',  '4f57f911-0b53-4e56-be64-c5f0499f17f3'),
('3b4eed9d-2b66-448e-ab70-55f0848e9642',  'PAYMENT_NOTIFICATION', '00', 'success',  '8a0288b4696b3f8c01696b44d2d20000', '{\"mer_signature\":\"\",\"merchant_id\":\"\",\"pay_date\":\"\",\"invoice\":\"8a0288b4696b3f8c01696b44d2d20000\",\"amount\":\"\",\"sof_id\":\"\",\"sof_type\":\"\",\"payment_code\":\"\",\"ref_no\":\"350713570135018\",\"result_code\":\"00\",\"result_desc\":\"Success\",\"add_info1\":\"\",\"add_info2\":\"\",\"add_info3\":\"\",\"add_info4\":\"\",\"add_info5\":\"\"}',  '{\"resultCode\":\"00\",\"resultDescription\":\"SUCCESS\"}',  'PRODUCTION', 'http://telkom-mpg-merchant.vsan-apps.playcourt.id/api/mitra/production/finpay/payment/notification', '2019-03-11 12:41:31',  '4f57f911-0b53-4e56-be64-c5f0499f17f3'),
('3c67e65d-8107-45dd-bc9b-831e0e061afb',  'PAY',  '00', 'success',  '195102293576203',  '{\"productCode\":\"FINPAYTCASH\",\"invoiceId\":\"195102293576203\",\"gateway\":\"963626b2-ed04-424c-88ff-ed6063284ca8\"}', '{\"statusCode\":\"00\",\"statusDesc\":\"Success\",\"redirectUrl\":\"https://hsact.finnet-indonesia.com/live/redirect.php?access\\u003db4c732499c5042cca6afcbd9b19290d76b0afec9b59515245595845d1528a440\"}',  'PRODUCTION', 'http://telkom-mpg-merchant.vsan-apps.playcourt.id/production/payment/submit',  '2019-03-11 12:41:06',  '4f57f911-0b53-4e56-be64-c5f0499f17f3'),
('4a247a47-a482-41a4-8ae0-4ba219366a92',  'PAYMENT_NOTIFICATION', '00', 'success',  '8a038995695c86f301695c8c76c20000', '{\"mer_signature\":\"91A6846479A8738F8C34E6ADFC68CBF7A8F71566AB6E2A36CEC9A92A689255F0\",\"merchant_id\":\"MYIHT2215\",\"pay_date\":\"20190308160634\",\"invoice\":\"8a038995695c86f301695c8c76c20000\",\"amount\":\"2501\",\"sof_id\":\"tcash\",\"sof_type\":\"notif\",\"payment_code\":\"\",\"ref_no\":\"2569319030816052198958\",\"result_code\":\"00\",\"result_desc\":\"Success\",\"add_info1\":\"\",\"add_info2\":\"\",\"add_info3\":\"\",\"add_info4\":\"\",\"add_info5\":\"\"}',  '{\"resultCode\":\"00\",\"resultDescription\":\"SUCCESS\"}',  'PRODUCTION', 'http://telkom-mpg-merchant.vsan-apps.playcourt.id/api/mitra/production/finpay/payment/notification', '2019-03-08 16:06:21',  '4f57f911-0b53-4e56-be64-c5f0499f17f3'),
('633b9bf1-230e-43c3-ab3a-6c5e03aa57bb',  'REQUEST_INVOICE',  '05', 'Transaksi inquiry berhasil tapi amount 0', NULL, '{\"merchantId\":\"195102293576\",\"merchantKey\":\"41ffdf2f974c428393d747d84a82bdaf\",\"orderId\":\"201\",\"orderInformation\":{\"productName\":\"Tagihan bulan Juni\",\"quantity\":\"1\"},\"additionalInformation\":{\"transType\":\"POSTPAID\",\"indihomeNumber\":\"021839121\"}}',  '{\"resultCode\":\"101\",\"resultDescription\":\"Transaksi inquiry berhasil tapi amount 0\",\"orderId\":\"201\"}',  'PRODUCTION', 'http://telkom-mpg-merchant.vsan-apps.playcourt.id/api/production/merchant/requestInvoice', '2019-03-11 11:14:49',  '4f57f911-0b53-4e56-be64-c5f0499f17f3'),
('66319382-4422-4e9a-8703-192611f0cc6e',  'REQUEST_INVOICE',  '00', 'success',  '195102293576201',  '{\"merchantId\":\"195102293576\",\"merchantKey\":\"41ffdf2f974c428393d747d84a82bdaf\",\"orderId\":\"201\",\"orderInformation\":{\"productName\":\"Tagihan bulan Juni\",\"quantity\":\"1\"},\"additionalInformation\":{\"transType\":\"POSTPAID\",\"indihomeNumber\":\"021839121\"}}',  '{\"resultCode\":\"00\",\"resultDescription\":\"success\",\"orderId\":\"201\",\"invoiceId\":\"195102293576201\",\"expiredDate\":\"2019-03-12 11:17:32\"}',  'PRODUCTION', 'http://telkom-mpg-merchant.vsan-apps.playcourt.id/api/production/merchant/requestInvoice', '2019-03-11 11:17:33',  '4f57f911-0b53-4e56-be64-c5f0499f17f3'),
('673a4d69-9dec-48af-b608-3eb37be562db',  'REQUEST_INVOICE',  '00', 'success',  '195102293576191',  '{\"merchantId\":\"195102293576\",\"merchantKey\":\"41ffdf2f974c428393d747d84a82bdaf\",\"orderId\":\"191\",\"orderInformation\":{\"productName\":\"Tagihan bulan february\",\"quantity\":\"1\"},\"additionalInformation\":{\"transType\":\"POSTPAID\",\"indihomeNumber\":\"0216602132\",\"nomorHp\":\"08472711100\",\"emailNotif\":\"\"}}', '{\"resultCode\":\"00\",\"resultDescription\":\"success\",\"orderId\":\"191\",\"invoiceId\":\"195102293576191\",\"expiredDate\":\"2019-03-07 09:35:30\"}',  'PRODUCTION', 'http://telkom-mpg-merchant.vsan-apps.playcourt.id/api/production/merchant/requestInvoice', '2019-03-06 09:35:30',  '4f57f911-0b53-4e56-be64-c5f0499f17f3'),
('69ee1312-6762-433b-9154-b5a59dbbd348',  'PAY',  '00', 'success',  '195102293576202',  '{\"productCode\":\"FINPAYTCASH\",\"invoiceId\":\"195102293576202\",\"gateway\":\"963626b2-ed04-424c-88ff-ed6063284ca8\"}', '{\"statusCode\":\"00\",\"statusDesc\":\"Success\",\"redirectUrl\":\"https://hsact.finnet-indonesia.com/live/redirect.php?access\\u003dbfc6a90ad63998005ce91455fcf135923bd9ae9c1a70d1a26ed5434494850bbd\"}',  'PRODUCTION', 'http://telkom-mpg-merchant.vsan-apps.playcourt.id/production/payment/submit',  '2019-03-11 12:11:00',  '4f57f911-0b53-4e56-be64-c5f0499f17f3'),
('6aa46f4a-bfec-46d7-827f-f522cf97d580',  'PAY',  '00', 'success',  '195102293576201',  '{\"productCode\":\"FINPAYTCASH\",\"invoiceId\":\"195102293576201\",\"gateway\":\"963626b2-ed04-424c-88ff-ed6063284ca8\"}', '{\"statusCode\":\"00\",\"statusDesc\":\"Success\",\"redirectUrl\":\"https://hsact.finnet-indonesia.com/live/redirect.php?access\\u003d42253eccdd8559e0ebde7f44269234666992aa2d10e332dfbc2b3ae871683569\"}',  'PRODUCTION', 'http://telkom-mpg-merchant.vsan-apps.playcourt.id/production/payment/submit',  '2019-03-11 11:18:34',  '4f57f911-0b53-4e56-be64-c5f0499f17f3'),
('844d0b3f-2589-4e61-8703-af706edd076f',  'PAYMENT_NOTIFICATION', '05', 'Failed', '8a0288af696b24ec01696b2942070000', '{\"mer_signature\":\"A5A4F0FC88D84D30F675DFFAC30F03A3D0EFEE74D0A3B78DA0BB1CB3AFBF6BDD\",\"merchant_id\":\"MYIHT2215\",\"pay_date\":\"20190311121344\",\"invoice\":\"8a0288af696b24ec01696b2942070000\",\"amount\":\"1515\",\"sof_id\":\"tcash\",\"sof_type\":\"notif\",\"payment_code\":\"\",\"ref_no\":\"\",\"result_code\":\"99\",\"result_desc\":\"Failed\",\"add_info1\":\"\",\"add_info2\":\"\",\"add_info3\":\"\",\"add_info4\":\"\",\"add_info5\":\"\"}', '{\"resultCode\":\"05\",\"resultDescription\":\"Failed\"}', 'PRODUCTION', 'http://telkom-mpg-merchant.vsan-apps.playcourt.id/api/mitra/production/finpay/payment/notification', '2019-03-11 12:13:28',  '4f57f911-0b53-4e56-be64-c5f0499f17f3'),
('8686478a-3831-4755-a910-5de0506a88e5',  'REQUEST_INVOICE',  '05', 'Failed inquiry : Gagal Inquiry', NULL, '{\"merchantId\":\"195102293576\",\"merchantKey\":\"41ffdf2f974c428393d747d84a82bdaf\",\"orderId\":\"201\",\"orderInformation\":{\"productName\":\"Tagihan bulan Juni\",\"quantity\":\"1\"},\"additionalInformation\":{\"transType\":\"POSTPAID\",\"indihomeNumber\":\"021839121\"}}',  '{\"resultCode\":\"100\",\"resultDescription\":\"Failed inquiry : Gagal Inquiry\",\"orderId\":\"201\"}',  'PRODUCTION', 'http://telkom-mpg-merchant.vsan-apps.playcourt.id/api/production/merchant/requestInvoice', '2019-03-11 11:14:54',  '4f57f911-0b53-4e56-be64-c5f0499f17f3'),
('8687195c-81ea-4832-ad88-2b663371cc5e',  'PAYMENT_NOTIFICATION', '05', 'Status invoice tidak valid', '8a0288b4696b3f8c01696b44d2d20000', '{\"mer_signature\":\"B238932A7ABDB35B95E4090E08059977B9F05C280CCAD59AA57BEF81A0A2DC97\",\"merchant_id\":\"MYIHT2215\",\"pay_date\":\"20190311124328\",\"invoice\":\"8a0288b4696b3f8c01696b44d2d20000\",\"amount\":\"1515\",\"sof_id\":\"tcash\",\"sof_type\":\"notif\",\"payment_code\":\"\",\"ref_no\":\"\",\"result_code\":\"99\",\"result_desc\":\"Failed\",\"add_info1\":\"\",\"add_info2\":\"\",\"add_info3\":\"\",\"add_info4\":\"\",\"add_info5\":\"\"}', '{\"resultCode\":\"05\",\"resultDescription\":\"Status invoice tidak valid\"}', 'PRODUCTION', 'http://telkom-mpg-merchant.vsan-apps.playcourt.id/api/mitra/production/finpay/payment/notification', '2019-03-11 12:43:07',  '4f57f911-0b53-4e56-be64-c5f0499f17f3'),
('86a47373-d76b-4261-ac93-15dfe5f6081b',  'REQUEST_INVOICE',  '00', 'success',  '195102293576192',  '{\"merchantId\":\"195102293576\",\"merchantKey\":\"41ffdf2f974c428393d747d84a82bdaf\",\"orderId\":\"192\",\"orderInformation\":{\"productName\":\"Tagihan bulan maret\",\"quantity\":\"1\"},\"additionalInformation\":{\"transType\":\"POSTPAID\",\"indihomeNumber\":\"0216602132\",\"nomorHp\":\"08472711100\",\"emailNotif\":\"\"}}',  '{\"resultCode\":\"00\",\"resultDescription\":\"success\",\"orderId\":\"192\",\"invoiceId\":\"195102293576192\",\"expiredDate\":\"2019-03-07 03:50:19\"}',  'PRODUCTION', 'http://telkom-mpg-merchant.vsan-apps.playcourt.id/api/production/merchant/requestInvoice', '2019-03-06 15:47:01',  '4f57f911-0b53-4e56-be64-c5f0499f17f3'),
('870dcd51-4a57-41ce-8c9b-bbe60581f9c2',  'PAY',  '00', 'success',  '195102293576201',  '{\"productCode\":\"FINPAYTCASH\",\"invoiceId\":\"195102293576201\",\"gateway\":\"963626b2-ed04-424c-88ff-ed6063284ca8\"}', '{\"statusCode\":\"00\",\"statusDesc\":\"Success\",\"redirectUrl\":\"https://hsact.finnet-indonesia.com/live/redirect.php?access\\u003d355c6ec8d75ca46666a4a014de09cd046633076313ec311658de391e815dbcf8\"}',  'PRODUCTION', 'http://telkom-mpg-merchant.vsan-apps.playcourt.id/production/payment/submit',  '2019-03-11 11:36:43',  '4f57f911-0b53-4e56-be64-c5f0499f17f3'),
('884c7cec-71b2-4a21-b9f6-209a28842f9b',  'REQUEST_INVOICE',  '00', 'success',  '195102293576202',  '{\"merchantId\":\"195102293576\",\"merchantKey\":\"41ffdf2f974c428393d747d84a82bdaf\",\"orderId\":\"202\",\"orderInformation\":{\"productName\":\"Tagihan bulan Agustus\",\"quantity\":\"1\"},\"additionalInformation\":{\"transType\":\"POSTPAID\",\"indihomeNumber\":\"094701413\"}}', '{\"resultCode\":\"00\",\"resultDescription\":\"success\",\"orderId\":\"202\",\"invoiceId\":\"195102293576202\",\"expiredDate\":\"2019-03-12 12:10:31\"}',  'PRODUCTION', 'http://telkom-mpg-merchant.vsan-apps.playcourt.id/api/production/merchant/requestInvoice', '2019-03-11 12:10:32',  '4f57f911-0b53-4e56-be64-c5f0499f17f3'),
('90a9f017-2ee3-4c6a-9cdc-aee9ff248d62',  'PAYMENT_NOTIFICATION', '00', 'success',  '8a0289576950f014016950f3024a0000', '{\"mer_signature\":\"38CBDE24A8E17C8BFDD5B586D81070B344AAC640F1ABFA4CB1DB55FBC157EF79\",\"merchant_id\":\"MYIHT2215\",\"pay_date\":\"20190306100313\",\"invoice\":\"8a0289576950f014016950f3024a0000\",\"amount\":\"2501\",\"sof_id\":\"tcash\",\"sof_type\":\"notif\",\"payment_code\":\"\",\"ref_no\":\"2569319030610015305552\",\"result_code\":\"00\",\"result_desc\":\"Success\",\"add_info1\":\"\",\"add_info2\":\"\",\"add_info3\":\"\",\"add_info4\":\"\",\"add_info5\":\"\"}',  '{\"resultCode\":\"00\",\"resultDescription\":\"SUCCESS\"}',  'PRODUCTION', 'http://telkom-mpg-merchant.vsan-apps.playcourt.id/api/mitra/production/finpay/payment/notification', '2019-03-06 10:03:02',  '4f57f911-0b53-4e56-be64-c5f0499f17f3'),
('915afe47-51f6-48a8-bb6a-d47894434f4a',  'REQUEST_INVOICE',  '05', 'orderId sudah digunakan',  NULL, '{\"merchantId\":\"195102293576\",\"merchantKey\":\"41ffdf2f974c428393d747d84a82bdaf\",\"orderId\":\"191\",\"orderInformation\":{\"productName\":\"Tagihan bulan february\",\"quantity\":\"1\"},\"additionalInformation\":{\"transType\":\"POSTPAID\",\"indihomeNumber\":\"0216602132\",\"nomorHp\":\"08472711100\",\"emailNotif\":\"\"}}', '{\"resultCode\":\"05\",\"resultDescription\":\"orderId sudah digunakan\",\"orderId\":\"191\"}',  'PRODUCTION', 'http://telkom-mpg-merchant.vsan-apps.playcourt.id/api/production/merchant/requestInvoice', '2019-03-06 15:46:48',  '4f57f911-0b53-4e56-be64-c5f0499f17f3'),
('94c4bb04-fcdf-4250-9fac-cdb60b32b675',  'PAYMENT_NOTIFICATION', '00', 'success',  '8a0288af696b24ec01696b2942070000', '{\"mer_signature\":\"\",\"merchant_id\":\"\",\"pay_date\":\"\",\"invoice\":\"8a0288af696b24ec01696b2942070000\",\"amount\":\"\",\"sof_id\":\"\",\"sof_type\":\"\",\"payment_code\":\"\",\"ref_no\":\"13396923695198\",\"result_code\":\"00\",\"result_desc\":\"Success\",\"add_info1\":\"\",\"add_info2\":\"\",\"add_info3\":\"\",\"add_info4\":\"\",\"add_info5\":\"\"}', '{\"resultCode\":\"00\",\"resultDescription\":\"SUCCESS\"}',  'PRODUCTION', 'http://telkom-mpg-merchant.vsan-apps.playcourt.id/api/mitra/production/finpay/payment/notification', '2019-03-11 12:15:07',  '4f57f911-0b53-4e56-be64-c5f0499f17f3'),
('9fab785d-7261-4074-afd1-75f6382d991f',  'REQUEST_INVOICE',  '05', 'Invalid data amount',  NULL, '{\"merchantId\":\"195102293576\",\"merchantKey\":\"41ffdf2f974c428393d747d84a82bdaf\",\"orderId\":\"201\",\"orderInformation\":{\"productName\":\"Tagihan bulan Juni\",\"quantity\":\"1\"},\"additionalInformation\":{\"transType\":\"POSTPAID\",\"indihomeNumber\":\"021839121\"}}',  '{\"resultCode\":\"05\",\"resultDescription\":\"Invalid data amount\",\"orderId\":\"201\"}',  'PRODUCTION', 'http://telkom-mpg-merchant.vsan-apps.playcourt.id/api/production/merchant/requestInvoice', '2019-03-11 11:09:01',  '4f57f911-0b53-4e56-be64-c5f0499f17f3'),
('a4bdb14f-1d89-43b9-87e2-852a6d3beb3a',  'REQUEST_INVOICE',  '05', 'Transaksi inquiry berhasil tapi amount 0', NULL, '{\"merchantId\":\"195102293576\",\"merchantKey\":\"41ffdf2f974c428393d747d84a82bdaf\",\"orderId\":\"201\",\"orderInformation\":{\"productName\":\"Tagihan bulan Juni\",\"quantity\":\"1\"},\"additionalInformation\":{\"transType\":\"POSTPAID\",\"indihomeNumber\":\"021839121\"}}',  '{\"resultCode\":\"101\",\"resultDescription\":\"Transaksi inquiry berhasil tapi amount 0\",\"orderId\":\"201\"}',  'PRODUCTION', 'http://telkom-mpg-merchant.vsan-apps.playcourt.id/api/production/merchant/requestInvoice', '2019-03-11 11:12:58',  '4f57f911-0b53-4e56-be64-c5f0499f17f3'),
('acbf71d5-82b9-4b4c-b0f6-7a37c4b57ad5',  'PAYMENT_NOTIFICATION', '05', 'Failed', '8a0389a069617ebe01696af940420000', '{\"mer_signature\":\"DE4BABA811E18BD41C59A27CE5BC76241F20A38FAD7DF92E7730930F63EC4182\",\"merchant_id\":\"MYIHT2215\",\"pay_date\":\"20190311112109\",\"invoice\":\"8a0389a069617ebe01696af940420000\",\"amount\":\"1515\",\"sof_id\":\"tcash\",\"sof_type\":\"notif\",\"payment_code\":\"\",\"ref_no\":\"\",\"result_code\":\"99\",\"result_desc\":\"Failed\",\"add_info1\":\"\",\"add_info2\":\"\",\"add_info3\":\"\",\"add_info4\":\"\",\"add_info5\":\"\"}', '{\"resultCode\":\"05\",\"resultDescription\":\"Failed\"}', 'PRODUCTION', 'http://telkom-mpg-merchant.vsan-apps.playcourt.id/api/mitra/production/finpay/payment/notification', '2019-03-11 11:20:54',  '4f57f911-0b53-4e56-be64-c5f0499f17f3'),
('ad906dad-12db-41b7-8c45-ba40931f765b',  'PAYMENT_NOTIFICATION', '00', 'success',  '8a0288b7696b67b301696b8974f00000', '{\"mer_signature\":\"\",\"merchant_id\":\"\",\"pay_date\":\"\",\"invoice\":\"8a0288b7696b67b301696b8974f00000\",\"amount\":\"\",\"sof_id\":\"\",\"sof_type\":\"\",\"payment_code\":\"\",\"ref_no\":\"350713570135018\",\"result_code\":\"00\",\"result_desc\":\"Success\",\"add_info1\":\"\",\"add_info2\":\"\",\"add_info3\":\"\",\"add_info4\":\"\",\"add_info5\":\"\"}',  '{\"resultCode\":\"00\",\"resultDescription\":\"SUCCESS\"}',  'PRODUCTION', 'http://telkom-mpg-merchant.vsan-apps.playcourt.id/api/mitra/production/finpay/payment/notification', '2019-03-11 13:56:22',  '4f57f911-0b53-4e56-be64-c5f0499f17f3'),
('bb204023-58e7-402b-8fa6-4267a7daef29',  'REQUEST_INVOICE',  '00', 'success',  '195102293576205',  '{\"merchantId\":\"195102293576\",\"merchantKey\":\"41ffdf2f974c428393d747d84a82bdaf\",\"orderId\":\"205\",\"orderInformation\":{\"productName\":\"Tagihan bulan Oktober\",\"quantity\":\"1\"},\"additionalInformation\":{\"transType\":\"POSTPAID\",\"indihomeNumber\":\"15931741\"}}',  '{\"resultCode\":\"00\",\"resultDescription\":\"success\",\"orderId\":\"205\",\"invoiceId\":\"195102293576205\",\"expiredDate\":\"2019-03-12 01:55:41\"}',  'PRODUCTION', 'http://telkom-mpg-merchant.vsan-apps.playcourt.id/api/production/merchant/requestInvoice', '2019-03-11 13:55:41',  '4f57f911-0b53-4e56-be64-c5f0499f17f3'),
('c9c443bf-23e8-477b-a468-c71ca0369fce',  'PAY',  '00', 'success',  '195102293576112',  '{\"productCode\":\"FINPAYTCASH\",\"invoiceId\":\"195102293576112\",\"gateway\":\"963626b2-ed04-424c-88ff-ed6063284ca8\"}', '{\"statusCode\":\"00\",\"statusDesc\":\"Success\",\"redirectUrl\":\"https://hsact.finnet-indonesia.com/live/redirect.php?access\\u003d753b56ada8608e4e2a1ff9c016c1030eea6a79378cd1bbe66abe02bc48cbe16e\"}',  'PRODUCTION', 'http://telkom-mpg-merchant.vsan-apps.playcourt.id/production/payment/submit',  '2019-03-08 16:05:03',  '4f57f911-0b53-4e56-be64-c5f0499f17f3'),
('d2039884-2ab5-4e4c-bc83-d6c491740f75',  'REQUEST_INVOICE',  '00', 'success',  '195102293576115',  '{\"merchantId\":\"195102293576\",\"merchantKey\":\"41ffdf2f974c428393d747d84a82bdaf\",\"orderId\":\"115\",\"orderInformation\":{\"productName\":\"Tagihan bulan Juni\",\"quantity\":\"1\"},\"additionalInformation\":{\"transType\":\"POSTPAID\",\"indihomeNumber\":\"27235992\"}}', '{\"resultCode\":\"00\",\"resultDescription\":\"success\",\"orderId\":\"115\",\"invoiceId\":\"195102293576115\",\"expiredDate\":\"2019-03-09 04:52:04\"}',  'PRODUCTION', 'http://telkom-mpg-merchant.vsan-apps.playcourt.id/api/production/merchant/requestInvoice', '2019-03-08 16:52:04',  '4f57f911-0b53-4e56-be64-c5f0499f17f3'),
('d2c8b954-812d-4a21-8550-33950dc7c816',  'PAY',  '00', 'success',  '195102293576201',  '{\"productCode\":\"FINPAYTCASH\",\"invoiceId\":\"195102293576201\",\"gateway\":\"963626b2-ed04-424c-88ff-ed6063284ca8\"}', '{\"statusCode\":\"00\",\"statusDesc\":\"Success\",\"redirectUrl\":\"https://hsact.finnet-indonesia.com/live/redirect.php?access\\u003dd8cd7b14b76acc6a75ae3fb1ef0094771aeb26e839b8b1c453b08bae80337815\"}',  'PRODUCTION', 'http://telkom-mpg-merchant.vsan-apps.playcourt.id/production/payment/submit',  '2019-03-11 11:27:01',  '4f57f911-0b53-4e56-be64-c5f0499f17f3'),
('e1a75f8b-ac39-4de3-9a39-2cf207e16e66',  'PAYMENT_NOTIFICATION', '05', 'Status invoice tidak valid', '8a0389b2696b507501696b5dfe3b0000', '{\"mer_signature\":\"14F13CB3CF2548BE3F5F40C4D8E7174164A07163DCA5AD70462C8E0E9BDB7E2B\",\"merchant_id\":\"MYIHT2215\",\"pay_date\":\"20190311131057\",\"invoice\":\"8a0389b2696b507501696b5dfe3b0000\",\"amount\":\"1515\",\"sof_id\":\"tcash\",\"sof_type\":\"notif\",\"payment_code\":\"\",\"ref_no\":\"\",\"result_code\":\"99\",\"result_desc\":\"Failed\",\"add_info1\":\"\",\"add_info2\":\"\",\"add_info3\":\"\",\"add_info4\":\"\",\"add_info5\":\"\"}', '{\"resultCode\":\"05\",\"resultDescription\":\"Status invoice tidak valid\"}', 'PRODUCTION', 'http://telkom-mpg-merchant.vsan-apps.playcourt.id/api/mitra/production/finpay/payment/notification', '2019-03-11 13:10:36',  '4f57f911-0b53-4e56-be64-c5f0499f17f3'),
('e2edbcad-6f1b-47a8-a89f-97784d2f599d',  'PAYMENT_NOTIFICATION', '00', 'success',  '8a0389b2696b507501696b5dfe3b0000', '{\"mer_signature\":\"\",\"merchant_id\":\"\",\"pay_date\":\"\",\"invoice\":\"8a0389b2696b507501696b5dfe3b0000\",\"amount\":\"\",\"sof_id\":\"\",\"sof_type\":\"\",\"payment_code\":\"\",\"ref_no\":\"350713570135018\",\"result_code\":\"00\",\"result_desc\":\"Success\",\"add_info1\":\"\",\"add_info2\":\"\",\"add_info3\":\"\",\"add_info4\":\"\",\"add_info5\":\"\"}',  '{\"resultCode\":\"00\",\"resultDescription\":\"SUCCESS\"}',  'PRODUCTION', 'http://telkom-mpg-merchant.vsan-apps.playcourt.id/api/mitra/production/finpay/payment/notification', '2019-03-11 13:09:00',  '4f57f911-0b53-4e56-be64-c5f0499f17f3'),
('e5b17b1a-289b-4528-8fca-763890fbe09b',  'PAY',  '00', 'success',  '195102293576204',  '{\"productCode\":\"FINPAYTCASH\",\"invoiceId\":\"195102293576204\",\"gateway\":\"963626b2-ed04-424c-88ff-ed6063284ca8\"}', '{\"statusCode\":\"00\",\"statusDesc\":\"Success\",\"redirectUrl\":\"https://hsact.finnet-indonesia.com/live/redirect.php?access\\u003d0a8dfe9530b4ab98d0d5189d7b0832873470bff8be41bd13899e5d7f3bdac0a2\"}',  'PRODUCTION', 'http://telkom-mpg-merchant.vsan-apps.playcourt.id/production/payment/submit',  '2019-03-11 13:08:36',  '4f57f911-0b53-4e56-be64-c5f0499f17f3'),
('e61c6c4e-2e3e-42dc-ab82-d675eaf4cf94',  'REQUEST_INVOICE',  '00', 'success',  '195102293576203',  '{\"merchantId\":\"195102293576\",\"merchantKey\":\"41ffdf2f974c428393d747d84a82bdaf\",\"orderId\":\"203\",\"orderInformation\":{\"productName\":\"Tagihan bulan September\",\"quantity\":\"1\"},\"additionalInformation\":{\"transType\":\"POSTPAID\",\"indihomeNumber\":\"15931741\"}}',  '{\"resultCode\":\"00\",\"resultDescription\":\"success\",\"orderId\":\"203\",\"invoiceId\":\"195102293576203\",\"expiredDate\":\"2019-03-12 12:40:05\"}',  'PRODUCTION', 'http://telkom-mpg-merchant.vsan-apps.playcourt.id/api/production/merchant/requestInvoice', '2019-03-11 12:40:05',  '4f57f911-0b53-4e56-be64-c5f0499f17f3'),
('eeb503ef-3770-46a4-840c-050ecae7ee87',  'REQUEST_INVOICE',  '05', 'Transaksi inquiry berhasil tapi amount 0', NULL, '{\"merchantId\":\"195102293576\",\"merchantKey\":\"41ffdf2f974c428393d747d84a82bdaf\",\"orderId\":\"116\",\"orderInformation\":{\"productName\":\"Tagihan bulan Juni\",\"quantity\":\"1\"},\"additionalInformation\":{\"transType\":\"POSTPAID\",\"indihomeNumber\":\"27235992\"}}', '{\"resultCode\":\"101\",\"resultDescription\":\"Transaksi inquiry berhasil tapi amount 0\",\"orderId\":\"116\"}',  'PRODUCTION', 'http://telkom-mpg-merchant.vsan-apps.playcourt.id/api/production/merchant/requestInvoice', '2019-03-08 16:56:00',  '4f57f911-0b53-4e56-be64-c5f0499f17f3');

DROP TABLE IF EXISTS `log_trems`;
CREATE TABLE `log_trems` (
  `id` varchar(36) NOT NULL,
  `amount` decimal(19,2) DEFAULT NULL,
  `indihome_number` varchar(50) DEFAULT NULL,
  `invoice_number` varchar(50) DEFAULT NULL,
  `invoice_type` varchar(15) DEFAULT NULL,
  `log_trems_type` varchar(20) DEFAULT NULL,
  `payment_date` datetime DEFAULT NULL,
  `receipt_no` varchar(50) DEFAULT NULL,
  `response_code` varchar(10) DEFAULT NULL,
  `response_desc` text,
  `transaction_date` datetime DEFAULT NULL,
  `system_reference` varchar(50) DEFAULT NULL,
  `status` varchar(10) DEFAULT NULL,
  PRIMARY KEY (`id`),
  KEY `idx_log_trems_invoice_number` (`invoice_number`),
  KEY `idx_log_trems_indihome_number` (`indihome_number`),
  KEY `idx_log_trems_system_reference` (`system_reference`)
) ENGINE=InnoDB DEFAULT CHARSET=latin1;

INSERT INTO `log_trems` (`id`, `amount`, `indihome_number`, `invoice_number`, `invoice_type`, `log_trems_type`, `payment_date`, `receipt_no`, `response_code`, `response_desc`, `transaction_date`, `system_reference`, `status`) VALUES
('0f812b85-45d4-45b0-bc5f-28de808e5b17',  515.00, '15931741', '-',  'PRODUCTION', 'RESPONSE_INQUIRY', NULL, '-',  'T',  'Sukses Inquiry', '2019-03-11 13:55:41',  '20190311135540IvUwjJy0xjofImRd07', '000'),
('106fc016-4569-44f6-8f66-ba17acce0a33',  0.00, '27235992', '-',  'PRODUCTION', 'REQUEST_INQUIRY',  NULL, '-',  '-',  '-',  '2019-03-08 16:52:04',  NULL, NULL),
('1527bfc5-cba8-4e32-b346-f2a0956a63d0',  515.00, '021839121',  '-',  'PRODUCTION', 'RESPONSE_INQUIRY', NULL, '-',  'T',  'Sukses Inquiry', '2019-03-11 11:17:33',  '20190311111732fcO3HlGD3FfYtG6RGp', '000'),
('198789d4-be75-451d-9f1a-e8c40705c7fb',  515.00, '15931741', '195102293576203',  'PRODUCTION', 'REQUEST_FLAGGING', '2019-03-11 12:41:31',  '-',  '-',  '-',  '2019-03-11 12:41:31',  '20190311124004v5jFIm7y0RowshSsap', NULL),
('1d1146b6-03e6-402c-a943-6e9aa3e791da',  0.00, '021839121',  '-',  'PRODUCTION', 'REQUEST_INQUIRY',  NULL, '-',  '-',  '-',  '2019-03-11 11:12:58',  '20190311111257SiY3G6kaKpm3tGDu5P', NULL),
('1df1f844-7a0b-4a3d-8739-70d62b572ada',  515.00, '15931741', '-',  'PRODUCTION', 'RESPONSE_INQUIRY', NULL, '-',  'T',  'Sukses Inquiry', '2019-03-11 12:40:05',  '20190311124004v5jFIm7y0RowshSsap', '000'),
('1f1d5806-c42d-4bcf-be52-6fa91e6ffab7',  0.00, '021839121',  '-',  'PRODUCTION', 'RESPONSE_INQUIRY', NULL, '-',  'T',  'Inquiry Success',  '2019-03-11 11:14:49',  '20190311111449xYWi1ssjrYxtcpClQj', '101'),
('2d6e077a-8e0c-423f-b00b-29fd51825705',  501.00, '27235992', '-',  'PRODUCTION', 'RESPONSE_INQUIRY', NULL, '-',  'T',  'Inquiry Success',  '2019-03-08 16:52:05',  NULL, NULL),
('2e6c51ff-214c-484d-a40b-6bfb24d74643',  530.00, '021839121',  '-',  'PRODUCTION', 'RESPONSE_INQUIRY', NULL, '-',  'F',  'Gagal Inquiry',  '2019-03-11 11:14:54',  '20190311111454Vinz1RKPxfZcHh9pZc', '100'),
('2fb98476-4a52-4f8d-893c-404c653c5985',  0.00, '15931741', '195102293576205',  'PRODUCTION', 'RESPONSE_FLAGGING',  NULL, '9823100',  'T',  'Flagging Success', '2019-03-11 13:56:22',  '20190311135540IvUwjJy0xjofImRd07', 'PAID'),
('43a926ce-46c3-446f-8790-5fc2cf4afed5',  0.00, '15931741', '-',  'PRODUCTION', 'REQUEST_INQUIRY',  NULL, '-',  '-',  '-',  '2019-03-11 13:55:41',  '20190311135540IvUwjJy0xjofImRd07', NULL),
('47f0b438-a3de-4689-820d-0cb8110a32e2',  0.00, '021839121',  '-',  'PRODUCTION', 'RESPONSE_INQUIRY', NULL, '-',  'T',  'Inquiry Success',  '2019-03-11 11:12:58',  '20190311111257SiY3G6kaKpm3tGDu5P', '101'),
('4d40a689-62cf-4cfc-9e53-3c4496b0e1fc',  515.00, '15931741', '195102293576205',  'PRODUCTION', 'REQUEST_FLAGGING', '2019-03-11 13:56:22',  '-',  '-',  '-',  '2019-03-11 13:56:22',  '20190311135540IvUwjJy0xjofImRd07', NULL),
('50195e5d-8db6-45d8-8530-6a0eb41d117e',  0.00, '0216602132', '195102293576191',  'PRODUCTION', 'RESPONSE_FLAGGING',  NULL, '287239893',  'F',  'Flagging Success', '2019-03-06 10:03:02',  NULL, NULL),
('5344a2f1-bb27-443a-ac95-15035cde1253',  1501.00,  '9981602312', '195102293576112',  'PRODUCTION', 'REQUEST_FLAGGING', '2019-03-08 16:06:21',  '-',  '-',  '-',  '2019-03-08 16:06:22',  NULL, NULL),
('555d060f-36a0-4239-99ff-663d51d7e33e',  0.00, '0216602132', '-',  'PRODUCTION', 'REQUEST_INQUIRY',  NULL, '-',  '-',  '-',  '2019-03-06 09:35:30',  NULL, NULL),
('5b6db449-c170-42fc-899e-db1ed8fef826',  0.00, '15931741', '195102293576203',  'PRODUCTION', 'RESPONSE_FLAGGING',  NULL, '9823100',  'T',  'Flagging Success', '2019-03-11 12:41:31',  '20190311124004v5jFIm7y0RowshSsap', 'PAID'),
('6534533a-4e40-4a4e-9d46-774b79c5ca9b',  1501.00,  '0216602132', '-',  'PRODUCTION', 'RESPONSE_INQUIRY', NULL, '-',  'T',  'Inquiry Success',  '2019-03-06 09:35:30',  NULL, NULL),
('6dac0fca-bc34-49f8-8b06-8720929eb84c',  0.00, '15931741', '-',  'PRODUCTION', 'REQUEST_INQUIRY',  NULL, '-',  '-',  '-',  '2019-03-11 12:40:05',  '20190311124004v5jFIm7y0RowshSsap', NULL),
('6e30ecb6-a85c-4beb-abe2-d87191aec286',  515.00, '094701413',  '-',  'PRODUCTION', 'RESPONSE_INQUIRY', NULL, '-',  'T',  'Sukses Inquiry', '2019-03-11 12:10:32',  '20190311121031IKYVp4ZPnQyPbdn76X', '000'),
('71162eb0-8075-40d4-95da-b81bc2631387',  0.00, '021839121',  '-',  'PRODUCTION', 'REQUEST_INQUIRY',  NULL, '-',  '-',  '-',  '2019-03-11 11:14:54',  '20190311111454Vinz1RKPxfZcHh9pZc', NULL),
('74bdc305-6d48-44e2-93b9-15b250b71d17',  1501.00,  '0216602132', '195102293576191',  'PRODUCTION', 'REQUEST_FLAGGING', '2019-03-06 10:03:02',  '-',  '-',  '-',  '2019-03-06 10:03:02',  NULL, NULL),
('7ce0d201-2b3e-4c51-9ace-27f11998efc8',  0.00, '021839121',  '-',  'PRODUCTION', 'REQUEST_INQUIRY',  NULL, '-',  '-',  '-',  '2019-03-11 11:17:33',  '20190311111732fcO3HlGD3FfYtG6RGp', NULL),
('9025dfc1-79a8-49f4-9937-438e41192075',  0.00, '27235992', '-',  'PRODUCTION', 'REQUEST_INQUIRY',  NULL, '-',  '-',  '-',  '2019-03-08 16:56:00',  NULL, NULL),
('97d3e967-4a9b-4b0e-a72f-26cca5e95425',  0.00, '0216602132', '-',  'PRODUCTION', 'REQUEST_INQUIRY',  NULL, '-',  '-',  '-',  '2019-03-06 15:47:01',  NULL, NULL),
('a4424202-5a50-4e45-8784-40b6c10a2962',  0.00, '27235992', '-',  'PRODUCTION', 'RESPONSE_INQUIRY', NULL, '-',  'T',  'Inquiry Success',  '2019-03-08 16:56:00',  NULL, NULL),
('af5cb1fc-cfec-40c3-916b-a1a870443dcf',  0.00, '15931741', '-',  'PRODUCTION', 'REQUEST_INQUIRY',  NULL, '-',  '-',  '-',  '2019-03-11 13:08:06',  '20190311130806VRAFdwvOosmiSZvbr4', NULL),
('b68b2b28-31a4-4e68-8a15-3328da167547',  0.00, '0216602132', '-',  'PRODUCTION', 'REQUEST_INQUIRY',  NULL, '-',  '-',  '-',  '2019-03-06 09:26:25',  NULL, NULL),
('b985eae9-917f-43a5-a82a-57a8b2dd3fa1',  573497080.00, '0216602132', '-',  'PRODUCTION', 'RESPONSE_INQUIRY', NULL, '-',  'T',  'Successfull in retrieving the data', '2019-03-06 15:47:01',  NULL, NULL),
('bb3df99b-4775-43c6-9932-2fa9f5236c80',  515.00, '15931741', '-',  'PRODUCTION', 'RESPONSE_INQUIRY', NULL, '-',  'T',  'Sukses Inquiry', '2019-03-11 13:08:06',  '20190311130806VRAFdwvOosmiSZvbr4', '000'),
('c7800282-cfee-4356-a5c2-7d6843c9fd11',  0.00, '021839121',  '-',  'PRODUCTION', 'REQUEST_INQUIRY',  NULL, '-',  '-',  '-',  '2019-03-11 11:14:49',  '20190311111449xYWi1ssjrYxtcpClQj', NULL),
('c95041d8-9342-41d3-b7ed-874f887bdf1d',  0.00, '094701413',  '195102293576202',  'PRODUCTION', 'RESPONSE_FLAGGING',  NULL, '9823100',  'T',  'Flagging Success', '2019-03-11 12:15:07',  '20190311121031IKYVp4ZPnQyPbdn76X', 'PAID'),
('cdf12513-e19a-45b1-9bee-46946c505372',  515.00, '094701413',  '195102293576202',  'PRODUCTION', 'REQUEST_FLAGGING', '2019-03-11 12:15:07',  '-',  '-',  '-',  '2019-03-11 12:15:07',  '20190311121031IKYVp4ZPnQyPbdn76X', NULL),
('d0364f25-159f-4278-9498-aebe5a4616d7',  515.00, '15931741', '195102293576204',  'PRODUCTION', 'REQUEST_FLAGGING', '2019-03-11 13:09:00',  '-',  '-',  '-',  '2019-03-11 13:09:00',  '20190311130806VRAFdwvOosmiSZvbr4', NULL),
('d156acdd-0847-4168-9cc6-56e815a2b3cc',  1501.00,  '9981602312', '-',  'PRODUCTION', 'RESPONSE_INQUIRY', NULL, '-',  'T',  'Inquiry Success',  '2019-03-08 16:04:40',  NULL, NULL),
('d23943eb-68f9-4b91-804a-8cbd27e452e0',  0.00, '021839121',  '195102293576201',  'PRODUCTION', 'RESPONSE_FLAGGING',  NULL, '-',  '500',  'ERROR SUSPECT : Unrecognized field \"receiptNo\" (class id.co.telkom.merchant.payment.gateway.entity.dto.trems.TremsResponseDto), not marked as ignorable (4 known properties: \"amount\", \"outMessage\", \"outStatus\", \"receipt_no\"])\n at [Source: (String)\"{\n    \"outMessage\": \"Flagging Success\",\n    \"outStatus\": \"T\",\n    \"receiptNo\": \"9823100\"\n}\"; line: 4, column: 19] (through reference chain: id.co.telkom.merchant.payment.gateway.entity.dto.trems.TremsResponseDto[\"receiptNo\"])',  '2019-03-11 11:37:37',  '20190311111732fcO3HlGD3FfYtG6RGp', 'SUSPECT'),
('e1649967-4d17-4e56-a4a8-5f1e187902ce',  0.00, '15931741', '195102293576204',  'PRODUCTION', 'RESPONSE_FLAGGING',  NULL, '9823100',  'T',  'Flagging Success', '2019-03-11 13:09:00',  '20190311130806VRAFdwvOosmiSZvbr4', 'PAID'),
('e47affbd-3c71-4fa8-8e75-cfdf43e3d8bd',  0.00, '9981602312', '-',  'PRODUCTION', 'REQUEST_INQUIRY',  NULL, '-',  '-',  '-',  '2019-03-08 16:04:39',  NULL, NULL),
('e49ba38b-c1d0-48f4-a3a4-e9e19ec6ec03',  515.00, '021839121',  '195102293576201',  'PRODUCTION', 'REQUEST_FLAGGING', '2019-03-11 11:37:37',  '-',  '-',  '-',  '2019-03-11 11:37:37',  '20190311111732fcO3HlGD3FfYtG6RGp', NULL),
('f41f786d-f3d2-4269-937f-5821e525e5fd',  0.00, '094701413',  '-',  'PRODUCTION', 'REQUEST_INQUIRY',  NULL, '-',  '-',  '-',  '2019-03-11 12:10:32',  '20190311121031IKYVp4ZPnQyPbdn76X', NULL);

DROP TABLE IF EXISTS `merchant_gateway`;
CREATE TABLE `merchant_gateway` (
  `id` varchar(36) NOT NULL,
  `kode_gateway` varchar(255) NOT NULL,
  `mitra_id_sandbox` varchar(255) NOT NULL,
  `nama_gateway` varchar(255) NOT NULL,
  PRIMARY KEY (`id`),
  UNIQUE KEY `UK_ecmn0n91gwqnokdxakresaj9d` (`kode_gateway`)
) ENGINE=InnoDB DEFAULT CHARSET=latin1;

INSERT INTO `merchant_gateway` (`id`, `kode_gateway`, `mitra_id_sandbox`, `nama_gateway`) VALUES
('0ce81e6c-837d-45ee-b14f-3bceabad40e9',  '0339', '0292920209', 'tmoney'),
('1', 'P001', '2759d92e6db3b200b42ecd2b9e5c63ca', 'Espay'),
('2', 'P002', '-',  'Telkom'),
('6b9ff8f0-714a-4a94-9803-a84b5e67619a',  'P004', 'G042207226', 'Midtrans'),
('753589ea-18de-46b5-9ac0-d35182d04d2f',  'P003', 'TMAGE2620',  'FinPay');

DROP TABLE IF EXISTS `merchant_gateway_aud`;
CREATE TABLE `merchant_gateway_aud` (
  `id` varchar(36) NOT NULL,
  `rev` int(11) NOT NULL,
  `revtype` tinyint(4) DEFAULT NULL,
  `kode_gateway` varchar(255) DEFAULT NULL,
  `mitra_id_sandbox` varchar(255) DEFAULT NULL,
  `nama_gateway` varchar(255) DEFAULT NULL,
  PRIMARY KEY (`id`,`rev`),
  KEY `FKexyuavhv4msgnifxv60kve6ka` (`rev`),
  CONSTRAINT `FKexyuavhv4msgnifxv60kve6ka` FOREIGN KEY (`rev`) REFERENCES `user_rev_entity` (`id`)
) ENGINE=InnoDB DEFAULT CHARSET=latin1;


DROP TABLE IF EXISTS `merchant_gateway_registry`;
CREATE TABLE `merchant_gateway_registry` (
  `id` varchar(36) NOT NULL,
  `merchant_id_production` varchar(255) DEFAULT NULL,
  `merchant_id_sandbox` varchar(255) DEFAULT NULL,
  `id_client_partner` varchar(36) DEFAULT NULL,
  `id_merchant_gateway` varchar(36) DEFAULT NULL,
  PRIMARY KEY (`id`),
  KEY `FKhs37u9vjd7jhqiydqyitjg7np` (`id_client_partner`),
  KEY `FKrn5arfaxagd6t0msoqjia6byn` (`id_merchant_gateway`),
  CONSTRAINT `FKhs37u9vjd7jhqiydqyitjg7np` FOREIGN KEY (`id_client_partner`) REFERENCES `m_client_partner` (`id`),
  CONSTRAINT `FKrn5arfaxagd6t0msoqjia6byn` FOREIGN KEY (`id_merchant_gateway`) REFERENCES `merchant_gateway` (`id`)
) ENGINE=InnoDB DEFAULT CHARSET=latin1;

INSERT INTO `merchant_gateway_registry` (`id`, `merchant_id_production`, `merchant_id_sandbox`, `id_client_partner`, `id_merchant_gateway`) VALUES
('03f97188-86b5-4ba5-b0e3-d693fc357ed5',  NULL, 'TMAGE2620',  '5781de9a-5a74-4a36-8aa1-d37701340960', '753589ea-18de-46b5-9ac0-d35182d04d2f'),
('0bffbbd6-77ba-4738-83ad-90f5d23a2102',  '', '2759d92e6db3b200b42ecd2b9e5c63ca', '065636c9-1738-4209-9e6e-0b88197773a0', '1'),
('125f564a-c7b5-40f9-a21c-02fd18773243',  '4324324324324324', '323432432',  '0383bb62-ad96-418b-82a3-07771e815806', '0ce81e6c-837d-45ee-b14f-3bceabad40e9'),
('1347f0e5-b5f0-44b6-9669-6be6d8b15bdc',  NULL, '0292920209', 'c4ff83f5-d81e-4a10-bef5-aa0a8a90f199', '0ce81e6c-837d-45ee-b14f-3bceabad40e9'),
('19a42da2-65f9-4d28-88d4-7671aad17fad',  '2759d92e6db3b200b42ecd2b9e5c63ca', '2759d92e6db3b200b42ecd2b9e5c63ca', '90311536-1949-4523-9350-b8885f20344f', '1'),
('2b0134f8-59ca-4493-a1db-11975cb5bebd',  NULL, '-',  '9f2f46c3-2fd2-4c84-b17b-1f8187dd4af8', '2'),
('2fec73f1-5178-4b7a-bb7f-fd2da99b7c81',  NULL, '-',  '861ecf7e-c276-409d-8eff-2bdcb530952b', '2'),
('3187e2ec-9807-41a7-93d7-851145134e85',  '2759d92e6db3b200b42ecd2b9e5c63ca', '2759d92e6db3b200b42ecd2b9e5c63ca', '9f2f46c3-2fd2-4c84-b17b-1f8187dd4af8', '1'),
('334c05f8-c679-48a2-8112-f194af30778e',  NULL, '2759d92e6db3b200b42ecd2b9e5c63ca', '861ecf7e-c276-409d-8eff-2bdcb530952b', '1'),
('35fd98c4-c321-42c6-b56b-fda763035251',  NULL, '2759d92e6db3b200b42ecd2b9e5c63ca', 'c4ff83f5-d81e-4a10-bef5-aa0a8a90f199', '1'),
('4888e5ad-0350-4c4f-8c9f-c0ef64e473c2',  NULL, '0292920209', '9e1949ef-9e87-4464-96b0-199caa914cfa', '0ce81e6c-837d-45ee-b14f-3bceabad40e9'),
('4db859ca-5bf8-43d7-8165-d648dc3d0938',  NULL, '0292920209', 'f180c2a6-e06e-4c8c-971a-04982a590d78', '0ce81e6c-837d-45ee-b14f-3bceabad40e9'),
('5472cdb6-3044-4626-8890-66ae723b18d6',  NULL, '2759d92e6db3b200b42ecd2b9e5c63ca', '0d39ea4c-e64c-4410-8366-186c4a23e8c0', '1'),
('567c4380-821a-4f08-b4ad-e648346c6e6f',  NULL, '-',  'f180c2a6-e06e-4c8c-971a-04982a590d78', '2'),
('623e18e0-a62b-4e03-89f5-edade54eef10',  NULL, '-',  '4f57f911-0b53-4e56-be64-c5f0499f17f3', '2'),
('67b3d082-322c-41a4-a5c5-5bbaab85f41b',  NULL, '-',  '9731080f-5b58-4551-b59a-e9155acdfe05', '2'),
('68aeb5cc-81fb-4a4a-9f19-d8a17bf6e9b1',  '4e6dd53d45b8e9ac15925bf8cc54aeeb', '2759d92e6db3b200b42ecd2b9e5c63ca', '01e2afa7-477f-462e-914d-b35f59a21bb5', '1'),
('7134460a-825b-4ece-b8bf-f8e8dd1e3f99',  NULL, '0292920209', '3d1a95b8-0893-417c-a215-fd1bf134be9f', '0ce81e6c-837d-45ee-b14f-3bceabad40e9'),
('789cad4a-bb50-4591-90b9-a3012dc0c054',  'TMAGE2620',  'TMAGE2620',  '9e1949ef-9e87-4464-96b0-199caa914cfa', '753589ea-18de-46b5-9ac0-d35182d04d2f'),
('7a07cf5c-7c58-4d8a-aadc-7c2bf5ee9817',  NULL, '0292920209', '5781de9a-5a74-4a36-8aa1-d37701340960', '0ce81e6c-837d-45ee-b14f-3bceabad40e9'),
('7bec3b98-afbe-48fe-bc77-443f66f5bacf',  NULL, '-',  '3d1a95b8-0893-417c-a215-fd1bf134be9f', '2'),
('7ed48b47-800f-4566-9541-1679d6006387',  '', '', '01e2afa7-477f-462e-914d-b35f59a21bb5', '753589ea-18de-46b5-9ac0-d35182d04d2f'),
('7f1dd263-265e-4040-b81a-b21533df97e8',  NULL, '0292920209', '350d5062-3ab4-40cb-92f4-2ae340b1d6b1', '0ce81e6c-837d-45ee-b14f-3bceabad40e9'),
('89b612bd-8557-4f7a-8299-954e95791e92',  '4e6dd53d45b8e9ac15925bf8cc54aeeb', '2759d92e6db3b200b42ecd2b9e5c63ca', '4f57f911-0b53-4e56-be64-c5f0499f17f3', '1'),
('89d43162-9e7a-4bf2-bbfb-aa7d68144fc4',  '', '0292920209', '01e2afa7-477f-462e-914d-b35f59a21bb5', '0ce81e6c-837d-45ee-b14f-3bceabad40e9'),
('8ef6d1f3-2305-4e8b-b65c-18c908f7fb07',  NULL, '0292920209', '3be8040f-2cb9-4550-9357-9906af112fe4', '0ce81e6c-837d-45ee-b14f-3bceabad40e9'),
('907e1135-3943-479c-828f-97341d6dd3a8',  NULL, '-',  'c4ff83f5-d81e-4a10-bef5-aa0a8a90f199', '2'),
('950da882-5c19-45f1-8476-e89780246ac9',  NULL, '-',  '3be8040f-2cb9-4550-9357-9906af112fe4', '2'),
('963626b2-ed04-424c-88ff-ed6063284ca8',  '', '', '4f57f911-0b53-4e56-be64-c5f0499f17f3', '753589ea-18de-46b5-9ac0-d35182d04d2f'),
('9f75dee3-96b4-4af6-8078-5dbf3b52f1d7',  '', '2759d92e6db3b200b42ecd2b9e5c63ca', 'f180c2a6-e06e-4c8c-971a-04982a590d78', '1'),
('a1cd969e-dc43-494d-af1b-f0a4e60d36e3',  NULL, '0292920209', '861ecf7e-c276-409d-8eff-2bdcb530952b', '0ce81e6c-837d-45ee-b14f-3bceabad40e9'),
('a3401c24-7c27-447a-bc69-7452a620177f',  NULL, '0292920209', '9f2f46c3-2fd2-4c84-b17b-1f8187dd4af8', '0ce81e6c-837d-45ee-b14f-3bceabad40e9'),
('a3b70de4-5b3c-43df-8816-d22a711a6454',  NULL, '-',  '90311536-1949-4523-9350-b8885f20344f', '2'),
('a3cd969c-c9b4-4df7-8169-fa4576a49788',  NULL, '2759d92e6db3b200b42ecd2b9e5c63ca', '3d1a95b8-0893-417c-a215-fd1bf134be9f', '1'),
('a7bbf1f0-5347-4027-b6e8-610cf05ad243',  NULL, '-',  '9f42eeb4-d764-43f4-ac1f-208ffd4f1e3e', '2'),
('aedba585-2bb9-41e7-a627-d3b2dc7fc9b0',  '2759d92e6db3b200b42ecd2b9e5c63ca', '2759d92e6db3b200b42ecd2b9e5c63ca', '9e1949ef-9e87-4464-96b0-199caa914cfa', '1'),
('b0c04847-e608-4ba8-91dc-8ee399681f03',  NULL, '-',  '0383bb62-ad96-418b-82a3-07771e815806', '2'),
('b19bb280-88f7-4dd5-9401-dd501a9b5e8e',  NULL, '2759d92e6db3b200b42ecd2b9e5c63ca', '9731080f-5b58-4551-b59a-e9155acdfe05', '1'),
('bd897e00-ca0e-42b3-ac9f-cd5e11620beb',  NULL, '2759d92e6db3b200b42ecd2b9e5c63ca', '0383bb62-ad96-418b-82a3-07771e815806', '1'),
('beaea831-dcc3-42ea-a66e-3d36f3b93561',  NULL, '-',  '0d39ea4c-e64c-4410-8366-186c4a23e8c0', '2'),
('c575083a-2e7b-4e74-8802-8179247cf316',  NULL, '-',  '01e2afa7-477f-462e-914d-b35f59a21bb5', '2'),
('c6252671-3a3c-4d86-85d5-fd3e38e394ae',  '323432432',  '323432432',  '90311536-1949-4523-9350-b8885f20344f', '0ce81e6c-837d-45ee-b14f-3bceabad40e9'),
('c7f41f77-a007-4f5a-9496-85e793e9317b',  NULL, '2759d92e6db3b200b42ecd2b9e5c63ca', '56b92a6e-05bc-4477-b265-2d58985781c1', '1'),
('c8f2a535-df96-4f51-8f2b-7976d69d6376',  NULL, '2759d92e6db3b200b42ecd2b9e5c63ca', '350d5062-3ab4-40cb-92f4-2ae340b1d6b1', '1'),
('ca0c62db-00d6-42e3-bf86-679838215597',  NULL, '2759d92e6db3b200b42ecd2b9e5c63ca', '7be19ac2-7e83-47a2-b16b-9c0c837d1b3a', '1'),
('cda7a5ac-d79f-4513-810e-8bfa389eab93',  NULL, '-',  '065636c9-1738-4209-9e6e-0b88197773a0', '2'),
('cfad49a8-835a-45ea-adbb-3877ce7c2cb1',  NULL, '2759d92e6db3b200b42ecd2b9e5c63ca', '9f42eeb4-d764-43f4-ac1f-208ffd4f1e3e', '1'),
('d731839b-df3b-4ad3-991c-6ff72ff72f78',  '', '', '9e1949ef-9e87-4464-96b0-199caa914cfa', '6b9ff8f0-714a-4a94-9803-a84b5e67619a'),
('d77737a4-fd16-42dc-b78f-9ddaa12aa527',  NULL, '-',  '9e1949ef-9e87-4464-96b0-199caa914cfa', '2'),
('e3b19f38-dae0-4bea-ae1a-0dc101bbb125',  NULL, '-',  '5781de9a-5a74-4a36-8aa1-d37701340960', '2'),
('e42ab76f-de36-45c5-aeb2-7524367e08f5',  NULL, '2759d92e6db3b200b42ecd2b9e5c63ca', '3be8040f-2cb9-4550-9357-9906af112fe4', '1'),
('e5fefde8-f2bd-40f7-8480-c54103f6ec35',  NULL, '-',  '7be19ac2-7e83-47a2-b16b-9c0c837d1b3a', '2'),
('f4f882b6-cace-4ea5-b7e0-502c6115228d',  NULL, '-',  '350d5062-3ab4-40cb-92f4-2ae340b1d6b1', '2'),
('fade844c-071b-40bb-b200-dc7c26d112b5',  NULL, '-',  '56b92a6e-05bc-4477-b265-2d58985781c1', '2'),
('fdddd0e8-0634-427b-8363-a18fe6675cac',  NULL, '2759d92e6db3b200b42ecd2b9e5c63ca', '5781de9a-5a74-4a36-8aa1-d37701340960', '1');

DROP TABLE IF EXISTS `merchant_gateway_registry_aud`;
CREATE TABLE `merchant_gateway_registry_aud` (
  `id` varchar(36) NOT NULL,
  `rev` int(11) NOT NULL,
  `revtype` tinyint(4) DEFAULT NULL,
  `merchant_id_production` varchar(255) DEFAULT NULL,
  `merchant_id_sandbox` varchar(255) DEFAULT NULL,
  `id_client_partner` varchar(36) DEFAULT NULL,
  `id_merchant_gateway` varchar(36) DEFAULT NULL,
  PRIMARY KEY (`id`,`rev`),
  KEY `FK8gq9samdqotvxpubunp4pohi6` (`rev`),
  CONSTRAINT `FK8gq9samdqotvxpubunp4pohi6` FOREIGN KEY (`rev`) REFERENCES `user_rev_entity` (`id`)
) ENGINE=InnoDB DEFAULT CHARSET=latin1;

INSERT INTO `merchant_gateway_registry_aud` (`id`, `rev`, `revtype`, `merchant_id_production`, `merchant_id_sandbox`, `id_client_partner`, `id_merchant_gateway`) VALUES
('68aeb5cc-81fb-4a4a-9f19-d8a17bf6e9b1',  249,  1,  '4e6dd53d45b8e9ac15925bf8cc54aeeb', '2759d92e6db3b200b42ecd2b9e5c63ca', '01e2afa7-477f-462e-914d-b35f59a21bb5', '1'),
('7ed48b47-800f-4566-9541-1679d6006387',  248,  0,  '', '', '01e2afa7-477f-462e-914d-b35f59a21bb5', '753589ea-18de-46b5-9ac0-d35182d04d2f');

DROP TABLE IF EXISTS `merchant_payment_notification`;
CREATE TABLE `merchant_payment_notification` (
  `id` varchar(36) NOT NULL,
  `invoice_id` varchar(255) DEFAULT NULL,
  `response_message` text,
  `notif_sent` bit(1) DEFAULT NULL,
  `notification_type` varchar(255) DEFAULT NULL,
  `request` text,
  `response` text,
  `response_code` varchar(255) DEFAULT NULL,
  `timestamp` datetime DEFAULT NULL,
  `total_retry` int(11) DEFAULT NULL,
  `transaction_type` varchar(255) DEFAULT NULL,
  `url` varchar(255) DEFAULT NULL,
  `request_code` varchar(255) DEFAULT NULL,
  `request_message` text,
  PRIMARY KEY (`id`)
) ENGINE=InnoDB DEFAULT CHARSET=latin1;

INSERT INTO `merchant_payment_notification` (`id`, `invoice_id`, `response_message`, `notif_sent`, `notification_type`, `request`, `response`, `response_code`, `timestamp`, `total_retry`, `transaction_type`, `url`, `request_code`, `request_message`) VALUES
('49ac1790-5219-444e-a16c-c6609451eb88',  '195102293576205',  'Response NULL',  CONV('1', 2, 10) + 0, 'PAYMENT_NOTIF',  '{\"expiredDate\":\"Mar 12, 2019 1:55:41 PM\",\"invoiceId\":\"195102293576205\",\"orderId\":\"205\",\"merchantId\":\"195102293576\",\"amount\":515.00,\"merchantProductCode\":\"FINPAYTCASH\",\"status\":\"PAID\",\"message\":\"invoice telah lunas\"}',  NULL, '05', '2019-03-11 13:56:22',  0,  'PRODUCTION', 'https://webhook.site/d9edbd0b-1742-45b9-a723-1d000f4395f5',  'PAID', 'invoice telah lunas'),
('b69ba94b-d3a1-4509-b72e-8c5fcd4d73a8',  '195102293576115',  'Response NULL',  CONV('1', 2, 10) + 0, 'INVOICE_EXPIRED',  '{\"expiredDate\":\"Mar 9, 2019 4:52:05 PM\",\"invoiceId\":\"195102293576115\",\"orderId\":\"115\",\"merchantId\":\"195102293576\",\"amount\":501.00,\"status\":\"EXPIRED\",\"message\":\"invoice telah expired\"}',  NULL, '05', '2019-03-11 14:16:31',  1,  'PRODUCTION', 'https://webhook.site/d9edbd0b-1742-45b9-a723-1d000f4395f5',  'EXPIRED',  'invoice telah expired'),
('d113144c-8b6f-4d7c-b7a3-a8cf8bc8202e',  '195102293576192',  'Format Response Berbeda',  CONV('1', 2, 10) + 0, 'INVOICE_EXPIRED',  '{\"expiredDate\":\"Mar 7, 2019 3:50:19 PM\",\"invoiceId\":\"195102293576192\",\"orderId\":\"192\",\"merchantId\":\"195102293576\",\"amount\":573497080.00,\"status\":\"EXPIRED\"}',  '{\r\n\"status\":\"200\",\r\n\"message\":\"Ok\",\r\n\"invoice_id\":\"195102293576191\"\r\n}', '1',  '2019-03-07 15:50:22',  1,  'PRODUCTION', 'https://webhook.site/97e21659-beda-498e-973c-b2a72b9665c2',  NULL, NULL),
('e65d9d23-c9f6-44b4-8295-666a3542c872',  '195102293576191',  'Pembayaran tagihan telah sukses dilakukan',  CONV('1', 2, 10) + 0, 'PAYMENT_NOTIF',  '{\"expiredDate\":\"Mar 7, 2019 9:35:31 AM\",\"invoiceId\":\"195102293576191\",\"orderId\":\"191\",\"merchantId\":\"195102293576\",\"amount\":1501.00,\"merchantProductCode\":\"FINPAYTCASH\",\"status\":\"PAID\"}',  '{\r\n\"status\":\"200\",\r\n\"message\":\"Ok\",\r\n\"invoice_id\":\"195102293576191\"\r\n}', 'PAID', '2019-03-06 10:03:03',  0,  'PRODUCTION', 'https://webhook.site/97e21659-beda-498e-973c-b2a72b9665c2',  NULL, NULL);

DROP TABLE IF EXISTS `merchant_product`;
CREATE TABLE `merchant_product` (
  `id` varchar(36) NOT NULL,
  `bank_code` varchar(255) NOT NULL,
  `cara_pembayaran` text,
  `cara_pembayaran_email` text,
  `product_code` varchar(255) NOT NULL,
  `product_image` varchar(255) DEFAULT NULL,
  `product_name` varchar(255) NOT NULL,
  `product_type` varchar(255) DEFAULT NULL,
  `id_merchant_gateway` varchar(36) DEFAULT NULL,
  `id_product_group` varchar(36) DEFAULT NULL,
  PRIMARY KEY (`id`),
  UNIQUE KEY `UK6vpg9uymq9xw7l7fpcmjaoso7` (`product_code`),
  KEY `FKa3u8n01emjy7gjcsjjor5mu0a` (`id_merchant_gateway`),
  KEY `FKmg4ucvrof9sc8x9o49f0nema0` (`id_product_group`),
  CONSTRAINT `FKa3u8n01emjy7gjcsjjor5mu0a` FOREIGN KEY (`id_merchant_gateway`) REFERENCES `merchant_gateway` (`id`),
  CONSTRAINT `FKmg4ucvrof9sc8x9o49f0nema0` FOREIGN KEY (`id_product_group`) REFERENCES `product_group` (`id`)
) ENGINE=InnoDB DEFAULT CHARSET=latin1;

INSERT INTO `merchant_product` (`id`, `bank_code`, `cara_pembayaran`, `cara_pembayaran_email`, `product_code`, `product_image`, `product_name`, `product_type`, `id_merchant_gateway`, `id_product_group`) VALUES
('1', '898',  NULL, NULL, 'TMONEY', NULL, 't-money',  'EMONEY', '2',  '10'),
('10',  '008',  NULL, NULL, 'CREDITCARD', '/images/product_espay/creditcard.png', 'Credit Card Visa / Master',  'CREDITCARD', '1',  '01'),
('102', '014',  NULL, NULL, 'KLIKBCA',  '/images/product_espay/klikbca.png',  'Klik BCA', 'ONLINEPAYMENT',  '1',  '02'),
('11',  '008',  NULL, NULL, 'MANDIRISMS', '/images/product_espay/mandiri_sms.png',  'MANDIRI SMS',  'ONLINEPAYMENT',  '1',  '03'),
('12',  '008',  NULL, NULL, 'MANDIRIIB',  NULL, 'Mandiri Internet Banking', 'ONLINEPAYMENT',  '1',  '03'),
('13',  '008',  '<div class=\"col-sm-3 col-md-4 nav flex-column nav-pills\" id=\"v-pills-tab\" role=\"tablist\" aria-orientation=\"vertical\"> <a class=\"mb-1 btn btn-light active\" id=\"v-pills-one-tab\" data-toggle=\"pill\" href=\"#v-pills-one\" role=\"tab\" aria-controls=\"v-pills-one\" aria-selected=\"true\"> ATM MANDIRI </a> <a class=\"mb-1 btn btn-light\" id=\"v-pills-two-tab\" data-toggle=\"pill\" href=\"#v-pills-two\" role=\"tab\" aria-controls=\"v-pills-two\" aria-selected=\"false\"> INTERNET BANKING </a> <a class=\"mb-1 btn btn-light\" id=\"v-pills-three-tab\" data-toggle=\"pill\" href=\"#v-pills-three\" role=\"tab\" aria-controls=\"v-pills-three\" aria-selected=\"false\"> MOBILE BANKING </a> <a class=\"mb-1 btn btn-light\" id=\"v-pills-four-tab\" data-toggle=\"pill\" href=\"#v-pills-four\" role=\"tab\" aria-controls=\"v-pills-four\" aria-selected=\"false\"> TELLER </a></div><div class=\"border p-2 col-sm-9 col-md-8 tab-content\" id=\"v-pills-tabContent\"> <div class=\"tab-pane fade show active\" id=\"v-pills-one\" role=\"tabpanel\" aria-labelledby=\"v-pills-one-tab\"> <ol><li>Masukkan kartu ATM Mandiri dan PIN Anda,</li><li>Pada ATM Mandiri, pilih menu <b>Bayar/Beli</b> > <b>Lainnya</b> > <b>Lainnya,</b></li><li>Pilih <b>Multi Payment,</b></li><li>Masukkan <b>kode perusahaan (hanya jika diminta) 89208</b> lalu tekan <b>Benar,</b></li><li>Masukkan 16 digit <b>Nomor Virtual Account,</b></li><li>Pada layar konfirmasi, pastikan tagihan Anda sudah sesuai,</li><li>Jika sudah sesuai, tekan 1, lanjutkan dengan menekan <b>Ya,</b></li><li>Transaksi Selesai</li></ol> </div><div class=\"tab-pane fade\" id=\"v-pills-two\" role=\"tabpanel\" aria-labelledby=\"v-pills-two-tab\"> <ol><li>Masuk ke situs <u>https://ib.bankmandiri.co.id,</u></li><li>Lakukan <b>log in</b> dengan akun <b>Mandiri Internet Banking</b> Anda,</li><li>Klik menu <b>Bayar</b> > <b>Multi Payment,</b></li><li>Pada kolom <b>penyedia jasa</b> pilih <b>Espay,</b></li><li>Masukan 16 digit <b>Nomor Virtual Account</b> pada kolom <b>Kode Bayar,</b></li><li>Pada layar konfirmasi, pastikan tagihan Anda sudah sesuai.,</li><li>Jika sudah sesuai, <b>checklist kotak tagihan</b> dan klik <b>Lanjutkan,</b></li><li>Transaksi Selesai.</li></ol> </div><div class=\"tab-pane fade\" id=\"v-pills-three\" role=\"tabpanel\" aria-labelledby=\"v-pills-three-tab\"> <ol><li>Buka Aplikasi <b>Mandiri Mobile Banking,</b></li><li>Lakukan <b>log in</b> dengan akun Mandiri Mobile Banking,</li><li>Pilih menu <b>Bayar</b> > <b>Lainnya,</b></li><li>Pilih penyedia layanan <b>Espay,</b></li><li>Masukkan 16 digit <b>Nomor Virtual Account,</b></li><li>Pada layar konfirmasi, pastikan tagihan Anda sudah sesuai,</li><li>Jika sudah sesuai, masukkan <b>OTP</b> dan <b>Pin SMS Banking,</b> lalu klik <b>OK,</b></li><li>Transaksi Selesai.</li></ol> </div><div class=\"tab-pane fade\" id=\"v-pills-four\" role=\"tabpanel\" aria-labelledby=\"v-pills-four-tab\"> <ol><li>Isi slip bukti setoran/transfer kliring,</li><li>Nasabah menyerahkan uang kepada teller Mandiri,</li><li>Teller Mandiri melakukan pembukuan transaksi Mandiri VA,</li><li>Nasabah akan mendapat slip setoran yang telah terdapat tapak validasi sebagai bukti transaksi</li></ol> </div></div>',  '<h3>ATM MANDIRI</h3> <ol> <li>Masukkan kartu ATM Mandiri dan PIN Anda,</li><li>Pada ATM Mandiri, pilih menu <b>Bayar/Beli</b> > <b>Lainnya</b> > <b>Lainnya,</b></li><li>Pilih <b>Multi Payment,</b></li><li>Masukkan <b>kode perusahaan (hanya jika diminta) 89208</b> lalu tekan <b>Benar,</b></li><li>Masukkan 16 digit <b>Nomor Virtual Account,</b></li><li>Pada layar konfirmasi, pastikan tagihan Anda sudah sesuai,</li><li>Jika sudah sesuai, tekan 1, lanjutkan dengan menekan <b>Ya,</b></li><li>Transaksi Selesai</li></ol><h3>INTERNET BANKING</h3> <ol> <li>Masuk ke situs <u>https://ib.bankmandiri.co.id,</u></li><li>Lakukan <b>log in</b> dengan akun <b>Mandiri Internet Banking</b> Anda,</li><li>Klik menu <b>Bayar</b> > <b>Multi Payment,</b></li><li>Pada kolom <b>penyedia jasa</b> pilih <b>Espay,</b></li><li>Masukan 16 digit <b>Nomor Virtual Account</b> pada kolom <b>Kode Bayar,</b></li><li>Pada layar konfirmasi, pastikan tagihan Anda sudah sesuai.,</li><li>Jika sudah sesuai, <b>checklist kotak tagihan</b> dan klik <b>Lanjutkan,</b></li><li>Transaksi Selesai.</li></ol><h3>MOBILE BANKING</h3> <ol> <li>Buka Aplikasi <b>Mandiri Mobile Banking,</b></li><li>Lakukan <b>log in</b> dengan akun Mandiri Mobile Banking,</li><li>Pilih menu <b>Bayar</b> > <b>Lainnya,</b></li><li>Pilih penyedia layanan <b>Espay,</b></li><li>Masukkan 16 digit <b>Nomor Virtual Account,</b></li><li>Pada layar konfirmasi, pastikan tagihan Anda sudah sesuai,</li><li>Jika sudah sesuai, masukkan <b>OTP</b> dan <b>Pin SMS Banking,</b> lalu klik <b>OK,</b></li><li>Transaksi Selesai.</li></ol><h3>TELLER</h3> <ol> <li>Isi slip bukti setoran/transfer kliring,</li><li>Nasabah menyerahkan uang kepada teller Mandiri,</li><li>Teller Mandiri melakukan pembukuan transaksi Mandiri VA,</li><li>Nasabah akan mendapat slip setoran yang telah terdapat tapak validasi sebagai bukti transaksi</li></ol>', 'MANDIRIATM', '/images/product_espay/atm_mandiri.png',  'MANDIRI ATM',  'VA', '1',  '03'),
('14',  '157',  '', NULL, 'MASPIONATM', '/images/product_espay/atm_maspion.png',  'ATM MASPION',  'VA', '1',  '15'),
('15',  '013',  '<div class=\"col-sm-3 col-md-4 nav flex-column nav-pills\" id=\"v-pills-tab\" role=\"tablist\" aria-orientation=\"vertical\"> <a class=\"mb-1 btn btn-light active\" id=\"v-pills-one-tab\" data-toggle=\"pill\" href=\"#v-pills-one\" role=\"tab\" aria-controls=\"v-pills-one\" aria-selected=\"true\"> ATM PERMATA </a> <a class=\"mb-1 btn btn-light\" id=\"v-pills-two-tab\" data-toggle=\"pill\" href=\"#v-pills-two\" role=\"tab\" aria-controls=\"v-pills-two\" aria-selected=\"false\"> INTERNET BANKING </a> <a class=\"mb-1 btn btn-light\" id=\"v-pills-three-tab\" data-toggle=\"pill\" href=\"#v-pills-three\" role=\"tab\" aria-controls=\"v-pills-three\" aria-selected=\"false\"> MOBILE BANKING </a> <a class=\"mb-1 btn btn-light\" id=\"v-pills-four-tab\" data-toggle=\"pill\" href=\"#v-pills-four\" role=\"tab\" aria-controls=\"v-pills-four\" aria-selected=\"false\"> TELLER </a></div><div class=\"border p-2 col-sm-9 col-md-8 tab-content\" id=\"v-pills-tabContent\"> <div class=\"tab-pane fade show active\" id=\"v-pills-one\" role=\"tabpanel\" aria-labelledby=\"v-pills-one-tab\"> <ol><li>Masuk kartu ATM dan PIN anda, </li><li>Silahkan pilih menu Transaksi Lainnya. Setelah itu klik meni transfer lalu klik menu Rek NSB Lain Pertama,</li><li>Kemudian masukan jumlah nominal transaksi sesuai dengan invoice yang ditagihkan pada anda. Setelah itu pilih benar, </li><li>Lalu pilih rekening anda. Tunggu sebentar hingga muncul konfirmasi pembayaran. Kemudian pilih Ya</li></ol> </div><div class=\"tab-pane fade\" id=\"v-pills-two\" role=\"tabpanel\" aria-labelledby=\"v-pills-two-tab\"> <ol><li>Silahkan <b>login</b> internet banking kemudian pilih <b>Menu Pembayaran,</b></li><li>Lalu pilih sub menu <b>Pembayaran Tagihan</b> dan klik <b>Virtual Account,</b></li><li>Silahkan pilih rekening anda lalu masukkan nomor rekening dengan nomor Virtual Account (contoh: 7810202001539202) lalu klik <b>Lanjut,</b></li><li>Masukkan <b>jumlah nominal tagihan</b> pada bagian <b>Total Pembayaran</b> sesuai dengan invoice yang dikirimkan. Kemudian klik <b>Submit,</b></li><li>Tunggu sebentar hingga anda memperoleh <b>SMS notifikasi</b> yang berisi sebuah KODE. Kemudian masukkan KODE tersebut,</li><li>Proses transfer internet banking telah selesai</li></ol> </div><div class=\"tab-pane fade\" id=\"v-pills-three\" role=\"tabpanel\" aria-labelledby=\"v-pills-three-tab\"> <ol><li>Silahkan <b>login</b> mobile banking yang dimiliki Permata Bank,</li><li>Lalu klik <b>Menu Pembayaran Tagihan dan pilih Menu Virtual Account,</b></li><li>Kemudian pilih <b>Tagihan Anda</b> dan pilih <b>Daftar Tagihan Baru,</b></li><li>Masukkan nomor rekening dengan nomor Virtual Account Anda (contoh: 7810202001539202) sebagai Nomor Tagihan. Apabila selesai silahkan klik <b>Konfirmasi,</b></li><li>Masukkan <b>Nama Pengingat</b> setelah itu klik <b>Lanjut.</b> Apabila selesai silahkan klik <b>Konfirmasi,</b></li><li>Masukkan <b>jumlah nominal tagihan</b> sesuai dengan invoice. Apabila selesai silahkan klik <b>Konfirmasi,</b></li><li>Masukkan <b>Response Code</b> dan klik <b>Konfirmasi</b> apabila telah selesai</li><li>Proses transfer telah selesai</li></ol> </div><div class=\"tab-pane fade\" id=\"v-pills-four\" role=\"tabpanel\" aria-labelledby=\"v-pills-four-tab\"> <ol><li>Isi slip setoran, baik untuk transaksi tunai atau transaksi OB</li><li>Nasabah menyerahkan uang kepada teller Permata,</li><li>Teller Permata melakukan pembukuan transaksi Permata VA,</li><li>Nasabah akan mendapat slip setoran yang telah terdapat tapak validasi sebagai bukti transaksi</li></ol> </div></div>',  '<h3>ATM PERMATA</h3> <ol> <li>Masuk kartu ATM dan PIN anda, </li><li>Silahkan pilih menu Transaksi Lainnya. Setelah itu klik meni transfer lalu klik menu Rek NSB Lain Pertama,</li><li>Kemudian masukan jumlah nominal transaksi sesuai dengan invoice yang ditagihkan pada anda. Setelah itu pilih benar, </li><li>Lalu pilih rekening anda. Tunggu sebentar hingga muncul konfirmasi pembayaran. Kemudian pilih Ya</li></ol> <h3>INTERNET BANKING</h3><ol> <li>Silahkan <b>login</b> internet banking kemudian pilih <b>Menu Pembayaran,</b></li><li>Lalu pilih sub menu <b>Pembayaran Tagihan</b> dan klik <b>Virtual Account,</b></li><li>Silahkan pilih rekening anda lalu masukkan nomor rekening dengan nomor Virtual Account (contoh: 7810202001539202) lalu klik <b>Lanjut,</b></li><li>Masukkan <b>jumlah nominal tagihan</b> pada bagian <b>Total Pembayaran</b> sesuai dengan invoice yang dikirimkan. Kemudian klik <b>Submit,</b></li><li>Tunggu sebentar hingga anda memperoleh <b>SMS notifikasi</b> yang berisi sebuah KODE. Kemudian masukkan KODE tersebut,</li><li>Proses transfer internet banking telah selesai</li></ol> <h3>MOBILE BANKING</h3><ol> <li>Silahkan <b>login</b> mobile banking yang dimiliki Permata Bank,</li><li>Lalu klik <b>Menu Pembayaran Tagihan dan pilih Menu Virtual Account,</b></li><li>Kemudian pilih <b>Tagihan Anda</b> dan pilih <b>Daftar Tagihan Baru,</b></li><li>Masukkan nomor rekening dengan nomor Virtual Account Anda (contoh: 7810202001539202) sebagai Nomor Tagihan. Apabila selesai silahkan klik <b>Konfirmasi,</b></li><li>Masukkan <b>Nama Pengingat</b> setelah itu klik <b>Lanjut.</b> Apabila selesai silahkan klik <b>Konfirmasi,</b></li><li>Masukkan <b>jumlah nominal tagihan</b> sesuai dengan invoice. Apabila selesai silahkan klik <b>Konfirmasi,</b></li><li>Masukkan <b>Response Code</b> dan klik <b>Konfirmasi</b> apabila telah selesai</li><li>Proses transfer telah selesai</li></ol> <h3>TELLER</h3> <ol> <li>Isi slip setoran, baik untuk transaksi tunai atau transaksi OB</li><li>Nasabah menyerahkan uang kepada teller Permata,</li><li>Teller Permata melakukan pembukuan transaksi Permata VA,</li><li>Nasabah akan mendapat slip setoran yang telah terdapat tapak validasi sebagai bukti transaksi</li></ol>',  'PERMATAATM', '/images/product_espay/atm_permata.png',  'PERMATA ATM',  'VA', '1',  '04'),
('16',  '097',  NULL, NULL, 'MAYAPADAIB', '/images/product_espay/mayapada_ib.png',  'Mayapada Internet Banking',  'ONLINEPAYMENT',  '1',  '15'),
('17',  '013',  NULL, NULL, 'PERMATANETPAY',  '/images/product_espay/permata_net.png',  'PermataNet', 'ONLINEPAYMENT',  '1',  '04'),
('18',  '016',  '<div class=\"col-sm-3 col-md-4 nav flex-column nav-pills\" id=\"v-pills-tab\" role=\"tablist\" aria-orientation=\"vertical\"> <a class=\"mb-1 btn btn-light active\" id=\"v-pills-one-tab\" data-toggle=\"pill\" href=\"#v-pills-one\" role=\"tab\" aria-controls=\"v-pills-one\" aria-selected=\"true\"> ATM MAYBANK </a> <a class=\"mb-1 btn btn-light\" id=\"v-pills-two-tab\" data-toggle=\"pill\" href=\"#v-pills-two\" role=\"tab\" aria-controls=\"v-pills-two\" aria-selected=\"false\"> INTERNET BANKING </a> <a class=\"mb-1 btn btn-light\" id=\"v-pills-three-tab\" data-toggle=\"pill\" href=\"#v-pills-three\" role=\"tab\" aria-controls=\"v-pills-three\" aria-selected=\"false\"> MOBILE BANKING </a> <a class=\"mb-1 btn btn-light\" id=\"v-pills-four-tab\" data-toggle=\"pill\" href=\"#v-pills-four\" role=\"tab\" aria-controls=\"v-pills-four\" aria-selected=\"false\"> TELLER </a></div><div class=\"border p-2 col-sm-9 col-md-8 tab-content\" id=\"v-pills-tabContent\"> <div class=\"tab-pane fade show active\" id=\"v-pills-one\" role=\"tabpanel\" aria-labelledby=\"v-pills-one-tab\"> <ol><li>Masukkan kartu ATM Maybank dan PIN Anda,</li><li>Pilih menu <b>Virtual Account,</b></li><li>Masukkan 16 digit <b>Nomor Virtual Account,</b></li><li>Pada layar konfirmasi, pastikan tagihan Anda sudah sesuai,</li><li>Jika sudah sesuai, <b>masukkan jumlah pembayaran</b> sesuai dengan tagihan yang tertera dan pilih <b>Benar,</b></li><li>Transaksi Selesai.</li></ol> </div><div class=\"tab-pane fade\" id=\"v-pills-two\" role=\"tabpanel\" aria-labelledby=\"v-pills-two-tab\"> <ol><li>Buka Aplikasi <b>Maybank Mobile Banking,</b></li><li>Lakukan <b>log in</b> pada Maybank Mobile Banking,</li><li>Pilih menu Transfer,</li><li>Klik <b>Virtual Account,</b></li><li>Masukkan jumlah sesuai dengan tagihan Agan, kemudian isi rekening tujuan dengan 16 digit <b>Nomor Virtual Account,</b> klik <b>Kirim,</b></li><li>Masukkan perintah yang diberikan lewat SMS.,</li><li>Transaksi Selesai.</li></ol> </div><div class=\"tab-pane fade\" id=\"v-pills-three\" role=\"tabpanel\" aria-labelledby=\"v-pills-three-tab\"> <ol><li>Buka Aplikasi <b>Maybank Mobile Banking,</b></li><li>Lakukan <b>log in</b> pada Maybank Mobile Banking,</li><li>Pilih menu Transfer,</li><li>Klik <b>Virtual Account,</b></li><li>Masukkan jumlah sesuai dengan tagihan Agan, kemudian isi rekening tujuan dengan 16 digit <b>Nomor Virtual Account,</b> klik <b>Kirim.</b></li><li>Masukkan perintah yang diberikan lewat SMS</li><li>Transaksi Selesai</li></ol> </div><div class=\"tab-pane fade\" id=\"v-pills-four\" role=\"tabpanel\" aria-labelledby=\"v-pills-four-tab\"> <ol><li>Isi slip setoran tunai,</li><li>Nasabah menyerahkan uang kepada teller Maybank,</li><li>Teller Maybank melakukan pembukuan transaksi Maybank VA,</li><li>Nasabah akan mendapat slip setoran yang telah terdapat tapak validasi sebagai bukti transaksi</li></ol> </div></div>', '<h3> ATM MAYBANK</h3> <ol> <li>Masukkan kartu ATM Maybank dan PIN Anda,</li><li>Pilih menu <b>Virtual Account,</b></li><li>Masukkan 16 digit <b>Nomor Virtual Account,</b></li><li>Pada layar konfirmasi, pastikan tagihan Anda sudah sesuai,</li><li>Jika sudah sesuai, <b>masukkan jumlah pembayaran</b> sesuai dengan tagihan yang tertera dan pilih <b>Benar,</b></li><li>Transaksi Selesai.</li></ol><h3>INTERNET BANKING</h3> <ol> <li>Buka Aplikasi <b>Maybank Mobile Banking,</b></li><li>Lakukan <b>log in</b> pada Maybank Mobile Banking,</li><li>Pilih menu Transfer,</li><li>Klik <b>Virtual Account,</b></li><li>Masukkan jumlah sesuai dengan tagihan Agan, kemudian isi rekening tujuan dengan 16 digit <b>Nomor Virtual Account,</b> klik <b>Kirim,</b></li><li>Masukkan perintah yang diberikan lewat SMS.,</li><li>Transaksi Selesai.</li></ol><h3>MOBILE BANKING</h3> <ol> <li>Buka Aplikasi <b>Maybank Mobile Banking,</b></li><li>Lakukan <b>log in</b> pada Maybank Mobile Banking,</li><li>Pilih menu Transfer,</li><li>Klik <b>Virtual Account,</b></li><li>Masukkan jumlah sesuai dengan tagihan Agan, kemudian isi rekening tujuan dengan 16 digit <b>Nomor Virtual Account,</b> klik <b>Kirim.</b></li><li>Masukkan perintah yang diberikan lewat SMS</li><li>Transaksi Selesai</li></ol> <h3>TELLER</h3> <ol> <li>Isi slip setoran tunai,</li><li>Nasabah menyerahkan uang kepada teller Maybank,</li><li>Teller Maybank melakukan pembukuan transaksi Maybank VA,</li><li>Nasabah akan mendapat slip setoran yang telah terdapat tapak validasi sebagai bukti transaksi</li></ol>',  'BIIATM', '/images/product_espay/maybank_va.png', 'MAYBANK VA', 'VA', '1',  '16'),
('19',  '503',  NULL, NULL, 'NOBUPAY',  '/images/product_espay/nobu_pay.png', 'Nobu Pay', 'ONLINEPAYMENT',  '1',  '15'),
('2', '014',  '<div class=\"col-sm-3 col-md-4 nav flex-column nav-pills\" id=\"v-pills-tab\" role=\"tablist\" aria-orientation=\"vertical\"> <a class=\"mb-1 btn btn-light active\" id=\"v-pills-one-tab\" data-toggle=\"pill\" href=\"#v-pills-one\" role=\"tab\" aria-controls=\"v-pills-one\" aria-selected=\"true\"> ATM BCA </a> <a class=\"mb-1 btn btn-light\" id=\"v-pills-two-tab\" data-toggle=\"pill\" href=\"#v-pills-two\" role=\"tab\" aria-controls=\"v-pills-two\" aria-selected=\"false\"> INTERNET BANKING </a> <a class=\"mb-1 btn btn-light\" id=\"v-pills-three-tab\" data-toggle=\"pill\" href=\"#v-pills-three\" role=\"tab\" aria-controls=\"v-pills-three\" aria-selected=\"false\"> MOBILE BANKING </a> <a class=\"mb-1 btn btn-light\" id=\"v-pills-four-tab\" data-toggle=\"pill\" href=\"#v-pills-four\" role=\"tab\" aria-controls=\"v-pills-four\" aria-selected=\"false\"> TELLER </a></div><div class=\"border p-2 col-sm-9 col-md-8 tab-content\" id=\"v-pills-tabContent\"> <div class=\"tab-pane fade show active\" id=\"v-pills-one\" role=\"tabpanel\" aria-labelledby=\"v-pills-one-tab\"> <ol><li>Masukkan kartu ATM BCA & PIN Anda,</li><li>Pilih <b>Transaksi Lainnya > Transfer > Rekening BCA Virtual Account,</b></li><li>Masukkan nomor BCA Virtual Account,</li><li>Masukkan jumlah yang ingin dibayarkan,</li><li>Validasi pembayaran Anda,</li><li>Transaksi Selesai</li></ol> </div><div class=\"tab-pane fade\" id=\"v-pills-two\" role=\"tabpanel\" aria-labelledby=\"v-pills-two-tab\"> <ol><li>Lakukan log in pada aplikasi KlikBCA Individual,</li><li>Masukkan user ID dan PIN,</li><li>Pilih <b>Transfer Dana > Transfer ke BCA Virtual Account,</b></li><li>Masukkan nomor BCA Virtual Account atau pilih dari Daftar Transfer,</li><li>Masukkan jumlah yang ingin dibayarkan,</li><li>Pada layar konfirmasi, pastikan tagihan Anda sudah sesuai,</li><li>Transaksi Selesai</li></ol> </div><div class=\"tab-pane fade\" id=\"v-pills-three\" role=\"tabpanel\" aria-labelledby=\"v-pills-three-tab\"> <ol><li>Lakukan log in pada aplikasi BCA mobile,</li><li>Pilih <b>m-BCA</b> dan masukkan <b>kode akses</b> m-BCA,</li><li>Pilih <b>m-Transfer > BCA Virtual Account,</b></li><li>Masukkan nomor BCA Virtual Account atau pilih dari Daftar Transfer,</li><li>Masukkan jumlah yang ingin dibayarkan,</li><li>Masukkan <b>pin m-BCA,</b></li><li>Transaksi Selesai.</li></ol> </div><div class=\"tab-pane fade\" id=\"v-pills-four\" role=\"tabpanel\" aria-labelledby=\"v-pills-four-tab\"> <ol><li>Isi slip bukti setoran,</li><li>Nasabah menyerahkan uang kepada teller BCA,</li><li>Teller BCA melakukan pembukuan transaksi BCA VA,</li><li>Nasabah akan mendapat slip setoran yang telah terdapat tapak validasi sebagai bukti transaksi</li></ol> </div></div>', '<h3>ATM BCA</h3><ol> <li>Masukkan kartu ATM BCA & PIN Anda,</li><li>Pilih <b>Transaksi Lainnya > Transfer > Rekening BCA Virtual Account,</b></li><li>Masukkan nomor BCA Virtual Account,</li><li>Masukkan jumlah yang ingin dibayarkan,</li><li>Validasi pembayaran Anda,</li><li>Transaksi Selesai</li></ol><h3>INTERNET BANKING</h3><ol> <li>Lakukan log in pada aplikasi KlikBCA Individual,</li><li>Masukkan user ID dan PIN,</li><li>Pilih <b>Transfer Dana > Transfer ke BCA Virtual Account,</b></li><li>Masukkan nomor BCA Virtual Account atau pilih dari Daftar Transfer,</li><li>Masukkan jumlah yang ingin dibayarkan,</li><li>Pada layar konfirmasi, pastikan tagihan Anda sudah sesuai,</li><li>Transaksi Selesai</li></ol> <h3>MOBILE BANKING </h3><ol> <li>Lakukan log in pada aplikasi BCA mobile,</li><li>Pilih <b>m-BCA</b> dan masukkan <b>kode akses</b> m-BCA,</li><li>Pilih <b>m-Transfer > BCA Virtual Account,</b></li><li>Masukkan nomor BCA Virtual Account atau pilih dari Daftar Transfer,</li><li>Masukkan jumlah yang ingin dibayarkan,</li><li>Masukkan <b>pin m-BCA,</b></li><li>Transaksi Selesai.</li></ol> <h3>TELLER</h3><ol> <li>Isi slip bukti setoran,</li><li>Nasabah menyerahkan uang kepada teller BCA,</li><li>Teller BCA melakukan pembukuan transaksi BCA VA,</li><li>Nasabah akan mendapat slip setoran yang telah terdapat tapak validasi sebagai bukti transaksi</li></ol>', 'BCAATM', '/images/product_espay/bca_va_online.png',  'BCA VA Online',  'VA', '1',  '02'),
('21',  '000',  NULL, NULL, 'BITCOIN',  '/images/product_espay/bitcoin.png',  'BITCOIN',  'EMONEY', '1',  '13'),
('22',  '000',  NULL, NULL, 'FINPAY195',  '/images/product_espay/finpay.png', 'Modern Channel', 'EMONEY', '1',  '13'),
('23',  '008',  NULL, NULL, 'TCASH',  '/images/product_espay/tmoney.png', 'TELKOMSEL CASH', 'EMONEY', '1',  '11'),
('24',  'SCASH',  NULL, NULL, 'EMOSALDOMU', '/images/product_espay/emo_saldomu.png',  'EMO SALDOMU',  'EMONEY', '1',  '13'),
('25',  'SCASH',  NULL, NULL, 'SGOEMONEY',  '/images/product_espay/pin.png',  'PIN',  'EMONEY', '1',  '13'),
('26',  'SCASH',  NULL, NULL, 'EMOEDIKK2',  '/images/product_espay/dev_unik.png', 'DEV UNIK', 'EMONEY', '1',  '13'),
('27',  'SCASH',  NULL, NULL, 'EMOMSCADM',  '/images/product_espay/m_akarya.png', 'M-Akardaya', 'EMONEY', '1',  '13'),
('28',  '014',  NULL, NULL, 'BCAKLIKPAY', '/images/product_espay/klikpay.png',  'BCA KlikPay',  'ONLINEPAYMENT',  '1',  '02'),
('3', '009',  '<div class=\"col-sm-3 col-md-4 nav flex-column nav-pills\" id=\"v-pills-tab\" role=\"tablist\" aria-orientation=\"vertical\"> <a class=\"mb-1 btn btn-light active\" id=\"v-pills-one-tab\" data-toggle=\"pill\" href=\"#v-pills-one\" role=\"tab\" aria-controls=\"v-pills-one\" aria-selected=\"true\"> ATM BNI </a> <a class=\"mb-1 btn btn-light\" id=\"v-pills-two-tab\" data-toggle=\"pill\" href=\"#v-pills-two\" role=\"tab\" aria-controls=\"v-pills-two\" aria-selected=\"false\"> INTERNET BANKING </a> <a class=\"mb-1 btn btn-light\" id=\"v-pills-three-tab\" data-toggle=\"pill\" href=\"#v-pills-three\" role=\"tab\" aria-controls=\"v-pills-three\" aria-selected=\"false\"> MOBILE BANKING </a> <a class=\"mb-1 btn btn-light\" id=\"v-pills-four-tab\" data-toggle=\"pill\" href=\"#v-pills-four\" role=\"tab\" aria-controls=\"v-pills-four\" aria-selected=\"false\"> TELLER </a></div><div class=\"border p-2 col-sm-9 col-md-8 tab-content\" id=\"v-pills-tabContent\"> <div class=\"tab-pane fade show active\" id=\"v-pills-one\" role=\"tabpanel\" aria-labelledby=\"v-pills-one-tab\"> <ol><li>Masukkan kartu ATM BNI dan PIN Anda,</li><li>Pada ATM BNI, pilih <b>Menu Lain,</b></li><li>Pilih menu <b>Transfer,</b></li><li>Pilih sumber rekening, dan pilih tujuan rekening <b>Ke Rekening BNI,</b></li><li>Masukkan 16 digit <b>Nomor Virtual Account,</b></li><li>Masukkan <b>jumlah</b> sesuai dengan tagihan Agan dan pilih <b>Benar</b></li><li>Transaksi Selesai</li></ol> </div><div class=\"tab-pane fade\" id=\"v-pills-two\" role=\"tabpanel\" aria-labelledby=\"v-pills-two-tab\"> <ol><li>Masuk ke situs <u>https://ibank.bni.co.id,</u></li><li>Lakukan <b>log in</b> dengan akun <b>BNI Internet Banking</b> Anda,</li><li>Pilih <b>menu Transaksi > Info dan Administrasi Transfer > Atur Rekening Tujuan</b></li><li>Pada menu <b>Atur Rekening Tujuan</b> pilih <b>Tambah Rekening Tujuan</b> dan klik <b>OK,</b></li><li>Masukkan detail nama singkat, pilih kode network & bank <b>Transfer Antar Rek. BNI,</b></li><li>Masukan nomor rekening dengan 16 digit <b>Nomor Virtual Account</b> kemudian klik tombol <b>Lanjut,</b></li><li>Isikan kembali konfirmasi nomor rekening dan informasi lainnya, lalu <b>Lanjutkan,</b></li><li>Setelah rekening tujuan berhasil ditambahkan, pilih menu <b>Transfer</b> kemudian pilih <b>Transfer Antar Rek. BNI,</b></li><li>Pilih rekening tujuan sesuai dengan nomor virtual account yang telah disimpan dan lanjutkan transaksi,</li><li>Transaksi Selesai.</li></ol> </div><div class=\"tab-pane fade\" id=\"v-pills-three\" role=\"tabpanel\" aria-labelledby=\"v-pills-three-tab\"> <ol><li>Buka Aplikasi <b>Mobile Banking BNI,</b></li><li>Lakukan <b>log in</b> dengan akun BNI Mobile Banking Anda,</li><li>Pilih menu <b>Transfer > Antar Rekening BNI > Rekening Tujuan > Input Rekening Baru,</b></li><li>Isi informasi detailnya dan masukan 16 digit <b>Nomor Virtual Account</b> pada Nomor Rekening, klik <b>Lanjut,</b> kemudian klik <b>Lanjut</b> lagi,</li><li>Setelah ditambahkan, isi kolom <b>Nominal Tagihan</b> sesuai dengan jumlah tagihan Anda dan klik <b>Lanjut,</b></li><li>Pada layar konfirmasi, isikan password transaksi dan klik <b>Lanjut,</b></li><li>Transaksi Selesai.</li></ol> </div><div class=\"tab-pane fade\" id=\"v-pills-four\" role=\"tabpanel\" aria-labelledby=\"v-pills-four-tab\"> <ol><li>Isi formulir setoran rekening </li><li>Nasabah menyerahkan uang kepada teller BNI,</li><li>Teller BNI melakukan pembukuan transaksi BNI VA,</li><li>Nasabah akan mendapat slip setoran yang telah terdapat tapak validasi sebagai bukti transaksi.</li></ol> </div></div>', ' <h3>ATM BNI</h3> <ol> <li>Masukkan kartu ATM BNI dan PIN Anda,</li><li>Pada ATM BNI, pilih <b>Menu Lain,</b></li><li>Pilih menu <b>Transfer,</b></li><li>Pilih sumber rekening, dan pilih tujuan rekening <b>Ke Rekening BNI,</b></li><li>Masukkan 16 digit <b>Nomor Virtual Account,</b></li><li>Masukkan <b>jumlah</b> sesuai dengan tagihan Agan dan pilih <b>Benar</b></li><li>Transaksi Selesai</li></ol> <h3>INTERNET BANKING</h3> <ol> <li>Masuk ke situs <u>https://ibank.bni.co.id,</u></li><li>Lakukan <b>log in</b> dengan akun <b>BNI Internet Banking</b> Anda,</li><li>Pilih <b>menu Transaksi > Info dan Administrasi Transfer > Atur Rekening Tujuan</b></li><li>Pada menu <b>Atur Rekening Tujuan</b> pilih <b>Tambah Rekening Tujuan</b> dan klik <b>OK,</b></li><li>Masukkan detail nama singkat, pilih kode network & bank <b>Transfer Antar Rek. BNI,</b></li><li>Masukan nomor rekening dengan 16 digit <b>Nomor Virtual Account</b> kemudian klik tombol <b>Lanjut,</b></li><li>Isikan kembali konfirmasi nomor rekening dan informasi lainnya, lalu <b>Lanjutkan,</b></li><li>Setelah rekening tujuan berhasil ditambahkan, pilih menu <b>Transfer</b> kemudian pilih <b>Transfer Antar Rek. BNI,</b></li><li>Pilih rekening tujuan sesuai dengan nomor virtual account yang telah disimpan dan lanjutkan transaksi,</li><li>Transaksi Selesai.</li></ol> <h3>MOBILE BANKING</h3> <ol> <li>Buka Aplikasi <b>Mobile Banking BNI,</b></li><li>Lakukan <b>log in</b> dengan akun BNI Mobile Banking Anda,</li><li>Pilih menu <b>Transfer > Antar Rekening BNI > Rekening Tujuan > Input Rekening Baru,</b></li><li>Isi informasi detailnya dan masukan 16 digit <b>Nomor Virtual Account</b> pada Nomor Rekening, klik <b>Lanjut,</b> kemudian klik <b>Lanjut</b> lagi,</li><li>Setelah ditambahkan, isi kolom <b>Nominal Tagihan</b> sesuai dengan jumlah tagihan Anda dan klik <b>Lanjut,</b></li><li>Pada layar konfirmasi, isikan password transaksi dan klik <b>Lanjut,</b></li><li>Transaksi Selesai.</li></ol> <h3>TELLER</h3> <ol> <li>Isi formulir setoran rekening </li><li>Nasabah menyerahkan uang kepada teller BNI,</li><li>Teller BNI melakukan pembukuan transaksi BNI VA,</li><li>Nasabah akan mendapat slip setoran yang telah terdapat tapak validasi sebagai bukti transaksi.</li></ol>',  'BNIATM', '/images/product_espay/bni_va.png', 'BNI VA', 'VA', '1',  '05'),
('30',  '009',  '<div class=\"col-sm-3 col-md-4 nav flex-column nav-pills\" id=\"v-pills-tab\" role=\"tablist\" aria-orientation=\"vertical\"> <a class=\"mb-1 btn btn-light active\" id=\"v-pills-one-tab\" data-toggle=\"pill\" href=\"#v-pills-one\" role=\"tab\" aria-controls=\"v-pills-one\" aria-selected=\"true\"> PRIMA </a> <a class=\"mb-1 btn btn-light\" id=\"v-pills-two-tab\" data-toggle=\"pill\" href=\"#v-pills-two\" role=\"tab\" aria-controls=\"v-pills-two\" aria-selected=\"false\"> ATM BERSAMA </a> <a class=\"mb-1 btn btn-light\" id=\"v-pills-three-tab\" data-toggle=\"pill\" href=\"#v-pills-three\" role=\"tab\" aria-controls=\"v-pills-three\" aria-selected=\"false\"> ALTO </a></div><div class=\"border p-2 col-sm-9 col-md-8 tab-content\" id=\"v-pills-tabContent\"><div class=\"tab-pane fade show active\" id=\"v-pills-one\" role=\"tabpanel\" aria-labelledby=\"v-pills-one-tab\"><ol><li>Pada menu utama, pilih <b>Transaksi Lainnya</b></li><li>Pilih menu <b>Transfer</b></li><li>Memilih menu <b>Akun Bank Lain</b></li><li>Masukkan <b>009</b> (Kode Bank BNI), dan pilih <b>benar</b></li><li>Masukkan jumlah yang harus dibayarkan. Jika jumlah yang harus dibayarkan tidak sesuai, maka transaksi akan ditolak</li><li>Masukkan 16 digit akun pembayaran dan pilih benar</li><li>Jumlah pembayaran telah dibayarkan, akun pembayaran, dan nama merchant akan ditampilkan pada halaman pembayaran konfirmasi. Jika informasi benar, maka pilih <b>Benar</b></li></ol></div><div class=\"tab-pane fade\" id=\"v-pills-two\" role=\"tabpanel\" aria-labelledby=\"v-pills-two-tab\"><ol><li>Pada menu utama, pilih <b>Transaksi Lainnya</b></li><li>Pilih menu <b>Transfer</b></li><li>Memilih menu <b>Transfer Online</b></li><li>Masukkan <b>009</b> (Kode Bank BNI) dan masukkan 16 digit akun pembayaran pilih <b>Benar</b></li><li>Masukkan jumlah yang harus dibayarkan. Jika jumlah yang harus dibayarkan tidak sesuai, maka transaksi akan ditolak</li><li>Kosongkan nomor referensi transfer dan pilih <b>Benar</b></li><li>Jumlah pembayaran telah dibayarkan, akun pembayaran, dan nama merchant akan ditampilkan pada halaman pembayaran konfirmasi. Jika informasi benar, maka pilih <b>Benar</b></li></ol></div><div class=\"tab-pane fade\" id=\"v-pills-three\" role=\"tabpanel\" aria-labelledby=\"v-pills-three-tab\"><ol><li>Pada menu utama, pilih <b>Transaksi Lainnya,</b></li><li>Pilih menu <b>Transfer,</b></li><li>Memilih menu <b>Akun Bank Lain,</b></li><li>Masukkan <b>009</b> (Kode Bank BNI), dan pilih <b>benar</b></li><li>Masukkan jumlah yang harus dibayarkan. Jika jumlah yang harus dibayarkan tidak sesuai, maka transaksi akan ditolak</li><li>Masukkan 16 digit akun pembayaran dan pilih benar</li><li>Jumlah pembayaran telah dibayarkan, akun pembayaran, dan nama merchant akan ditampilkan pada halaman pembayaran konfirmasi. Jika informasi benar, maka pilih <b>Benar</b></li></ol></div></div>', '<h3>PRIMA</h3> <ol> <li>Pada menu utama, pilih <b>Transaksi Lainnya</b></li><li>Pilih menu <b>Transfer</b></li><li>Memilih menu <b>Akun Bank Lain</b></li><li>Masukkan <b>009</b> (Kode Bank BNI), dan pilih <b>benar</b></li><li>Masukkan jumlah yang harus dibayarkan. Jika jumlah yang harus dibayarkan tidak sesuai, maka transaksi akan ditolak</li><li>Masukkan 16 digit akun pembayaran dan pilih benar</li><li>Jumlah pembayaran telah dibayarkan, akun pembayaran, dan nama merchant akan ditampilkan pada halaman pembayaran konfirmasi. Jika informasi benar, maka pilih <b>Benar</b></li></ol> <h3>ATM BERSAMA</h3> <ol> <li>Pada menu utama, pilih <b>Transaksi Lainnya</b></li><li>Pilih menu <b>Transfer</b></li><li>Memilih menu <b>Transfer Online</b></li><li>Masukkan <b>009</b> (Kode Bank BNI) dan masukkan 16 digit akun pembayaran pilih <b>Benar</b></li><li>Masukkan jumlah yang harus dibayarkan. Jika jumlah yang harus dibayarkan tidak sesuai, maka transaksi akan ditolak</li><li>Kosongkan nomor referensi transfer dan pilih <b>Benar</b></li><li>Jumlah pembayaran telah dibayarkan, akun pembayaran, dan nama merchant akan ditampilkan pada halaman pembayaran konfirmasi. Jika informasi benar, maka pilih <b>Benar</b></li></ol> <h3>ALTO</h3> <ol> <li>Pada menu utama, pilih <b>Transaksi Lainnya,</b></li><li>Pilih menu <b>Transfer,</b></li><li>Memilih menu <b>Akun Bank Lain,</b></li><li>Masukkan <b>009</b> (Kode Bank BNI), dan pilih <b>benar</b></li><li>Masukkan jumlah yang harus dibayarkan. Jika jumlah yang harus dibayarkan tidak sesuai, maka transaksi akan ditolak</li><li>Masukkan 16 digit akun pembayaran dan pilih benar</li><li>Jumlah pembayaran telah dibayarkan, akun pembayaran, dan nama merchant akan ditampilkan pada halaman pembayaran konfirmasi. Jika informasi benar, maka pilih <b>Benar</b></li></ol> ',  'ATM_LAIN', 'atm_bersama.png',  'PRIMA, ATM Bersama, Alto', 'VA', '1',  '12'),
('32',  '075',  NULL, NULL, 'JENIUSIB', '075.png',  'JENIUS IB',  'ONLINEPAYMENT',  '1',  '14'),
('4', '002',  NULL, NULL, 'EPAYBRI',  '/images/product_espay/epay_bri.png', 'e-Pay BRI',  'ONLINEPAYMENT',  '1',  '06'),
('4fdad54f-e8f9-482e-b8d2-5744ca74476d',  '911',  NULL, NULL, 'FINPAYTCASH',  NULL, 'Finpay Tcash', 'EMONEY', '753589ea-18de-46b5-9ac0-d35182d04d2f', '11'),
('5', '002',  '<div class=\"col-sm-3 col-md-4 nav flex-column nav-pills\" id=\"v-pills-tab\" role=\"tablist\" aria-orientation=\"vertical\"> <a class=\"mb-1 btn btn-light active\" id=\"v-pills-one-tab\" data-toggle=\"pill\" href=\"#v-pills-one\" role=\"tab\" aria-controls=\"v-pills-one\" aria-selected=\"true\"> ATM BRI </a> <a class=\"mb-1 btn btn-light\" id=\"v-pills-two-tab\" data-toggle=\"pill\" href=\"#v-pills-two\" role=\"tab\" aria-controls=\"v-pills-two\" aria-selected=\"false\"> INTERNET BANKING </a> <a class=\"mb-1 btn btn-light\" id=\"v-pills-three-tab\" data-toggle=\"pill\" href=\"#v-pills-three\" role=\"tab\" aria-controls=\"v-pills-three\" aria-selected=\"false\"> MOBILE BANKING </a> <a class=\"mb-1 btn btn-light\" id=\"v-pills-four-tab\" data-toggle=\"pill\" href=\"#v-pills-four\" role=\"tab\" aria-controls=\"v-pills-four\" aria-selected=\"false\"> TELLER </a></div><div class=\"border p-2 col-sm-9 col-md-8 tab-content\" id=\"v-pills-tabContent\"> <div class=\"tab-pane fade show active\" id=\"v-pills-one\" role=\"tabpanel\" aria-labelledby=\"v-pills-one-tab\"> <ol><li>Masukkan kartu ATM BRI dan PIN Anda,</li><li>Pilih <b>Menu Lain > Transfer > Lainnya > BRIVA,</b></li><li>Masukkan 16 digit <b>Nomor Virtual Account,</b> kemudian klik <b>Benar,</b></li><li>Pada layar konfirmasi, pastikan tagihan Anda sudah sesuai,</li><li>Jika sudah sesuai, pilih <b>Ya,</b></li><li>Transaksi Selesai.</li></ol> </div><div class=\"tab-pane fade\" id=\"v-pills-two\" role=\"tabpanel\" aria-labelledby=\"v-pills-two-tab\"> <ol><li>Masuk ke situs <u>https://ib.bri.co.id,</u></li><li>Lakukan <b>log in</b> dengan akun BRI Internet Banking Anda</li><li>Pilih menu <b>Pembayaran > BRIVA,</b></li><li>Masukkan 16 digit <b>Nomor Virtual Account</b> pada <b>Kode Bayar,</b> kemudian klik <b>Kirim,</b></li><li>Masukkan <b>Password</b> dan <b>mToken,</b> kemudian klik <b>Kirim,</b></li><li>Transaksi Selesai</li></ol> </div><div class=\"tab-pane fade\" id=\"v-pills-three\" role=\"tabpanel\" aria-labelledby=\"v-pills-three-tab\"> <ol><li>Buka Aplikasi <b>Mobile Banking BRI,</b></li><li>Lakukan <b>log in</b> dengan akun BRI Mobile Banking Anda,</li><li>Pilih menu <b>Pembayaran,</b> kemudian pilih <b>BRIVIA,</b></li><li>Masukan 16 digit <b>Nomor virtual Account,</b> pada nomor <b>BRIVIA,</b> dan masukan jumlah pembayaran sesuai dengan tagihan Anda,</li><li>Masukan <b>PIN Mobile/SMS Banking BRI,</b></li><li>Transaksi Selesai.</li></ol> </div><div class=\"tab-pane fade\" id=\"v-pills-four\" role=\"tabpanel\" aria-labelledby=\"v-pills-four-tab\"> <ol><li>Isi slip setoran Ops-02 untuk transaksi tunai dan/atau slip setoran Ops-01 untuk transaksi Ob,</li><li>Nasabah menyerahkan uang kepada teller BRI,</li><li>Teller BRI melakukan pembukuan transaksi BRIVIA,</li><li>Nasabah akan mendapat slip setoran yang telah terdapat tapak validasi sebagai bukti transaksi</li></ol> </div></div>', '<h3>ATM BRI</h3> <ol> <li>Masukkan kartu ATM BRI dan PIN Anda,</li><li>Pilih <b>Menu Lain > Transfer > Lainnya > BRIVA,</b></li><li>Masukkan 16 digit <b>Nomor Virtual Account,</b> kemudian klik <b>Benar,</b></li><li>Pada layar konfirmasi, pastikan tagihan Anda sudah sesuai,</li><li>Jika sudah sesuai, pilih <b>Ya,</b></li><li>Transaksi Selesai.</li></ol><h3>INTERNET BANKING</h3> <ol> <li>Masuk ke situs <u>https://ib.bri.co.id,</u></li><li>Lakukan <b>log in</b> dengan akun BRI Internet Banking Anda</li><li>Pilih menu <b>Pembayaran > BRIVA,</b></li><li>Masukkan 16 digit <b>Nomor Virtual Account</b> pada <b>Kode Bayar,</b> kemudian klik <b>Kirim,</b></li><li>Masukkan <b>Password</b> dan <b>mToken,</b> kemudian klik <b>Kirim,</b></li><li>Transaksi Selesai</li></ol> <h3>MOBILE BANKING</h3> <ol> <li>Buka Aplikasi <b>Mobile Banking BRI,</b></li><li>Lakukan <b>log in</b> dengan akun BRI Mobile Banking Anda,</li><li>Pilih menu <b>Pembayaran,</b> kemudian pilih <b>BRIVIA,</b></li><li>Masukan 16 digit <b>Nomor virtual Account,</b> pada nomor <b>BRIVIA,</b> dan masukan jumlah pembayaran sesuai dengan tagihan Anda,</li><li>Masukan <b>PIN Mobile/SMS Banking BRI,</b></li><li>Transaksi Selesai.</li></ol> <h3>TELLER</h3> <ol> <li>Isi slip setoran Ops-02 untuk transaksi tunai dan/atau slip setoran Ops-01 untuk transaksi Ob,</li><li>Nasabah menyerahkan uang kepada teller BRI,</li><li>Teller BRI melakukan pembukuan transaksi BRIVIA,</li><li>Nasabah akan mendapat slip setoran yang telah terdapat tapak validasi sebagai bukti transaksi</li></ol>',  'BRIATM', '/images/product_espay/atm_bri.png',  'BRI ATM',  'VA', '1',  '06'),
('5be6e947-2f5a-4df5-b437-24d2f376a064',  '8902891',  NULL, NULL, 'BANK', NULL, 'BANK', 'CREDITCARD', '0ce81e6c-837d-45ee-b14f-3bceabad40e9', '07'),
('6', '022',  '<div class=\"col-sm-3 col-md-4 nav flex-column nav-pills\" id=\"v-pills-tab\" role=\"tablist\" aria-orientation=\"vertical\"> <a class=\"mb-1 btn btn-light active\" id=\"v-pills-one-tab\" data-toggle=\"pill\" href=\"#v-pills-one\" role=\"tab\" aria-controls=\"v-pills-one\" aria-selected=\"true\"> ATM CIMB NIAGA </a> <a class=\"mb-1 btn btn-light\" id=\"v-pills-two-tab\" data-toggle=\"pill\" href=\"#v-pills-two\" role=\"tab\" aria-controls=\"v-pills-two\" aria-selected=\"false\"> INTERNET BANKING </a> <a class=\"mb-1 btn btn-light\" id=\"v-pills-three-tab\" data-toggle=\"pill\" href=\"#v-pills-three\" role=\"tab\" aria-controls=\"v-pills-three\" aria-selected=\"false\"> MOBILE BANKING </a> <a class=\"mb-1 btn btn-light\" id=\"v-pills-four-tab\" data-toggle=\"pill\" href=\"#v-pills-four\" role=\"tab\" aria-controls=\"v-pills-four\" aria-selected=\"false\"> TELLER </a></div><div class=\"border p-2 col-sm-9 col-md-8 tab-content\" id=\"v-pills-tabContent\"> <div class=\"tab-pane fade show active\" id=\"v-pills-one\" role=\"tabpanel\" aria-labelledby=\"v-pills-one-tab\"> <ol><li>Masukkan kartu ATM dan pin Anda,</li><li>Pilih menu <b>Transfer > Rekening CIMB Niaga/Rekening Ponsel Lain > Rekening CIMB Niaga Lain,</b></li><li>Masukkan jumlah transaksi yang akan dibayarkan,</li><li>Masukkan <b>kode perusahaan (hanya jika diminta) 8079,</b></li><li>Masukkan 16 digit <b>Nomor Virtual Account,</b></li><li>Pada layar konfirmasi, pastikan tagihan Anda sudah sesuai,</li><li>Transaksi selesai</li></ol> </div><div class=\"tab-pane fade\" id=\"v-pills-two\" role=\"tabpanel\" aria-labelledby=\"v-pills-two-tab\"> <ol><li>Login ke <u>https://www.cimbclicks.co.id/ibcimbniaga/Login.html,</u></li><li>Pilih menu <b>Transfer</b> > pilih rekening sumber Anda pada <b>transfer form,</b></li><li>Masukkan jumlah transaksi yang akan dibayarkan,</li><li>Pada transfer to pilih menu <b>Other Account (CIMB Niaga/Rekening Ponsel)</b> kemudian tekan <b>Lanjut,</b></li><li>Pilih Bank CIMB Niaga,</li><li>Masukkan <b>kode perusahaan (hanya jika diminta) 8079,</b></li><li>Masukkan <b>16 Digit Nomor Virtual Account,</b></li><li>Pastikan tagihan Anda sudah sesuai,</li><li>Transaksi selesai.</li></ol> </div><div class=\"tab-pane fade\" id=\"v-pills-three\" role=\"tabpanel\" aria-labelledby=\"v-pills-three-tab\"> <ol><li>Login ke <b>Go-Mobile,</b></li><li>Pilih menu <b>Transfer > Rekening Ponsel/CIMB Niaga,</b></li><li>Pilih rekening sumber Anda : <b>CASA</b> atau <b>Rekening Ponsel,</b></li><li>Pilih rekening penerima : <b>CASA,</b></li><li>Masukkan <b>kode perusahaan (hanya jika diminta) 8079,</b></li><li>Masukkan 16 digit <b>Nomor Virtual Account,</b></li><li>Masukkan jumlah transaksi yang ingin dibayarkan,</li><li>Pada layar konfirmasi, pastikan tagihan Anda sudah sesuai,</li><li>Transaksi selesai.</li></ol> </div><div class=\"tab-pane fade\" id=\"v-pills-four\" role=\"tabpanel\" aria-labelledby=\"v-pills-four-tab\"> <ol><li>Isi slip multiguna untuk transfer dengan nama penerima adalah nama client Pemegang nomor virtual account jika tipe billing dan validasi atau nama Perusahaan Pemilik nomor virtual account jika tipe non billing dan non validasi.,</li><li>Nasabah menyerahkan uang kepada teller CIMB Niaga,</li><li>Teller Danamon melakukan pembukuan transaksi CIMB Niaga VA,</li><li>Nasabah akan mendapat slip setoran yang telah terdapat tapak validasi sebagai bukti transaksi</li></ol> </div></div>',  '<h3>ATM CIMB NIAGA</h3> <ol> <li>Masukkan kartu ATM dan pin Anda,</li><li>Pilih menu <b>Transfer > Rekening CIMB Niaga/Rekening Ponsel Lain > Rekening CIMB Niaga Lain,</b></li><li>Masukkan jumlah transaksi yang akan dibayarkan,</li><li>Masukkan <b>kode perusahaan (hanya jika diminta) 8079,</b></li><li>Masukkan 16 digit <b>Nomor Virtual Account,</b></li><li>Pada layar konfirmasi, pastikan tagihan Anda sudah sesuai,</li><li>Transaksi selesai</li></ol> <h3>INTERNET BANKING</h3> <ol> <li>Login ke <u>https://www.cimbclicks.co.id/ibcimbniaga/Login.html,</u></li><li>Pilih menu <b>Transfer</b> > pilih rekening sumber Anda pada <b>transfer form,</b></li><li>Masukkan jumlah transaksi yang akan dibayarkan,</li><li>Pada transfer to pilih menu <b>Other Account (CIMB Niaga/Rekening Ponsel)</b> kemudian tekan <b>Lanjut,</b></li><li>Pilih Bank CIMB Niaga,</li><li>Masukkan <b>kode perusahaan (hanya jika diminta) 8079,</b></li><li>Masukkan <b>16 Digit Nomor Virtual Account,</b></li><li>Pastikan tagihan Anda sudah sesuai,</li><li>Transaksi selesai.</li></ol> <h3>MOBILE BANKING</h3><ol> <li>Login ke <b>Go-Mobile,</b></li><li>Pilih menu <b>Transfer > Rekening Ponsel/CIMB Niaga,</b></li><li>Pilih rekening sumber Anda : <b>CASA</b> atau <b>Rekening Ponsel,</b></li><li>Pilih rekening penerima : <b>CASA,</b></li><li>Masukkan <b>kode perusahaan (hanya jika diminta) 8079,</b></li><li>Masukkan 16 digit <b>Nomor Virtual Account,</b></li><li>Masukkan jumlah transaksi yang ingin dibayarkan,</li><li>Pada layar konfirmasi, pastikan tagihan Anda sudah sesuai,</li><li>Transaksi selesai.</li></ol> <h3>TELLER</h3> <ol> <li>Isi slip multiguna untuk transfer dengan nama penerima adalah nama client Pemegang nomor virtual account jika tipe billing dan validasi atau nama Perusahaan Pemilik nomor virtual account jika tipe non billing dan non validasi.,</li><li>Nasabah menyerahkan uang kepada teller CIMB Niaga,</li><li>Teller Danamon melakukan pembukuan transaksi CIMB Niaga VA,</li><li>Nasabah akan mendapat slip setoran yang telah terdapat tapak validasi sebagai bukti transaksi</li></ol> ',  'CIMBATM',  NULL, 'CIMB Niaga ATM', 'VA', '1',  '07'),
('7', '011',  '<div class=\"col-sm-3 col-md-4 nav flex-column nav-pills\" id=\"v-pills-tab\" role=\"tablist\" aria-orientation=\"vertical\"> <a class=\"mb-1 btn btn-light active\" id=\"v-pills-one-tab\" data-toggle=\"pill\" href=\"#v-pills-one\" role=\"tab\" aria-controls=\"v-pills-one\" aria-selected=\"true\"> ATM DANAMON </a> <a class=\"mb-1 btn btn-light\" id=\"v-pills-two-tab\" data-toggle=\"pill\" href=\"#v-pills-two\" role=\"tab\" aria-controls=\"v-pills-two\" aria-selected=\"false\"> INTERNET BANKING </a> <a class=\"mb-1 btn btn-light\" id=\"v-pills-three-tab\" data-toggle=\"pill\" href=\"#v-pills-three\" role=\"tab\" aria-controls=\"v-pills-three\" aria-selected=\"false\"> MOBILE BANKING </a> <a class=\"mb-1 btn btn-light\" id=\"v-pills-four-tab\" data-toggle=\"pill\" href=\"#v-pills-four\" role=\"tab\" aria-controls=\"v-pills-four\" aria-selected=\"false\"> TELLER </a></div><div class=\"border p-2 col-sm-9 col-md-8 tab-content\" id=\"v-pills-tabContent\"> <div class=\"tab-pane fade show active\" id=\"v-pills-one\" role=\"tabpanel\" aria-labelledby=\"v-pills-one-tab\"> <ol><li>Masukkan Kartu ATM Danamon & PIN Anda,</li><li>Pilih menu <b>Pembayaran > menu Lainnya > menu Virtual Account,</b></li><li>Masukkan <b>kode perusahaan (hanya jika dimitnta) 9628,</b></li><li>Masukkan 16 digit <b>Nomor Virtual Account,</b></li><li>Pada layar konfirmasi, pastikan tagihan Anda sudah sesuai,</li><li>Pilih <b>\"Ya\"</b> untuk memproses transaksi,</li><li>Transaksi Selesai.</li></ol> </div><div class=\"tab-pane fade\" id=\"v-pills-two\" role=\"tabpanel\" aria-labelledby=\"v-pills-two-tab\"> <ol><li>Akses D-mobile melalui handphone / PC Anda,</li><li>Masukkan User ID dan password,</li><li>Pilih menu <b>Pembayaran > Virtual Account,</b></li><li>Masukkan <b>kode perusahaan (9628),</b></li><li>Masukkan 16 digit Virtual Account,</li><li>Akan muncul rincian pembayaran Anda. Jika sudah benar, masukan Pin transaksi Anda,</li><li>Transaksi selesai.</li></ol> </div><div class=\"tab-pane fade\" id=\"v-pills-three\" role=\"tabpanel\" aria-labelledby=\"v-pills-three-tab\"> <ol><li>Akses D-mobile melalui handphone / PC Anda,</li><li>Masukkan User ID dan password,</li><li>Pilih menu <b>Pembayaran > Virtual Account,</b></li><li>Masukkan <b>kode perusahaan (9628),</b></li><li>Masukkan 16 digit Virtual Account,</li><li>Akan muncul rincian pembayaran Anda. Jika sudah benar, masukan Pin transaksi Anda,</li><li>Transaksi selesai.</li></ol> </div><div class=\"tab-pane fade\" id=\"v-pills-four\" role=\"tabpanel\" aria-labelledby=\"v-pills-four-tab\"> <ol><li>Isi slip bukti setoran,</li><li>Nasabah menyerahkan uang kepada teller Danamon,</li><li>Teller Danamon melakukan pembukuan transaksi Danamon VA,</li><li>Nasabah akan mendapat slip setoran yang telah terdapat tapak validasi sebagai bukti transaksi</li></ol> </div></div>',  '<h3>ATM DANAMON</h3> <ol> <li>Masukkan Kartu ATM Danamon & PIN Anda,</li><li>Pilih menu <b>Pembayaran > menu Lainnya > menu Virtual Account,</b></li><li>Masukkan <b>kode perusahaan (hanya jika dimitnta) 9628,</b></li><li>Masukkan 16 digit <b>Nomor Virtual Account,</b></li><li>Pada layar konfirmasi, pastikan tagihan Anda sudah sesuai,</li><li>Pilih <b>\"Ya\"</b> untuk memproses transaksi,</li><li>Transaksi Selesai.</li></ol> <h3>INTERNET BANKING</h3> <ol> <li>Akses D-mobile melalui handphone / PC Anda,</li><li>Masukkan User ID dan password,</li><li>Pilih menu <b>Pembayaran > Virtual Account,</b></li><li>Masukkan <b>kode perusahaan (9628),</b></li><li>Masukkan 16 digit Virtual Account,</li><li>Akan muncul rincian pembayaran Anda. Jika sudah benar, masukan Pin transaksi Anda,</li><li>Transaksi selesai.</li></ol> <h3>MOBILE BANKING</h3> <ol> <li>Akses D-mobile melalui handphone / PC Anda,</li><li>Masukkan User ID dan password,</li><li>Pilih menu <b>Pembayaran > Virtual Account,</b></li><li>Masukkan <b>kode perusahaan (9628),</b></li><li>Masukkan 16 digit Virtual Account,</li><li>Akan muncul rincian pembayaran Anda. Jika sudah benar, masukan Pin transaksi Anda,</li><li>Transaksi selesai.</li></ol> <h3>TELLER</h3> <ol> <li>Isi slip bukti setoran,</li><li>Nasabah menyerahkan uang kepada teller Danamon,</li><li>Teller Danamon melakukan pembukuan transaksi Danamon VA,</li><li>Nasabah akan mendapat slip setoran yang telah terdapat tapak validasi sebagai bukti transaksi</li></ol>',  'DANAMONATM', NULL, 'Danamon ATM',  'VA', '1',  '08'),
('8', '011',  NULL, NULL, 'DANAMONOB',  '/images/product_espay/danamon_online_banking.png', 'Danamon Online Banking', 'ONLINEPAYMENT',  '1',  '08'),
('9', '111',  NULL, NULL, 'DKIIB',  '/images/product_espay/dki_ib.png', 'DKI IB', 'ONLINEPAYMENT',  '1',  '09'),
('9cde8943-19e3-4d0e-bde3-f432a0f1bb1b',  '002',  '<ol><li>Masukkan kartu ATM BRI dan PIN Anda</li><li>Pilih Menu Lain > Transfer > Lainnya > BRIVA</li><li>Masukkan 16 digit Nomor Virtual Account, kemudian klik Benar,</li><li>Pada layar konfirmasi, pastikan tagihan Anda sudah sesuai</li><li>Jika sudah sesuai, pilih Ya</li <li>Transaksi Selesai</li></ol>', '<h3>ATM BRI</h3><ol> <li>Masukkan kartu ATM BRI dan PIN Anda</li><li>Pilih Menu Lain > Transfer > Lainnya > BRIVA</li><li>Masukkan 16 digit Nomor Virtual Account, kemudian klik Benar,</li><li>Pada layar konfirmasi, pastikan tagihan Anda sudah sesuai</li><li>Jika sudah sesuai, pilih Ya</li><li>Transaksi Selesai</li></ol>',  'BRI VA', NULL, 'Bank Rakyat Indonesia',  'VA', '0ce81e6c-837d-45ee-b14f-3bceabad40e9', '06'),
('b576b8ea-10f6-4de1-9320-7b851cc83e64',  'INDOMARET',  NULL, NULL, 'MTINDOMARET',  NULL, 'Indomaret',  'OVER_COUNTER', '6b9ff8f0-714a-4a94-9803-a84b5e67619a', '83e46c41-beb5-4e25-8fbd-4f58027f00fc');

DROP TABLE IF EXISTS `merchant_product_aud`;
CREATE TABLE `merchant_product_aud` (
  `id` varchar(36) NOT NULL,
  `rev` int(11) NOT NULL,
  `revtype` tinyint(4) DEFAULT NULL,
  `bank_code` varchar(255) DEFAULT NULL,
  `cara_pembayaran` text,
  `cara_pembayaran_email` text,
  `product_code` varchar(255) DEFAULT NULL,
  `product_image` varchar(255) DEFAULT NULL,
  `product_name` varchar(255) DEFAULT NULL,
  `product_type` varchar(255) DEFAULT NULL,
  `id_merchant_gateway` varchar(36) DEFAULT NULL,
  `id_product_group` varchar(36) DEFAULT NULL,
  PRIMARY KEY (`id`,`rev`),
  KEY `FK3la96iqajej6mny17138ayw5s` (`rev`),
  CONSTRAINT `FK3la96iqajej6mny17138ayw5s` FOREIGN KEY (`rev`) REFERENCES `user_rev_entity` (`id`)
) ENGINE=InnoDB DEFAULT CHARSET=latin1;


DROP TABLE IF EXISTS `merchant_registry_product`;
CREATE TABLE `merchant_registry_product` (
  `id_registry` varchar(36) NOT NULL,
  `id_product` varchar(36) NOT NULL,
  PRIMARY KEY (`id_registry`,`id_product`),
  KEY `FKicx4m7fxuudne7ibusgtqlvv8` (`id_product`),
  CONSTRAINT `FKicx4m7fxuudne7ibusgtqlvv8` FOREIGN KEY (`id_product`) REFERENCES `merchant_product` (`id`),
  CONSTRAINT `FKswq3bytuhl8uor3ctf9ws18qr` FOREIGN KEY (`id_registry`) REFERENCES `merchant_gateway_registry` (`id`)
) ENGINE=InnoDB DEFAULT CHARSET=latin1;

INSERT INTO `merchant_registry_product` (`id_registry`, `id_product`) VALUES
('2b0134f8-59ca-4493-a1db-11975cb5bebd',  '1'),
('2fec73f1-5178-4b7a-bb7f-fd2da99b7c81',  '1'),
('567c4380-821a-4f08-b4ad-e648346c6e6f',  '1'),
('623e18e0-a62b-4e03-89f5-edade54eef10',  '1'),
('67b3d082-322c-41a4-a5c5-5bbaab85f41b',  '1'),
('7bec3b98-afbe-48fe-bc77-443f66f5bacf',  '1'),
('907e1135-3943-479c-828f-97341d6dd3a8',  '1'),
('950da882-5c19-45f1-8476-e89780246ac9',  '1'),
('a3b70de4-5b3c-43df-8816-d22a711a6454',  '1'),
('a7bbf1f0-5347-4027-b6e8-610cf05ad243',  '1'),
('b0c04847-e608-4ba8-91dc-8ee399681f03',  '1'),
('beaea831-dcc3-42ea-a66e-3d36f3b93561',  '1'),
('c575083a-2e7b-4e74-8802-8179247cf316',  '1'),
('cda7a5ac-d79f-4513-810e-8bfa389eab93',  '1'),
('d77737a4-fd16-42dc-b78f-9ddaa12aa527',  '1'),
('e3b19f38-dae0-4bea-ae1a-0dc101bbb125',  '1'),
('e5fefde8-f2bd-40f7-8480-c54103f6ec35',  '1'),
('0bffbbd6-77ba-4738-83ad-90f5d23a2102',  '10'),
('19a42da2-65f9-4d28-88d4-7671aad17fad',  '10'),
('3187e2ec-9807-41a7-93d7-851145134e85',  '10'),
('334c05f8-c679-48a2-8112-f194af30778e',  '10'),
('35fd98c4-c321-42c6-b56b-fda763035251',  '10'),
('5472cdb6-3044-4626-8890-66ae723b18d6',  '10'),
('68aeb5cc-81fb-4a4a-9f19-d8a17bf6e9b1',  '10'),
('89b612bd-8557-4f7a-8299-954e95791e92',  '10'),
('9f75dee3-96b4-4af6-8078-5dbf3b52f1d7',  '10'),
('a3cd969c-c9b4-4df7-8169-fa4576a49788',  '10'),
('aedba585-2bb9-41e7-a627-d3b2dc7fc9b0',  '10'),
('b19bb280-88f7-4dd5-9401-dd501a9b5e8e',  '10'),
('bd897e00-ca0e-42b3-ac9f-cd5e11620beb',  '10'),
('c8f2a535-df96-4f51-8f2b-7976d69d6376',  '10'),
('ca0c62db-00d6-42e3-bf86-679838215597',  '10'),
('cfad49a8-835a-45ea-adbb-3877ce7c2cb1',  '10'),
('e42ab76f-de36-45c5-aeb2-7524367e08f5',  '10'),
('fdddd0e8-0634-427b-8363-a18fe6675cac',  '10'),
('0bffbbd6-77ba-4738-83ad-90f5d23a2102',  '102'),
('19a42da2-65f9-4d28-88d4-7671aad17fad',  '102'),
('3187e2ec-9807-41a7-93d7-851145134e85',  '102'),
('334c05f8-c679-48a2-8112-f194af30778e',  '102'),
('35fd98c4-c321-42c6-b56b-fda763035251',  '102'),
('5472cdb6-3044-4626-8890-66ae723b18d6',  '102'),
('89b612bd-8557-4f7a-8299-954e95791e92',  '102'),
('9f75dee3-96b4-4af6-8078-5dbf3b52f1d7',  '102'),
('a3cd969c-c9b4-4df7-8169-fa4576a49788',  '102'),
('aedba585-2bb9-41e7-a627-d3b2dc7fc9b0',  '102'),
('b19bb280-88f7-4dd5-9401-dd501a9b5e8e',  '102'),
('bd897e00-ca0e-42b3-ac9f-cd5e11620beb',  '102'),
('c8f2a535-df96-4f51-8f2b-7976d69d6376',  '102'),
('ca0c62db-00d6-42e3-bf86-679838215597',  '102'),
('cfad49a8-835a-45ea-adbb-3877ce7c2cb1',  '102'),
('e42ab76f-de36-45c5-aeb2-7524367e08f5',  '102'),
('fdddd0e8-0634-427b-8363-a18fe6675cac',  '102'),
('0bffbbd6-77ba-4738-83ad-90f5d23a2102',  '11'),
('19a42da2-65f9-4d28-88d4-7671aad17fad',  '11'),
('3187e2ec-9807-41a7-93d7-851145134e85',  '11'),
('334c05f8-c679-48a2-8112-f194af30778e',  '11'),
('35fd98c4-c321-42c6-b56b-fda763035251',  '11'),
('5472cdb6-3044-4626-8890-66ae723b18d6',  '11'),
('89b612bd-8557-4f7a-8299-954e95791e92',  '11'),
('9f75dee3-96b4-4af6-8078-5dbf3b52f1d7',  '11'),
('a3cd969c-c9b4-4df7-8169-fa4576a49788',  '11'),
('aedba585-2bb9-41e7-a627-d3b2dc7fc9b0',  '11'),
('b19bb280-88f7-4dd5-9401-dd501a9b5e8e',  '11'),
('bd897e00-ca0e-42b3-ac9f-cd5e11620beb',  '11'),
('c8f2a535-df96-4f51-8f2b-7976d69d6376',  '11'),
('ca0c62db-00d6-42e3-bf86-679838215597',  '11'),
('cfad49a8-835a-45ea-adbb-3877ce7c2cb1',  '11'),
('e42ab76f-de36-45c5-aeb2-7524367e08f5',  '11'),
('fdddd0e8-0634-427b-8363-a18fe6675cac',  '11'),
('0bffbbd6-77ba-4738-83ad-90f5d23a2102',  '12'),
('19a42da2-65f9-4d28-88d4-7671aad17fad',  '12'),
('3187e2ec-9807-41a7-93d7-851145134e85',  '12'),
('334c05f8-c679-48a2-8112-f194af30778e',  '12'),
('35fd98c4-c321-42c6-b56b-fda763035251',  '12'),
('5472cdb6-3044-4626-8890-66ae723b18d6',  '12'),
('68aeb5cc-81fb-4a4a-9f19-d8a17bf6e9b1',  '12'),
('89b612bd-8557-4f7a-8299-954e95791e92',  '12'),
('9f75dee3-96b4-4af6-8078-5dbf3b52f1d7',  '12'),
('a3cd969c-c9b4-4df7-8169-fa4576a49788',  '12'),
('aedba585-2bb9-41e7-a627-d3b2dc7fc9b0',  '12'),
('b19bb280-88f7-4dd5-9401-dd501a9b5e8e',  '12'),
('bd897e00-ca0e-42b3-ac9f-cd5e11620beb',  '12'),
('c8f2a535-df96-4f51-8f2b-7976d69d6376',  '12'),
('ca0c62db-00d6-42e3-bf86-679838215597',  '12'),
('cfad49a8-835a-45ea-adbb-3877ce7c2cb1',  '12'),
('e42ab76f-de36-45c5-aeb2-7524367e08f5',  '12'),
('fdddd0e8-0634-427b-8363-a18fe6675cac',  '12'),
('0bffbbd6-77ba-4738-83ad-90f5d23a2102',  '13'),
('19a42da2-65f9-4d28-88d4-7671aad17fad',  '13'),
('3187e2ec-9807-41a7-93d7-851145134e85',  '13'),
('334c05f8-c679-48a2-8112-f194af30778e',  '13'),
('35fd98c4-c321-42c6-b56b-fda763035251',  '13'),
('5472cdb6-3044-4626-8890-66ae723b18d6',  '13'),
('68aeb5cc-81fb-4a4a-9f19-d8a17bf6e9b1',  '13'),
('89b612bd-8557-4f7a-8299-954e95791e92',  '13'),
('9f75dee3-96b4-4af6-8078-5dbf3b52f1d7',  '13'),
('a3cd969c-c9b4-4df7-8169-fa4576a49788',  '13'),
('aedba585-2bb9-41e7-a627-d3b2dc7fc9b0',  '13'),
('b19bb280-88f7-4dd5-9401-dd501a9b5e8e',  '13'),
('bd897e00-ca0e-42b3-ac9f-cd5e11620beb',  '13'),
('c8f2a535-df96-4f51-8f2b-7976d69d6376',  '13'),
('ca0c62db-00d6-42e3-bf86-679838215597',  '13'),
('cfad49a8-835a-45ea-adbb-3877ce7c2cb1',  '13'),
('e42ab76f-de36-45c5-aeb2-7524367e08f5',  '13'),
('fdddd0e8-0634-427b-8363-a18fe6675cac',  '13'),
('0bffbbd6-77ba-4738-83ad-90f5d23a2102',  '14'),
('19a42da2-65f9-4d28-88d4-7671aad17fad',  '14'),
('3187e2ec-9807-41a7-93d7-851145134e85',  '14'),
('334c05f8-c679-48a2-8112-f194af30778e',  '14'),
('35fd98c4-c321-42c6-b56b-fda763035251',  '14'),
('5472cdb6-3044-4626-8890-66ae723b18d6',  '14'),
('89b612bd-8557-4f7a-8299-954e95791e92',  '14'),
('9f75dee3-96b4-4af6-8078-5dbf3b52f1d7',  '14'),
('a3cd969c-c9b4-4df7-8169-fa4576a49788',  '14'),
('aedba585-2bb9-41e7-a627-d3b2dc7fc9b0',  '14'),
('b19bb280-88f7-4dd5-9401-dd501a9b5e8e',  '14'),
('bd897e00-ca0e-42b3-ac9f-cd5e11620beb',  '14'),
('c8f2a535-df96-4f51-8f2b-7976d69d6376',  '14'),
('ca0c62db-00d6-42e3-bf86-679838215597',  '14'),
('cfad49a8-835a-45ea-adbb-3877ce7c2cb1',  '14'),
('e42ab76f-de36-45c5-aeb2-7524367e08f5',  '14'),
('fdddd0e8-0634-427b-8363-a18fe6675cac',  '14'),
('0bffbbd6-77ba-4738-83ad-90f5d23a2102',  '15'),
('19a42da2-65f9-4d28-88d4-7671aad17fad',  '15'),
('3187e2ec-9807-41a7-93d7-851145134e85',  '15'),
('334c05f8-c679-48a2-8112-f194af30778e',  '15'),
('35fd98c4-c321-42c6-b56b-fda763035251',  '15'),
('5472cdb6-3044-4626-8890-66ae723b18d6',  '15'),
('68aeb5cc-81fb-4a4a-9f19-d8a17bf6e9b1',  '15'),
('89b612bd-8557-4f7a-8299-954e95791e92',  '15'),
('9f75dee3-96b4-4af6-8078-5dbf3b52f1d7',  '15'),
('a3cd969c-c9b4-4df7-8169-fa4576a49788',  '15'),
('aedba585-2bb9-41e7-a627-d3b2dc7fc9b0',  '15'),
('b19bb280-88f7-4dd5-9401-dd501a9b5e8e',  '15'),
('bd897e00-ca0e-42b3-ac9f-cd5e11620beb',  '15'),
('c8f2a535-df96-4f51-8f2b-7976d69d6376',  '15'),
('ca0c62db-00d6-42e3-bf86-679838215597',  '15'),
('cfad49a8-835a-45ea-adbb-3877ce7c2cb1',  '15'),
('e42ab76f-de36-45c5-aeb2-7524367e08f5',  '15'),
('fdddd0e8-0634-427b-8363-a18fe6675cac',  '15'),
('0bffbbd6-77ba-4738-83ad-90f5d23a2102',  '16'),
('19a42da2-65f9-4d28-88d4-7671aad17fad',  '16'),
('3187e2ec-9807-41a7-93d7-851145134e85',  '16'),
('334c05f8-c679-48a2-8112-f194af30778e',  '16'),
('35fd98c4-c321-42c6-b56b-fda763035251',  '16'),
('5472cdb6-3044-4626-8890-66ae723b18d6',  '16'),
('89b612bd-8557-4f7a-8299-954e95791e92',  '16'),
('9f75dee3-96b4-4af6-8078-5dbf3b52f1d7',  '16'),
('a3cd969c-c9b4-4df7-8169-fa4576a49788',  '16'),
('aedba585-2bb9-41e7-a627-d3b2dc7fc9b0',  '16'),
('b19bb280-88f7-4dd5-9401-dd501a9b5e8e',  '16'),
('bd897e00-ca0e-42b3-ac9f-cd5e11620beb',  '16'),
('c8f2a535-df96-4f51-8f2b-7976d69d6376',  '16'),
('ca0c62db-00d6-42e3-bf86-679838215597',  '16'),
('cfad49a8-835a-45ea-adbb-3877ce7c2cb1',  '16'),
('e42ab76f-de36-45c5-aeb2-7524367e08f5',  '16'),
('fdddd0e8-0634-427b-8363-a18fe6675cac',  '16'),
('0bffbbd6-77ba-4738-83ad-90f5d23a2102',  '17'),
('19a42da2-65f9-4d28-88d4-7671aad17fad',  '17'),
('3187e2ec-9807-41a7-93d7-851145134e85',  '17'),
('334c05f8-c679-48a2-8112-f194af30778e',  '17'),
('35fd98c4-c321-42c6-b56b-fda763035251',  '17'),
('5472cdb6-3044-4626-8890-66ae723b18d6',  '17'),
('68aeb5cc-81fb-4a4a-9f19-d8a17bf6e9b1',  '17'),
('89b612bd-8557-4f7a-8299-954e95791e92',  '17'),
('9f75dee3-96b4-4af6-8078-5dbf3b52f1d7',  '17'),
('a3cd969c-c9b4-4df7-8169-fa4576a49788',  '17'),
('aedba585-2bb9-41e7-a627-d3b2dc7fc9b0',  '17'),
('b19bb280-88f7-4dd5-9401-dd501a9b5e8e',  '17'),
('bd897e00-ca0e-42b3-ac9f-cd5e11620beb',  '17'),
('c8f2a535-df96-4f51-8f2b-7976d69d6376',  '17'),
('ca0c62db-00d6-42e3-bf86-679838215597',  '17'),
('cfad49a8-835a-45ea-adbb-3877ce7c2cb1',  '17'),
('e42ab76f-de36-45c5-aeb2-7524367e08f5',  '17'),
('fdddd0e8-0634-427b-8363-a18fe6675cac',  '17'),
('0bffbbd6-77ba-4738-83ad-90f5d23a2102',  '18'),
('19a42da2-65f9-4d28-88d4-7671aad17fad',  '18'),
('3187e2ec-9807-41a7-93d7-851145134e85',  '18'),
('334c05f8-c679-48a2-8112-f194af30778e',  '18'),
('35fd98c4-c321-42c6-b56b-fda763035251',  '18'),
('5472cdb6-3044-4626-8890-66ae723b18d6',  '18'),
('68aeb5cc-81fb-4a4a-9f19-d8a17bf6e9b1',  '18'),
('89b612bd-8557-4f7a-8299-954e95791e92',  '18'),
('9f75dee3-96b4-4af6-8078-5dbf3b52f1d7',  '18'),
('a3cd969c-c9b4-4df7-8169-fa4576a49788',  '18'),
('aedba585-2bb9-41e7-a627-d3b2dc7fc9b0',  '18'),
('b19bb280-88f7-4dd5-9401-dd501a9b5e8e',  '18'),
('bd897e00-ca0e-42b3-ac9f-cd5e11620beb',  '18'),
('c8f2a535-df96-4f51-8f2b-7976d69d6376',  '18'),
('ca0c62db-00d6-42e3-bf86-679838215597',  '18'),
('cfad49a8-835a-45ea-adbb-3877ce7c2cb1',  '18'),
('e42ab76f-de36-45c5-aeb2-7524367e08f5',  '18'),
('fdddd0e8-0634-427b-8363-a18fe6675cac',  '18'),
('0bffbbd6-77ba-4738-83ad-90f5d23a2102',  '19'),
('19a42da2-65f9-4d28-88d4-7671aad17fad',  '19'),
('3187e2ec-9807-41a7-93d7-851145134e85',  '19'),
('334c05f8-c679-48a2-8112-f194af30778e',  '19'),
('35fd98c4-c321-42c6-b56b-fda763035251',  '19'),
('5472cdb6-3044-4626-8890-66ae723b18d6',  '19'),
('89b612bd-8557-4f7a-8299-954e95791e92',  '19'),
('9f75dee3-96b4-4af6-8078-5dbf3b52f1d7',  '19'),
('a3cd969c-c9b4-4df7-8169-fa4576a49788',  '19'),
('aedba585-2bb9-41e7-a627-d3b2dc7fc9b0',  '19'),
('b19bb280-88f7-4dd5-9401-dd501a9b5e8e',  '19'),
('bd897e00-ca0e-42b3-ac9f-cd5e11620beb',  '19'),
('c8f2a535-df96-4f51-8f2b-7976d69d6376',  '19'),
('ca0c62db-00d6-42e3-bf86-679838215597',  '19'),
('cfad49a8-835a-45ea-adbb-3877ce7c2cb1',  '19'),
('e42ab76f-de36-45c5-aeb2-7524367e08f5',  '19'),
('fdddd0e8-0634-427b-8363-a18fe6675cac',  '19'),
('0bffbbd6-77ba-4738-83ad-90f5d23a2102',  '2'),
('19a42da2-65f9-4d28-88d4-7671aad17fad',  '2'),
('3187e2ec-9807-41a7-93d7-851145134e85',  '2'),
('334c05f8-c679-48a2-8112-f194af30778e',  '2'),
('35fd98c4-c321-42c6-b56b-fda763035251',  '2'),
('5472cdb6-3044-4626-8890-66ae723b18d6',  '2'),
('89b612bd-8557-4f7a-8299-954e95791e92',  '2'),
('9f75dee3-96b4-4af6-8078-5dbf3b52f1d7',  '2'),
('a3cd969c-c9b4-4df7-8169-fa4576a49788',  '2'),
('aedba585-2bb9-41e7-a627-d3b2dc7fc9b0',  '2'),
('b19bb280-88f7-4dd5-9401-dd501a9b5e8e',  '2'),
('bd897e00-ca0e-42b3-ac9f-cd5e11620beb',  '2'),
('c8f2a535-df96-4f51-8f2b-7976d69d6376',  '2'),
('ca0c62db-00d6-42e3-bf86-679838215597',  '2'),
('cfad49a8-835a-45ea-adbb-3877ce7c2cb1',  '2'),
('e42ab76f-de36-45c5-aeb2-7524367e08f5',  '2'),
('fdddd0e8-0634-427b-8363-a18fe6675cac',  '2'),
('0bffbbd6-77ba-4738-83ad-90f5d23a2102',  '21'),
('19a42da2-65f9-4d28-88d4-7671aad17fad',  '21'),
('3187e2ec-9807-41a7-93d7-851145134e85',  '21'),
('334c05f8-c679-48a2-8112-f194af30778e',  '21'),
('35fd98c4-c321-42c6-b56b-fda763035251',  '21'),
('5472cdb6-3044-4626-8890-66ae723b18d6',  '21'),
('89b612bd-8557-4f7a-8299-954e95791e92',  '21'),
('9f75dee3-96b4-4af6-8078-5dbf3b52f1d7',  '21'),
('a3cd969c-c9b4-4df7-8169-fa4576a49788',  '21'),
('aedba585-2bb9-41e7-a627-d3b2dc7fc9b0',  '21'),
('b19bb280-88f7-4dd5-9401-dd501a9b5e8e',  '21'),
('bd897e00-ca0e-42b3-ac9f-cd5e11620beb',  '21'),
('c8f2a535-df96-4f51-8f2b-7976d69d6376',  '21'),
('ca0c62db-00d6-42e3-bf86-679838215597',  '21'),
('cfad49a8-835a-45ea-adbb-3877ce7c2cb1',  '21'),
('e42ab76f-de36-45c5-aeb2-7524367e08f5',  '21'),
('fdddd0e8-0634-427b-8363-a18fe6675cac',  '21'),
('0bffbbd6-77ba-4738-83ad-90f5d23a2102',  '22'),
('19a42da2-65f9-4d28-88d4-7671aad17fad',  '22'),
('3187e2ec-9807-41a7-93d7-851145134e85',  '22'),
('334c05f8-c679-48a2-8112-f194af30778e',  '22'),
('35fd98c4-c321-42c6-b56b-fda763035251',  '22'),
('5472cdb6-3044-4626-8890-66ae723b18d6',  '22'),
('89b612bd-8557-4f7a-8299-954e95791e92',  '22'),
('9f75dee3-96b4-4af6-8078-5dbf3b52f1d7',  '22'),
('a3cd969c-c9b4-4df7-8169-fa4576a49788',  '22'),
('aedba585-2bb9-41e7-a627-d3b2dc7fc9b0',  '22'),
('b19bb280-88f7-4dd5-9401-dd501a9b5e8e',  '22'),
('bd897e00-ca0e-42b3-ac9f-cd5e11620beb',  '22'),
('c8f2a535-df96-4f51-8f2b-7976d69d6376',  '22'),
('ca0c62db-00d6-42e3-bf86-679838215597',  '22'),
('cfad49a8-835a-45ea-adbb-3877ce7c2cb1',  '22'),
('e42ab76f-de36-45c5-aeb2-7524367e08f5',  '22'),
('fdddd0e8-0634-427b-8363-a18fe6675cac',  '22'),
('0bffbbd6-77ba-4738-83ad-90f5d23a2102',  '23'),
('19a42da2-65f9-4d28-88d4-7671aad17fad',  '23'),
('3187e2ec-9807-41a7-93d7-851145134e85',  '23'),
('334c05f8-c679-48a2-8112-f194af30778e',  '23'),
('35fd98c4-c321-42c6-b56b-fda763035251',  '23'),
('5472cdb6-3044-4626-8890-66ae723b18d6',  '23'),
('89b612bd-8557-4f7a-8299-954e95791e92',  '23'),
('9f75dee3-96b4-4af6-8078-5dbf3b52f1d7',  '23'),
('a3cd969c-c9b4-4df7-8169-fa4576a49788',  '23'),
('aedba585-2bb9-41e7-a627-d3b2dc7fc9b0',  '23'),
('b19bb280-88f7-4dd5-9401-dd501a9b5e8e',  '23'),
('bd897e00-ca0e-42b3-ac9f-cd5e11620beb',  '23'),
('c8f2a535-df96-4f51-8f2b-7976d69d6376',  '23'),
('ca0c62db-00d6-42e3-bf86-679838215597',  '23'),
('cfad49a8-835a-45ea-adbb-3877ce7c2cb1',  '23'),
('e42ab76f-de36-45c5-aeb2-7524367e08f5',  '23'),
('fdddd0e8-0634-427b-8363-a18fe6675cac',  '23'),
('0bffbbd6-77ba-4738-83ad-90f5d23a2102',  '24'),
('19a42da2-65f9-4d28-88d4-7671aad17fad',  '24'),
('3187e2ec-9807-41a7-93d7-851145134e85',  '24'),
('334c05f8-c679-48a2-8112-f194af30778e',  '24'),
('35fd98c4-c321-42c6-b56b-fda763035251',  '24'),
('5472cdb6-3044-4626-8890-66ae723b18d6',  '24'),
('89b612bd-8557-4f7a-8299-954e95791e92',  '24'),
('9f75dee3-96b4-4af6-8078-5dbf3b52f1d7',  '24'),
('a3cd969c-c9b4-4df7-8169-fa4576a49788',  '24'),
('aedba585-2bb9-41e7-a627-d3b2dc7fc9b0',  '24'),
('b19bb280-88f7-4dd5-9401-dd501a9b5e8e',  '24'),
('bd897e00-ca0e-42b3-ac9f-cd5e11620beb',  '24'),
('c8f2a535-df96-4f51-8f2b-7976d69d6376',  '24'),
('ca0c62db-00d6-42e3-bf86-679838215597',  '24'),
('cfad49a8-835a-45ea-adbb-3877ce7c2cb1',  '24'),
('e42ab76f-de36-45c5-aeb2-7524367e08f5',  '24'),
('fdddd0e8-0634-427b-8363-a18fe6675cac',  '24'),
('0bffbbd6-77ba-4738-83ad-90f5d23a2102',  '25'),
('19a42da2-65f9-4d28-88d4-7671aad17fad',  '25'),
('3187e2ec-9807-41a7-93d7-851145134e85',  '25'),
('334c05f8-c679-48a2-8112-f194af30778e',  '25'),
('35fd98c4-c321-42c6-b56b-fda763035251',  '25'),
('5472cdb6-3044-4626-8890-66ae723b18d6',  '25'),
('89b612bd-8557-4f7a-8299-954e95791e92',  '25'),
('9f75dee3-96b4-4af6-8078-5dbf3b52f1d7',  '25'),
('a3cd969c-c9b4-4df7-8169-fa4576a49788',  '25'),
('aedba585-2bb9-41e7-a627-d3b2dc7fc9b0',  '25'),
('b19bb280-88f7-4dd5-9401-dd501a9b5e8e',  '25'),
('bd897e00-ca0e-42b3-ac9f-cd5e11620beb',  '25'),
('c8f2a535-df96-4f51-8f2b-7976d69d6376',  '25'),
('ca0c62db-00d6-42e3-bf86-679838215597',  '25'),
('cfad49a8-835a-45ea-adbb-3877ce7c2cb1',  '25'),
('e42ab76f-de36-45c5-aeb2-7524367e08f5',  '25'),
('fdddd0e8-0634-427b-8363-a18fe6675cac',  '25'),
('0bffbbd6-77ba-4738-83ad-90f5d23a2102',  '26'),
('19a42da2-65f9-4d28-88d4-7671aad17fad',  '26'),
('3187e2ec-9807-41a7-93d7-851145134e85',  '26'),
('334c05f8-c679-48a2-8112-f194af30778e',  '26'),
('35fd98c4-c321-42c6-b56b-fda763035251',  '26'),
('5472cdb6-3044-4626-8890-66ae723b18d6',  '26'),
('89b612bd-8557-4f7a-8299-954e95791e92',  '26'),
('9f75dee3-96b4-4af6-8078-5dbf3b52f1d7',  '26'),
('a3cd969c-c9b4-4df7-8169-fa4576a49788',  '26'),
('aedba585-2bb9-41e7-a627-d3b2dc7fc9b0',  '26'),
('b19bb280-88f7-4dd5-9401-dd501a9b5e8e',  '26'),
('bd897e00-ca0e-42b3-ac9f-cd5e11620beb',  '26'),
('c8f2a535-df96-4f51-8f2b-7976d69d6376',  '26'),
('ca0c62db-00d6-42e3-bf86-679838215597',  '26'),
('cfad49a8-835a-45ea-adbb-3877ce7c2cb1',  '26'),
('e42ab76f-de36-45c5-aeb2-7524367e08f5',  '26'),
('fdddd0e8-0634-427b-8363-a18fe6675cac',  '26'),
('0bffbbd6-77ba-4738-83ad-90f5d23a2102',  '27'),
('19a42da2-65f9-4d28-88d4-7671aad17fad',  '27'),
('3187e2ec-9807-41a7-93d7-851145134e85',  '27'),
('334c05f8-c679-48a2-8112-f194af30778e',  '27'),
('35fd98c4-c321-42c6-b56b-fda763035251',  '27'),
('5472cdb6-3044-4626-8890-66ae723b18d6',  '27'),
('89b612bd-8557-4f7a-8299-954e95791e92',  '27'),
('9f75dee3-96b4-4af6-8078-5dbf3b52f1d7',  '27'),
('a3cd969c-c9b4-4df7-8169-fa4576a49788',  '27'),
('aedba585-2bb9-41e7-a627-d3b2dc7fc9b0',  '27'),
('b19bb280-88f7-4dd5-9401-dd501a9b5e8e',  '27'),
('bd897e00-ca0e-42b3-ac9f-cd5e11620beb',  '27'),
('c8f2a535-df96-4f51-8f2b-7976d69d6376',  '27'),
('ca0c62db-00d6-42e3-bf86-679838215597',  '27'),
('cfad49a8-835a-45ea-adbb-3877ce7c2cb1',  '27'),
('e42ab76f-de36-45c5-aeb2-7524367e08f5',  '27'),
('fdddd0e8-0634-427b-8363-a18fe6675cac',  '27'),
('0bffbbd6-77ba-4738-83ad-90f5d23a2102',  '28'),
('19a42da2-65f9-4d28-88d4-7671aad17fad',  '28'),
('3187e2ec-9807-41a7-93d7-851145134e85',  '28'),
('334c05f8-c679-48a2-8112-f194af30778e',  '28'),
('35fd98c4-c321-42c6-b56b-fda763035251',  '28'),
('5472cdb6-3044-4626-8890-66ae723b18d6',  '28'),
('89b612bd-8557-4f7a-8299-954e95791e92',  '28'),
('9f75dee3-96b4-4af6-8078-5dbf3b52f1d7',  '28'),
('a3cd969c-c9b4-4df7-8169-fa4576a49788',  '28'),
('aedba585-2bb9-41e7-a627-d3b2dc7fc9b0',  '28'),
('b19bb280-88f7-4dd5-9401-dd501a9b5e8e',  '28'),
('bd897e00-ca0e-42b3-ac9f-cd5e11620beb',  '28'),
('c8f2a535-df96-4f51-8f2b-7976d69d6376',  '28'),
('ca0c62db-00d6-42e3-bf86-679838215597',  '28'),
('cfad49a8-835a-45ea-adbb-3877ce7c2cb1',  '28'),
('e42ab76f-de36-45c5-aeb2-7524367e08f5',  '28'),
('fdddd0e8-0634-427b-8363-a18fe6675cac',  '28'),
('0bffbbd6-77ba-4738-83ad-90f5d23a2102',  '3'),
('19a42da2-65f9-4d28-88d4-7671aad17fad',  '3'),
('3187e2ec-9807-41a7-93d7-851145134e85',  '3'),
('334c05f8-c679-48a2-8112-f194af30778e',  '3'),
('35fd98c4-c321-42c6-b56b-fda763035251',  '3'),
('5472cdb6-3044-4626-8890-66ae723b18d6',  '3'),
('68aeb5cc-81fb-4a4a-9f19-d8a17bf6e9b1',  '3'),
('89b612bd-8557-4f7a-8299-954e95791e92',  '3'),
('9f75dee3-96b4-4af6-8078-5dbf3b52f1d7',  '3'),
('a3cd969c-c9b4-4df7-8169-fa4576a49788',  '3'),
('aedba585-2bb9-41e7-a627-d3b2dc7fc9b0',  '3'),
('b19bb280-88f7-4dd5-9401-dd501a9b5e8e',  '3'),
('bd897e00-ca0e-42b3-ac9f-cd5e11620beb',  '3'),
('c8f2a535-df96-4f51-8f2b-7976d69d6376',  '3'),
('ca0c62db-00d6-42e3-bf86-679838215597',  '3'),
('cfad49a8-835a-45ea-adbb-3877ce7c2cb1',  '3'),
('e42ab76f-de36-45c5-aeb2-7524367e08f5',  '3'),
('fdddd0e8-0634-427b-8363-a18fe6675cac',  '3'),
('0bffbbd6-77ba-4738-83ad-90f5d23a2102',  '30'),
('19a42da2-65f9-4d28-88d4-7671aad17fad',  '30'),
('68aeb5cc-81fb-4a4a-9f19-d8a17bf6e9b1',  '30'),
('89b612bd-8557-4f7a-8299-954e95791e92',  '30'),
('9f75dee3-96b4-4af6-8078-5dbf3b52f1d7',  '30'),
('a3cd969c-c9b4-4df7-8169-fa4576a49788',  '30'),
('fdddd0e8-0634-427b-8363-a18fe6675cac',  '30'),
('0bffbbd6-77ba-4738-83ad-90f5d23a2102',  '32'),
('19a42da2-65f9-4d28-88d4-7671aad17fad',  '32'),
('89b612bd-8557-4f7a-8299-954e95791e92',  '32'),
('9f75dee3-96b4-4af6-8078-5dbf3b52f1d7',  '32'),
('a3cd969c-c9b4-4df7-8169-fa4576a49788',  '32'),
('fdddd0e8-0634-427b-8363-a18fe6675cac',  '32'),
('0bffbbd6-77ba-4738-83ad-90f5d23a2102',  '4'),
('19a42da2-65f9-4d28-88d4-7671aad17fad',  '4'),
('3187e2ec-9807-41a7-93d7-851145134e85',  '4'),
('334c05f8-c679-48a2-8112-f194af30778e',  '4'),
('35fd98c4-c321-42c6-b56b-fda763035251',  '4'),
('5472cdb6-3044-4626-8890-66ae723b18d6',  '4'),
('68aeb5cc-81fb-4a4a-9f19-d8a17bf6e9b1',  '4'),
('89b612bd-8557-4f7a-8299-954e95791e92',  '4'),
('9f75dee3-96b4-4af6-8078-5dbf3b52f1d7',  '4'),
('a3cd969c-c9b4-4df7-8169-fa4576a49788',  '4'),
('aedba585-2bb9-41e7-a627-d3b2dc7fc9b0',  '4'),
('b19bb280-88f7-4dd5-9401-dd501a9b5e8e',  '4'),
('bd897e00-ca0e-42b3-ac9f-cd5e11620beb',  '4'),
('c8f2a535-df96-4f51-8f2b-7976d69d6376',  '4'),
('ca0c62db-00d6-42e3-bf86-679838215597',  '4'),
('cfad49a8-835a-45ea-adbb-3877ce7c2cb1',  '4'),
('e42ab76f-de36-45c5-aeb2-7524367e08f5',  '4'),
('fdddd0e8-0634-427b-8363-a18fe6675cac',  '4'),
('03f97188-86b5-4ba5-b0e3-d693fc357ed5',  '4fdad54f-e8f9-482e-b8d2-5744ca74476d'),
('789cad4a-bb50-4591-90b9-a3012dc0c054',  '4fdad54f-e8f9-482e-b8d2-5744ca74476d'),
('7ed48b47-800f-4566-9541-1679d6006387',  '4fdad54f-e8f9-482e-b8d2-5744ca74476d'),
('963626b2-ed04-424c-88ff-ed6063284ca8',  '4fdad54f-e8f9-482e-b8d2-5744ca74476d'),
('0bffbbd6-77ba-4738-83ad-90f5d23a2102',  '5'),
('19a42da2-65f9-4d28-88d4-7671aad17fad',  '5'),
('3187e2ec-9807-41a7-93d7-851145134e85',  '5'),
('334c05f8-c679-48a2-8112-f194af30778e',  '5'),
('35fd98c4-c321-42c6-b56b-fda763035251',  '5'),
('5472cdb6-3044-4626-8890-66ae723b18d6',  '5'),
('68aeb5cc-81fb-4a4a-9f19-d8a17bf6e9b1',  '5'),
('89b612bd-8557-4f7a-8299-954e95791e92',  '5'),
('9f75dee3-96b4-4af6-8078-5dbf3b52f1d7',  '5'),
('a3cd969c-c9b4-4df7-8169-fa4576a49788',  '5'),
('aedba585-2bb9-41e7-a627-d3b2dc7fc9b0',  '5'),
('b19bb280-88f7-4dd5-9401-dd501a9b5e8e',  '5'),
('bd897e00-ca0e-42b3-ac9f-cd5e11620beb',  '5'),
('c8f2a535-df96-4f51-8f2b-7976d69d6376',  '5'),
('ca0c62db-00d6-42e3-bf86-679838215597',  '5'),
('cfad49a8-835a-45ea-adbb-3877ce7c2cb1',  '5'),
('e42ab76f-de36-45c5-aeb2-7524367e08f5',  '5'),
('fdddd0e8-0634-427b-8363-a18fe6675cac',  '5'),
('7a07cf5c-7c58-4d8a-aadc-7c2bf5ee9817',  '5be6e947-2f5a-4df5-b437-24d2f376a064'),
('0bffbbd6-77ba-4738-83ad-90f5d23a2102',  '6'),
('19a42da2-65f9-4d28-88d4-7671aad17fad',  '6'),
('3187e2ec-9807-41a7-93d7-851145134e85',  '6'),
('334c05f8-c679-48a2-8112-f194af30778e',  '6'),
('35fd98c4-c321-42c6-b56b-fda763035251',  '6'),
('5472cdb6-3044-4626-8890-66ae723b18d6',  '6'),
('68aeb5cc-81fb-4a4a-9f19-d8a17bf6e9b1',  '6'),
('89b612bd-8557-4f7a-8299-954e95791e92',  '6'),
('9f75dee3-96b4-4af6-8078-5dbf3b52f1d7',  '6'),
('a3cd969c-c9b4-4df7-8169-fa4576a49788',  '6'),
('aedba585-2bb9-41e7-a627-d3b2dc7fc9b0',  '6'),
('b19bb280-88f7-4dd5-9401-dd501a9b5e8e',  '6'),
('bd897e00-ca0e-42b3-ac9f-cd5e11620beb',  '6'),
('c8f2a535-df96-4f51-8f2b-7976d69d6376',  '6'),
('ca0c62db-00d6-42e3-bf86-679838215597',  '6'),
('cfad49a8-835a-45ea-adbb-3877ce7c2cb1',  '6'),
('e42ab76f-de36-45c5-aeb2-7524367e08f5',  '6'),
('fdddd0e8-0634-427b-8363-a18fe6675cac',  '6'),
('0bffbbd6-77ba-4738-83ad-90f5d23a2102',  '7'),
('19a42da2-65f9-4d28-88d4-7671aad17fad',  '7'),
('3187e2ec-9807-41a7-93d7-851145134e85',  '7'),
('334c05f8-c679-48a2-8112-f194af30778e',  '7'),
('35fd98c4-c321-42c6-b56b-fda763035251',  '7'),
('5472cdb6-3044-4626-8890-66ae723b18d6',  '7'),
('68aeb5cc-81fb-4a4a-9f19-d8a17bf6e9b1',  '7'),
('89b612bd-8557-4f7a-8299-954e95791e92',  '7'),
('9f75dee3-96b4-4af6-8078-5dbf3b52f1d7',  '7'),
('a3cd969c-c9b4-4df7-8169-fa4576a49788',  '7'),
('aedba585-2bb9-41e7-a627-d3b2dc7fc9b0',  '7'),
('b19bb280-88f7-4dd5-9401-dd501a9b5e8e',  '7'),
('bd897e00-ca0e-42b3-ac9f-cd5e11620beb',  '7'),
('c8f2a535-df96-4f51-8f2b-7976d69d6376',  '7'),
('ca0c62db-00d6-42e3-bf86-679838215597',  '7'),
('cfad49a8-835a-45ea-adbb-3877ce7c2cb1',  '7'),
('e42ab76f-de36-45c5-aeb2-7524367e08f5',  '7'),
('fdddd0e8-0634-427b-8363-a18fe6675cac',  '7'),
('0bffbbd6-77ba-4738-83ad-90f5d23a2102',  '8'),
('19a42da2-65f9-4d28-88d4-7671aad17fad',  '8'),
('3187e2ec-9807-41a7-93d7-851145134e85',  '8'),
('334c05f8-c679-48a2-8112-f194af30778e',  '8'),
('35fd98c4-c321-42c6-b56b-fda763035251',  '8'),
('5472cdb6-3044-4626-8890-66ae723b18d6',  '8'),
('89b612bd-8557-4f7a-8299-954e95791e92',  '8'),
('9f75dee3-96b4-4af6-8078-5dbf3b52f1d7',  '8'),
('a3cd969c-c9b4-4df7-8169-fa4576a49788',  '8'),
('aedba585-2bb9-41e7-a627-d3b2dc7fc9b0',  '8'),
('b19bb280-88f7-4dd5-9401-dd501a9b5e8e',  '8'),
('bd897e00-ca0e-42b3-ac9f-cd5e11620beb',  '8'),
('c8f2a535-df96-4f51-8f2b-7976d69d6376',  '8'),
('ca0c62db-00d6-42e3-bf86-679838215597',  '8'),
('cfad49a8-835a-45ea-adbb-3877ce7c2cb1',  '8'),
('e42ab76f-de36-45c5-aeb2-7524367e08f5',  '8'),
('fdddd0e8-0634-427b-8363-a18fe6675cac',  '8'),
('0bffbbd6-77ba-4738-83ad-90f5d23a2102',  '9'),
('19a42da2-65f9-4d28-88d4-7671aad17fad',  '9'),
('3187e2ec-9807-41a7-93d7-851145134e85',  '9'),
('334c05f8-c679-48a2-8112-f194af30778e',  '9'),
('35fd98c4-c321-42c6-b56b-fda763035251',  '9'),
('5472cdb6-3044-4626-8890-66ae723b18d6',  '9'),
('89b612bd-8557-4f7a-8299-954e95791e92',  '9'),
('9f75dee3-96b4-4af6-8078-5dbf3b52f1d7',  '9'),
('a3cd969c-c9b4-4df7-8169-fa4576a49788',  '9'),
('aedba585-2bb9-41e7-a627-d3b2dc7fc9b0',  '9'),
('b19bb280-88f7-4dd5-9401-dd501a9b5e8e',  '9'),
('bd897e00-ca0e-42b3-ac9f-cd5e11620beb',  '9'),
('c8f2a535-df96-4f51-8f2b-7976d69d6376',  '9'),
('ca0c62db-00d6-42e3-bf86-679838215597',  '9'),
('cfad49a8-835a-45ea-adbb-3877ce7c2cb1',  '9'),
('e42ab76f-de36-45c5-aeb2-7524367e08f5',  '9'),
('fdddd0e8-0634-427b-8363-a18fe6675cac',  '9'),
('1347f0e5-b5f0-44b6-9669-6be6d8b15bdc',  '9cde8943-19e3-4d0e-bde3-f432a0f1bb1b'),
('4888e5ad-0350-4c4f-8c9f-c0ef64e473c2',  '9cde8943-19e3-4d0e-bde3-f432a0f1bb1b'),
('4db859ca-5bf8-43d7-8165-d648dc3d0938',  '9cde8943-19e3-4d0e-bde3-f432a0f1bb1b'),
('7134460a-825b-4ece-b8bf-f8e8dd1e3f99',  '9cde8943-19e3-4d0e-bde3-f432a0f1bb1b'),
('7a07cf5c-7c58-4d8a-aadc-7c2bf5ee9817',  '9cde8943-19e3-4d0e-bde3-f432a0f1bb1b'),
('7f1dd263-265e-4040-b81a-b21533df97e8',  '9cde8943-19e3-4d0e-bde3-f432a0f1bb1b'),
('8ef6d1f3-2305-4e8b-b65c-18c908f7fb07',  '9cde8943-19e3-4d0e-bde3-f432a0f1bb1b'),
('a1cd969e-dc43-494d-af1b-f0a4e60d36e3',  '9cde8943-19e3-4d0e-bde3-f432a0f1bb1b'),
('a3401c24-7c27-447a-bc69-7452a620177f',  '9cde8943-19e3-4d0e-bde3-f432a0f1bb1b'),
('c6252671-3a3c-4d86-85d5-fd3e38e394ae',  '9cde8943-19e3-4d0e-bde3-f432a0f1bb1b'),
('d731839b-df3b-4ad3-991c-6ff72ff72f78',  'b576b8ea-10f6-4de1-9320-7b851cc83e64');

DROP TABLE IF EXISTS `merchant_registry_product_aud`;
CREATE TABLE `merchant_registry_product_aud` (
  `rev` int(11) NOT NULL,
  `id_registry` varchar(36) NOT NULL,
  `id_product` varchar(36) NOT NULL,
  `revtype` tinyint(4) DEFAULT NULL,
  PRIMARY KEY (`rev`,`id_registry`,`id_product`),
  CONSTRAINT `FKbo4uti2qqg3jvy3u6c7ywsj9q` FOREIGN KEY (`rev`) REFERENCES `user_rev_entity` (`id`)
) ENGINE=InnoDB DEFAULT CHARSET=latin1;

INSERT INTO `merchant_registry_product_aud` (`rev`, `id_registry`, `id_product`, `revtype`) VALUES
(248, '7ed48b47-800f-4566-9541-1679d6006387', '4fdad54f-e8f9-482e-b8d2-5744ca74476d', 0),
(249, '68aeb5cc-81fb-4a4a-9f19-d8a17bf6e9b1', '23', 2);

DROP TABLE IF EXISTS `metode_pembayaran`;
CREATE TABLE `metode_pembayaran` (
  `id` varchar(36) NOT NULL,
  `kode_metode_pembayaran` varchar(10) NOT NULL,
  `nama_metode_pembayaran` varchar(50) NOT NULL,
  `id_merchant_gateway` varchar(36) DEFAULT NULL,
  PRIMARY KEY (`id`),
  UNIQUE KEY `UK_1ym9wnf6j36mxdcerporg38u3` (`kode_metode_pembayaran`),
  KEY `FKd34yg5whsjsjrf53sc0b2kkw6` (`id_merchant_gateway`),
  CONSTRAINT `FKd34yg5whsjsjrf53sc0b2kkw6` FOREIGN KEY (`id_merchant_gateway`) REFERENCES `merchant_gateway` (`id`)
) ENGINE=InnoDB DEFAULT CHARSET=latin1;


DROP TABLE IF EXISTS `m_bank`;
CREATE TABLE `m_bank` (
  `id` varchar(36) NOT NULL,
  `bank_group` int(11) NOT NULL,
  `kode` varchar(255) NOT NULL,
  `nama` varchar(255) NOT NULL,
  PRIMARY KEY (`id`),
  UNIQUE KEY `UK_5hwvuj27pjnw40u8a8fwwdudm` (`kode`),
  KEY `idx_bank_kode` (`kode`)
) ENGINE=InnoDB DEFAULT CHARSET=latin1;

INSERT INTO `m_bank` (`id`, `bank_group`, `kode`, `nama`) VALUES
('1', 1,  '002',  'Bank BRI'),
('10',  5,  '020',  'Bank ARTA NIAGA KENCANA'),
('100', 5,  '501',  'Bank ROYAL INDONESIA'),
('101', 5,  '503',  'Bank ALFINDO'),
('102', 2,  '506',  'Bank SYARIAH MEGA'),
('103', 5,  '513',  'Bank INA PERDANA'),
('104', 5,  '517',  'Bank HARFA'),
('105', 5,  '520',  'PRIMA MASTER Bank'),
('106', 5,  '521',  'Bank PERSYARIKATAN INDONESIA'),
('107', 5,  '525',  'Bank AKITA'),
('108', 5,  '526',  'LIMAN INTERNATIONAL Bank'),
('109', 5,  '531',  'ANGLOMAS INTERNASIONAL Bank'),
('11',  5,  '022',  'Bank CIMB NIAGA'),
('110', 5,  '523',  'Bank DIPO INTERNATIONAL'),
('111', 5,  '535',  'Bank KESEJAHTERAAN EKONOMI'),
('112', 5,  '536',  'Bank UIB'),
('113', 5,  '542',  'Bank ARTOS'),
('114', 5,  '547',  'Bank PURBA DANARTA'),
('115', 5,  '548',  'Bank MULTI ARTA SENTOSA'),
('116', 5,  '553',  'Bank MAYORA'),
('117', 5,  '555',  'Bank INDEX SELINDO'),
('118', 5,  '566',  'Bank VICTORIA INTERNATIONAL'),
('119', 5,  '558',  'Bank EKSEKUTIF'),
('12',  5,  '023',  'Bank BUANA'),
('120', 5,  '559',  'CENTRATAMA NASIONAL Bank'),
('121', 5,  '562',  'Bank FAMA INTERNASIONAL'),
('122', 5,  '564',  'Bank SINAR HARAPAN BALI'),
('123', 5,  '567',  'Bank HARDA'),
('124', 5,  '945',  'Bank FINCONESIA'),
('125', 5,  '946',  'Bank MERIN CORP'),
('126', 4,  '947',  'MAYBANK'),
('127', 4,  '948',  'Bank OCBC  INDONESIA'),
('128', 4,  '949',  'CHINA TRUST Bank'),
('129', 4,  '950',  'COMMONWEALTH Bank'),
('13',  5,  '026',  'Bank LIPPO'),
('130', 6,  '770',  'FINNET INDONESIA'),
('131', 6,  '911',  'TELKOMSEL T-CASH'),
('133', 6,  '001',  'ALTO TEST'),
('14',  5,  '028',  'Bank NISP'),
('15',  4,  '030',  'AMERICAN EXPRESS BANK'),
('16',  4,  '031',  'CITIBANK'),
('17',  4,  '032',  'JP. MORGAN CHASE BANK'),
('18',  4,  '033',  'Bank OF AMERICA'),
('19',  5,  '036',  'Bank MULTICOR'),
('2', 5,  '003',  'Bank EKSPOR INDONESIA'),
('20',  5,  '037',  'Bank ARTHA GRAHA'),
('21',  4,  '040',  'BANGKOK Bank'),
('22',  4,  '041',  'HSBC - HONGKONG & SHANGHAI B.C.'),
('23',  4,  '042',  'Bank OF TOKYO MITSUBISHI'),
('24',  5,  '045',  'Bank SUMITOMO MITSUI INDONESIA'),
('25',  4,  '046',  'Bank DBS INDONESIA'),
('26',  5,  '047',  'Bank RESONA PERDANIA'),
('27',  5,  '048',  'Bank MIZUHO INDONESIA'),
('28',  4,  '050',  'STANDARD CHARTERED Bank'),
('29',  4,  '052',  'Bank ABN AMRO'),
('3', 1,  '008',  'Bank MANDIRI'),
('30',  5,  '054',  'Bank CAPITAL INDONESIA'),
('31',  5,  '057',  'Bank BNP PARIBAS INDONESIA'),
('32',  5,  '058',  'Bank UOB INDONESIA'),
('33',  4,  '059',  'KOREA EXCHANGE Bank'),
('34',  4,  '060',  'RABOBank INTERNASIONAL INDONESIA'),
('35',  5,  '061',  'ANZ PANIN Bank'),
('36',  4,  '067',  'DEUTSCHE Bank AG'),
('37',  5,  '068',  'Bank WOORI INDONESIA'),
('38',  4,  '069',  'Bank of CHINA'),
('39',  5,  '076',  'Bank BUMI ARTA'),
('4', 1,  '009',  'Bank BNI'),
('40',  5,  '087',  'Bank EKONOMI'),
('41',  5,  '088',  'Bank ANTAR DAERAH'),
('42',  5,  '089',  'Bank HAGA'),
('43',  5,  '093',  'Bank IFI'),
('44',  5,  '097',  'Bank MAYAPADA'),
('45',  3,  '110',  'Bank BPD JABAR-BANTEN'),
('46',  3,  '111',  'Bank BPD DKI'),
('47',  3,  '112',  'Bank BPD DI YOGYAKARTA'),
('48',  3,  '113',  'Bank BPD JATENG'),
('49',  3,  '114',  'Bank BPD JATIM'),
('5', 5,  '011',  'Bank DANAMON'),
('50',  3,  '115',  'Bank BPD JAMBI'),
('51',  3,  '116',  'Bank BPD ACEH'),
('52',  3,  '117',  'Bank BPD SUMUT'),
('53',  5,  '118',  'Bank NAGARI'),
('54',  3,  '119',  'Bank BPD RIAU'),
('55',  3,  '120',  'Bank BPD SUMSEL'),
('56',  3,  '121',  'Bank BPD LAMPUNG'),
('57',  3,  '122',  'Bank BPD KALSEL'),
('58',  3,  '123',  'Bank BPD KALBAR'),
('59',  3,  '124',  'Bank BPD KALTIM'),
('6', 5,  '013',  'PERMATA BANK'),
('60',  3,  '125',  'Bank BPD KALTENG'),
('61',  3,  '126',  'Bank BPD SULSELBAR'),
('62',  3,  '127',  'Bank BPD SULUT'),
('63',  3,  '128',  'Bank BPD NTB'),
('64',  3,  '129',  'Bank BPD BALI'),
('65',  3,  '130',  'Bank BPD NTT'),
('66',  3,  '131',  'Bank BPD MALUKU'),
('67',  3,  '132',  'Bank BPD PAPUA'),
('68',  3,  '133',  'Bank BPD BENGKULU'),
('69',  3,  '134',  'Bank BPD SULTENG'),
('7', 1,  '014',  'Bank BCA'),
('70',  3,  '135',  'Bank BPD SULTRA'),
('71',  5,  '145',  'Bank NUSANTARA PARAHYANGAN'),
('72',  5,  '146',  'Bank SWADESI'),
('73',  2,  '147',  'Bank MUAMALAT'),
('74',  5,  '151',  'Bank MESTIKA'),
('75',  5,  '152',  'Bank METRO EXPRESS'),
('76',  5,  '153',  'Bank SHINTA INDONESIA'),
('77',  5,  '157',  'Bank MASPION'),
('78',  5,  '159',  'Bank HAGA KITA'),
('79',  5,  '161',  'Bank GANESHA'),
('8', 5,  '016',  'Bank BII'),
('80',  5,  '162',  'Bank WINDU KENTJANA'),
('81',  5,  '166',  'Bank HARMONI INTERNATIONAL'),
('82',  5,  '167',  'Bank KESAWAN'),
('83',  1,  '200',  'Bank BTN'),
('84',  5,  '213',  'Bank BTPN'),
('85',  5,  '405',  'Bank SWAGUNA'),
('86',  2,  '422',  'Bank BRI SYARIAH'),
('87',  5,  '426',  'Bank MEGA'),
('88',  5,  '427',  'Bank JASA JAKARTA'),
('89',  5,  '441',  'Bank BUKOPIN'),
('9', 5,  '019',  'Bank PANIN'),
('90',  2,  '451',  'Bank SYARIAH MANDIRI'),
('91',  5,  '459',  'Bank BISNIS INTERNASIONAL'),
('92',  5,  '466',  'Bank SRI PARTHA'),
('93',  5,  '472',  'Bank JASA JAKARTA'),
('94',  5,  '484',  'Bank BINTANG MANUNGGAL'),
('95',  5,  '485',  'Bank BUMI PUTERA'),
('96',  5,  '490',  'Bank YUDHA BHAKTI'),
('97',  5,  '491',  'Bank MITRANIAGA'),
('98',  5,  '494',  'Bank AGRO NIAGA'),
('99',  5,  '498',  'Bank INDOMONEX');

DROP TABLE IF EXISTS `m_client_partner`;
CREATE TABLE `m_client_partner` (
  `id` varchar(36) NOT NULL,
  `akta_perusahaan` varchar(250) DEFAULT NULL,
  `aktif` bit(1) DEFAULT NULL,
  `alamat_lengkap` varchar(150) DEFAULT NULL,
  `alamat_website` varchar(200) DEFAULT NULL,
  `block` bit(1) DEFAULT NULL,
  `cabang_bank` varchar(50) DEFAULT NULL,
  `cust_code_production` varchar(50) DEFAULT NULL,
  `cust_code_sandbox` varchar(50) DEFAULT NULL,
  `email` varchar(50) DEFAULT NULL,
  `id_fusion_production` varchar(255) DEFAULT NULL,
  `id_fusion_sandbox` varchar(255) DEFAULT NULL,
  `jenis_usaha` varchar(50) DEFAULT NULL,
  `kode_pos` varchar(10) DEFAULT NULL,
  `kode_referensi` varchar(100) DEFAULT NULL,
  `kunci_akses_production` varchar(255) DEFAULT NULL,
  `kunci_akses_sandbox` varchar(255) DEFAULT NULL,
  `nama_lengkap` varchar(100) DEFAULT NULL,
  `nama_pemilik_rekening` varchar(50) DEFAULT NULL,
  `nama_toko` varchar(100) DEFAULT NULL,
  `nomor_surat_ijin_usaha` varchar(255) DEFAULT NULL,
  `nomor_identitas` varchar(50) DEFAULT NULL,
  `nomor_rekening` varchar(255) DEFAULT NULL,
  `nomor_surat_kuasa` varchar(100) DEFAULT NULL,
  `nomor_telepon` varchar(20) DEFAULT NULL,
  `notifikasi_pembayaran_api_production` varchar(255) DEFAULT NULL,
  `notifikasi_pembayaran_api_sandbox` varchar(255) DEFAULT NULL,
  `notifikasi_production_basic_auth` bit(1) DEFAULT NULL,
  `notifikasi_production_password` varchar(255) DEFAULT NULL,
  `notifikasi_production_username` varchar(255) DEFAULT NULL,
  `notifikasi_sandbox_basic_auth` bit(1) DEFAULT NULL,
  `notifikasi_sandbox_password` varchar(255) DEFAULT NULL,
  `notifikasi_sandbox_username` varchar(255) DEFAULT NULL,
  `nomor_npwp` varchar(100) DEFAULT NULL,
  `redirect_api_production` varchar(255) DEFAULT NULL,
  `redirect_api_sandbox` varchar(255) DEFAULT NULL,
  `sk_menteri_kehakiman` varchar(100) DEFAULT NULL,
  `status_merchant` varchar(15) NOT NULL,
  `surat_kuasa` bit(1) DEFAULT NULL,
  `temp_password` varchar(255) DEFAULT NULL,
  `tipe_identitas` varchar(20) DEFAULT NULL,
  `tipe_merchant` varchar(100) DEFAULT NULL,
  `tipe_surat_ijin_usaha` varchar(50) DEFAULT NULL,
  `undangan_kode_referral` varchar(100) DEFAULT NULL,
  `id_bank` varchar(36) DEFAULT NULL,
  `id_kota` varchar(36) DEFAULT NULL,
  `id_profil_komisi` varchar(36) DEFAULT NULL,
  `id_profil_tarif` varchar(36) DEFAULT NULL,
  `id_profil_limit` varchar(36) DEFAULT NULL,
  `id_provinsi` varchar(36) DEFAULT NULL,
  `merchant_indihome` bit(1) DEFAULT NULL,
  PRIMARY KEY (`id`),
  UNIQUE KEY `UK_ko0a5w2364hgdse0n28u5lm8j` (`cust_code_production`),
  UNIQUE KEY `UK_j02dvecwxmkia15kmf5lpgeu9` (`cust_code_sandbox`),
  UNIQUE KEY `UK_9q4lbybtkdj4orpyrbk1p4jjy` (`email`),
  UNIQUE KEY `UK_jw1q83h7wu8rei9upshhrjad9` (`id_fusion_production`),
  UNIQUE KEY `UK_3u33fcdhal9l9jbqr1fe3c50f` (`id_fusion_sandbox`),
  KEY `idx_client_custcode_sandbox` (`cust_code_sandbox`),
  KEY `idx_client_custcode_production` (`cust_code_production`),
  KEY `idx_client_idFusion_production` (`id_fusion_production`),
  KEY `idx_client_idFusion_sandbox` (`id_fusion_sandbox`),
  KEY `FKshdgm1lngf3s5wav5n2dqol3l` (`id_bank`),
  KEY `FKju953xx2wn5uqq4fa8frcjd8n` (`id_kota`),
  KEY `FKeokk2pme0ilhs2oqm9uq7p0pg` (`id_profil_komisi`),
  KEY `FKm4kbxsqoahmigi5u9f1drkuad` (`id_profil_tarif`),
  KEY `FKg9ohi56mt3j3h74bs7n8r6t62` (`id_profil_limit`),
  KEY `FK1ex9aonmm4666v2d079x46a0d` (`id_provinsi`),
  CONSTRAINT `FK1ex9aonmm4666v2d079x46a0d` FOREIGN KEY (`id_provinsi`) REFERENCES `m_provinsi` (`id`),
  CONSTRAINT `FKeokk2pme0ilhs2oqm9uq7p0pg` FOREIGN KEY (`id_profil_komisi`) REFERENCES `profil_komisi` (`id`),
  CONSTRAINT `FKg9ohi56mt3j3h74bs7n8r6t62` FOREIGN KEY (`id_profil_limit`) REFERENCES `profile_limit` (`id`),
  CONSTRAINT `FKju953xx2wn5uqq4fa8frcjd8n` FOREIGN KEY (`id_kota`) REFERENCES `m_kota` (`id`),
  CONSTRAINT `FKm4kbxsqoahmigi5u9f1drkuad` FOREIGN KEY (`id_profil_tarif`) REFERENCES `profil_tarif` (`id`),
  CONSTRAINT `FKshdgm1lngf3s5wav5n2dqol3l` FOREIGN KEY (`id_bank`) REFERENCES `m_bank` (`id`)
) ENGINE=InnoDB DEFAULT CHARSET=latin1;

INSERT INTO `m_client_partner` (`id`, `akta_perusahaan`, `aktif`, `alamat_lengkap`, `alamat_website`, `block`, `cabang_bank`, `cust_code_production`, `cust_code_sandbox`, `email`, `id_fusion_production`, `id_fusion_sandbox`, `jenis_usaha`, `kode_pos`, `kode_referensi`, `kunci_akses_production`, `kunci_akses_sandbox`, `nama_lengkap`, `nama_pemilik_rekening`, `nama_toko`, `nomor_surat_ijin_usaha`, `nomor_identitas`, `nomor_rekening`, `nomor_surat_kuasa`, `nomor_telepon`, `notifikasi_pembayaran_api_production`, `notifikasi_pembayaran_api_sandbox`, `notifikasi_production_basic_auth`, `notifikasi_production_password`, `notifikasi_production_username`, `notifikasi_sandbox_basic_auth`, `notifikasi_sandbox_password`, `notifikasi_sandbox_username`, `nomor_npwp`, `redirect_api_production`, `redirect_api_sandbox`, `sk_menteri_kehakiman`, `status_merchant`, `surat_kuasa`, `temp_password`, `tipe_identitas`, `tipe_merchant`, `tipe_surat_ijin_usaha`, `undangan_kode_referral`, `id_bank`, `id_kota`, `id_profil_komisi`, `id_profil_tarif`, `id_profil_limit`, `id_provinsi`, `merchant_indihome`) VALUES
('01e2afa7-477f-462e-914d-b35f59a21bb5',  '', CONV('1', 2, 10) + 0, '---',  'https://myindihome.co.id', CONV('0', 2, 10) + 0, 'jkjkjkj',  '195102291561', '195100004642', 'ekolapaks2@yopmail.com', '+6219562171862', '+6219560151150', 'FOOD_AND_BEVERAGES', '10110',  '195100004642-xsdinl2w',  'af872153b3524bf692429520634a7297', 'bd90400580e1455381c78114e8768d56', 'myIndihome', 'jkjkkjkj', 'myIndihome', 'lklk09', '0090909090909090909090909',  '98989',  '', '081321890949', 'http://10.60.170.75:9123/rest/telkom/bie/payment/tmoney/mpg/restwss/notifPostpaidBill',  'http://128.199.237.33/notif/notif.php',  CONV('0', 2, 10) + 0, 'p7d2kLX4b4NF58VM84vW', 'myindihome', CONV('0', 2, 10) + 0, NULL, NULL, '09090909090900', 'https://indihome.co.id/myindihome',  'http://telkom.co.id',  '', 'LIVE', CONV('0', 2, 10) + 0, 'Og44jV+QQAeXKLOEjueOSQ==', 'KTP',  'PERSEORANGAN', 'SIUP', NULL, '3',  '222',  '33f2bd37-f491-45d4-98be-f712312c6eb4', '4d40799c-3619-480d-a6fb-c5941458008d', '1',  '14', CONV('1', 2, 10) + 0),
('0383bb62-ad96-418b-82a3-07771e815806',  NULL, CONV('1', 2, 10) + 0, 'onfeety',  '', CONV('1', 2, 10) + 0, '', NULL, '195100004507', 'dummy.03@yopmail.com', NULL, '+6219564851291', NULL, NULL, NULL, NULL, 'f33be42d950548e9a91839f2443c84dc', 'dummy 03', '', 'dummy 03', NULL, '325325235325', '', NULL, '0303303',  '', '', CONV('0', 2, 10) + 0, NULL, NULL, CONV('0', 2, 10) + 0, NULL, NULL, '242352235243', '', '', NULL, 'REGISTRASI', CONV('0', 2, 10) + 0, 'HpGnZ6beZMDmCI2zfsjIPQ==', NULL, 'PERSEORANGAN', NULL, NULL, NULL, NULL, '1',  '1',  '1',  NULL, CONV('0', 2, 10) + 0),
('065636c9-1738-4209-9e6e-0b88197773a0',  NULL, CONV('1', 2, 10) + 0, NULL, NULL, CONV('0', 2, 10) + 0, NULL, NULL, '195100004506', 'patrialapak@yopmail.com',  NULL, '+6219568074122', NULL, NULL, NULL, NULL, '26a53fc71ae64c5983dc1d1a68b12480', 'Patria', NULL, 'Patria Lapak', NULL, NULL, NULL, NULL, '081219931223', NULL, NULL, CONV('0', 2, 10) + 0, NULL, NULL, CONV('0', 2, 10) + 0, NULL, NULL, NULL, NULL, NULL, NULL, 'REGISTRASI', CONV('0', 2, 10) + 0, '5iA7uKoWzKkm8seREcr69A==', NULL, NULL, NULL, NULL, NULL, NULL, '1',  '1',  '1',  NULL, CONV('0', 2, 10) + 0),
('0d39ea4c-e64c-4410-8366-186c4a23e8c0',  NULL, CONV('1', 2, 10) + 0, NULL, NULL, CONV('0', 2, 10) + 0, NULL, NULL, '195100004505', 'tokopatria@yopmail.com', NULL, '+6219566172430', NULL, NULL, NULL, NULL, '6bd6f390889a48c1ac10985060e8ea3f', 'Patria', NULL, 'Toko Patria',  NULL, NULL, NULL, NULL, '08739793908',  NULL, NULL, CONV('0', 2, 10) + 0, NULL, NULL, CONV('0', 2, 10) + 0, NULL, NULL, NULL, NULL, NULL, NULL, 'REGISTRASI', CONV('0', 2, 10) + 0, '5iA7uKoWzKkm8seREcr69A==', NULL, NULL, NULL, NULL, NULL, NULL, '1',  '1',  '1',  NULL, CONV('0', 2, 10) + 0),
('350d5062-3ab4-40cb-92f4-2ae340b1d6b1',  NULL, CONV('1', 2, 10) + 0, NULL, NULL, CONV('0', 2, 10) + 0, NULL, NULL, '195100004624', 'domo@yopmail.com', NULL, '+6219562354457', NULL, NULL, NULL, NULL, '16937459d0264790bca95c669be79234', 'domo', NULL, 'NNNN', NULL, NULL, NULL, NULL, '01234567', NULL, NULL, CONV('0', 2, 10) + 0, NULL, NULL, CONV('0', 2, 10) + 0, NULL, NULL, NULL, NULL, NULL, NULL, 'REGISTRASI', CONV('0', 2, 10) + 0, 'aH0OsR9bAW1sJrUOWGAwHg==', NULL, NULL, NULL, '195100004610-IFN76B7Z',  NULL, NULL, '1',  '1',  '1',  NULL, CONV('0', 2, 10) + 0),
('3be8040f-2cb9-4550-9357-9906af112fe4',  '', CONV('1', 2, 10) + 0, 'Kalimalang', 'https://www.tokopedia.com/', CONV('0', 2, 10) + 0, 'Kalimalang', '195102236053', '195100004611', 'dadang20@yopmail.com', '+6219561071361', '+6219563097251', 'FOOD_AND_BEVERAGES', '13620',  '195100004611-uy5j8kd2',  '70a9bd7fc406418cbed50a944d6ebac7', 'c9cd869d15d74203b1a0ba7b4969330b', 'dadang iswanto', 'dadang iswanto', 'onfeety',  '4324324324', '324234324324', '324324234234', '', '081322077599', NULL, NULL, CONV('0', 2, 10) + 0, NULL, NULL, CONV('0', 2, 10) + 0, NULL, NULL, '4324324324', NULL, NULL, '', 'LIVE', CONV('0', 2, 10) + 0, 'cnXIHCBEPGiNTM+ReMCEHw==', 'KTP',  'PERSEORANGAN', 'SIUP', NULL, '7',  '183',  '1',  '1',  '1',  '12', CONV('0', 2, 10) + 0),
('3d1a95b8-0893-417c-a215-fd1bf134be9f',  '', CONV('1', 2, 10) + 0, 'Palayu Raya ', 'http://dickypedia.blogspot.com', CONV('0', 2, 10) + 0, 'Bogor',  NULL, '195100004766', 'dickygeraldi@gmail.com', NULL, '+6219561695874', 'FOOD_AND_BEVERAGES', '16151',  '195100004766-ys69sgfy',  NULL, 'fccd375211cf4ca19b9c5cadd6deaaf0', 'Dicky ', 'Wiki', 'Karaos', '-',  '3211102609970001', '0763214',  '', '08976256622',  NULL, NULL, CONV('0', 2, 10) + 0, NULL, NULL, CONV('0', 2, 10) + 0, NULL, NULL, '260932131421', NULL, NULL, '', 'SIT',  CONV('0', 2, 10) + 0, 'XnLNU00ggXtR2MgxLXEjyg==', 'KTP',  'PERSEORANGAN', 'TIDAK_ADA',  'AKULAKU',  '4',  '189',  '1',  '1',  '1',  '13', CONV('0', 2, 10) + 0),
('4f57f911-0b53-4e56-be64-c5f0499f17f3',  '', CONV('1', 2, 10) + 0, 'Jl. Pangkalan Jati 2, Jatiwaringin', 'http://www.example.com', CONV('0', 2, 10) + 0, 'jakarta',  '195102293576', '195100004645', 'anggi.riyandi@yopmail.com',  '+6219560981486', '+6219562846100', 'OTHERS', '13620',  '195100004645-lt0r6525',  '41ffdf2f974c428393d747d84a82bdaf', '83d43022c92744899cf5e161aa825241', 'Anggi Riyandi',  'anggi riyandi',  'Toko Anggi', '0987890-09890',  '098767890988909',  '09890989009',  '', '087782865666', 'https://webhook.site/d9edbd0b-1742-45b9-a723-1d000f4395f5',  'https://webhook.site/5e952a96-13d0-4445-acea-cf0da74eebb0',  CONV('0', 2, 10) + 0, NULL, NULL, CONV('0', 2, 10) + 0, NULL, NULL, '0989098909890',  'http://example.com/',  'http://example.com/',  '', 'LIVE', CONV('0', 2, 10) + 0, 'rGD9dOukMbrtIAqvz+CTkg==', 'KTP',  'PERSEORANGAN', 'SIUP', NULL, '11', '183',  '1',  '1',  '1',  '12', CONV('1', 2, 10) + 0),
('56b92a6e-05bc-4477-b265-2d58985781c1',  NULL, CONV('1', 2, 10) + 0, NULL, NULL, CONV('0', 2, 10) + 0, NULL, NULL, '195100004509', 'dummy.05@yopmail.com', NULL, '+6219564621042', NULL, NULL, NULL, NULL, '8d3cbed3a83b4c96b75bc4f2a9a01dae', 'dummy 05', NULL, 'toko 05',  NULL, NULL, NULL, NULL, '05050505', NULL, NULL, CONV('0', 2, 10) + 0, NULL, NULL, CONV('0', 2, 10) + 0, NULL, NULL, NULL, NULL, NULL, NULL, 'REGISTRASI', CONV('0', 2, 10) + 0, 'HpGnZ6beZMDmCI2zfsjIPQ==', NULL, NULL, NULL, NULL, NULL, NULL, '1',  '1',  '1',  NULL, CONV('0', 2, 10) + 0),
('5781de9a-5a74-4a36-8aa1-d37701340960',  NULL, CONV('1', 2, 10) + 0, NULL, NULL, CONV('0', 2, 10) + 0, NULL, NULL, '195100004807', 'peruridigital@gmail.com',  NULL, '+6219565971273', NULL, NULL, '195100004807-q287405m',  NULL, '8dee1653b5dc4fe09b0ff3e09326982b', 'Perum Peruri', NULL, 'Peruri Digital', NULL, NULL, NULL, NULL, '0217395000', NULL, NULL, CONV('0', 2, 10) + 0, NULL, NULL, CONV('0', 2, 10) + 0, NULL, NULL, NULL, NULL, NULL, NULL, 'REGISTRASI', CONV('0', 2, 10) + 0, 'dR0pe6gYJrAmc0ko4Xc/qQ==', NULL, NULL, NULL, NULL, NULL, NULL, '1',  '1',  '1',  NULL, CONV('0', 2, 10) + 0),
('7be19ac2-7e83-47a2-b16b-9c0c837d1b3a',  '', CONV('1', 2, 10) + 0, 'Jln Kebon Pala 2', 'http://artivisi.com',  CONV('0', 2, 10) + 0, 'Bekasi', '195102182755', '195100004508', 'dummy.04@yopmail.com', '+6219560196319', '+6219565681388', 'FOOD_AND_BEVERAGES', '13620',  '195100004508-t74ddamm',  '399b9bfbdca949929cad6330a9eab5c6', 'ee5fd2bccbfb4980881c4019da0d2b01', 'dummy 04', 'Muhammad Patria',  'toko 04',  '214124124124', '635234121422412',  '90010112958',  '', '04040404', NULL, 'http://example.com/',  CONV('0', 2, 10) + 0, NULL, NULL, CONV('0', 2, 10) + 0, NULL, NULL, '214124214121', NULL, 'http://example.com/',  '', 'UAT',  CONV('0', 2, 10) + 0, 'HpGnZ6beZMDmCI2zfsjIPQ==', 'KTP',  'PERSEORANGAN', 'SIUP', NULL, '3',  '183',  '1',  '1',  '1',  '12', CONV('0', 2, 10) + 0),
('861ecf7e-c276-409d-8eff-2bdcb530952b',  '', CONV('1', 2, 10) + 0, 'alamat', 'http:/test.com', CONV('0', 2, 10) + 0, 'cabang', NULL, '195100004646', 'mpg.1@yopmail.com',  NULL, '+6219563915721', 'HEALTH', '123456', '195100004646-py6brzj2',  NULL, '54c7d6e6da23479e85115a39bc7b62ba', 'toko dummy', 'dummy',  'toko tokoan',  '012354687',  '0123456789', '0123456789', '', '0846518',  NULL, NULL, CONV('0', 2, 10) + 0, NULL, NULL, CONV('0', 2, 10) + 0, NULL, NULL, '1684135',  NULL, NULL, '', 'SIT',  CONV('0', 2, 10) + 0, 'HpGnZ6beZMDmCI2zfsjIPQ==', 'KTP',  'PERSEORANGAN', 'SIUP', NULL, '7',  '183',  '1',  '1',  '1',  '12', CONV('0', 2, 10) + 0),
('90311536-1949-4523-9350-b8885f20344f',  '', CONV('1', 2, 10) + 0, 'Jalan Pangkalan Jati IX',  'https://www.traveloka.com/en/?id=15663619577856492822&adloc=id-id&pc=2&kw=15663619577856492822_traveloka&gmt=e&gn=g&gd=c&gdm=&gcid=265519978019&gdp=&gdt=&gap=1t1&cp=15663619577856492822_TB-COM-D-s_156', CONV('0', 2, 10) + 0, 'Jakarta Timur',  '195102256089', '195100004610', 'dian@yopmail.com', '+6219565707952', '+6219560942844', 'TRAVEL_AND_HOTEL', '19260',  '195100004610-ifn76b7z',  '7999f60d39f54c1ab7ac868845d385ce', 'cd7c3291b15f4d77991034bf09ed8a74', 'Dian', 'Dian', 'Abadi Sejahtera',  '001122', '112233445566', '1122334455', '', '02122334455',  'https://www.traveloka.com/en-id/retrieve/flight',  'https://www.traveloka.com/en-id/promotion',  CONV('0', 2, 10) + 0, NULL, NULL, CONV('0', 2, 10) + 0, NULL, NULL, '123456', 'https://www.traveloka.com/en-id/', 'https://www.traveloka.com/en-id/', '', 'LIVE', CONV('0', 2, 10) + 0, '1Zx0ZsOkaPNGxBIpjVUREQ==', 'KTP',  'PERSEORANGAN', 'SIUP', NULL, '3',  '183',  '1',  '1',  '1',  '12', CONV('0', 2, 10) + 0),
('9731080f-5b58-4551-b59a-e9155acdfe05',  '', CONV('1', 2, 10) + 0, 'Lapak Baru', 'http://patria.id', CONV('0', 2, 10) + 0, 'Jakarta Pusat',  '195102156422', '195100004515', 'patrialapaks@yopmail.com', '+6219566972175', '+6219564927602', 'FOOD_AND_BEVERAGES', '10110',  '195100004515-d1z2xiyi',  '3284330894df4e388205fba827ecac95', '0bac9ae245d148229146297dd52d1068', 'Muh Patria', 'Muhammad Patria',  'PatriaLapaks', '45678765678',  '12345678765',  '90010112958',  '', '08128473979',  'http://patria.id', 'http://patria.id', CONV('0', 2, 10) + 0, NULL, NULL, CONV('0', 2, 10) + 0, NULL, NULL, '87656789678',  'http://patria.id', 'http://patria.id', '', 'LIVE', CONV('0', 2, 10) + 0, '5iA7uKoWzKkm8seREcr69A==', 'KTP',  'PERSEORANGAN', 'SIUP', NULL, '84', '179',  '1',  '1',  '1',  '12', CONV('0', 2, 10) + 0),
('9e1949ef-9e87-4464-96b0-199caa914cfa',  '23423',  CONV('1', 2, 10) + 0, 'alamat', 'http:/testing.com',  CONV('0', 2, 10) + 0, 'cabang', '195102236155', '195100004614', 'iqbalpandoyo@yopmail.com', '+6219561827099', '+6219560725620', 'GADGET_AND_ELECTRONIC',  '0343', '195100004614-9895l9nt',  '8cc28e13c0b54b64b71e142561cc4513', 'dc934aa7a2b049b79e25a6d6b6f12e66', 'Iqbal Pandoyo',  'iqbal',  'Rainbow Store Six',  '3242342',  '123123123',  '234123345',  '2323f23f23f',  '904834923',  'http:/test.com', 'http:/test.com', CONV('0', 2, 10) + 0, NULL, NULL, CONV('0', 2, 10) + 0, NULL, NULL, '12313',  'http:/test.com', 'http:/test.com', '41234123', 'LIVE', CONV('1', 2, 10) + 0, 'HpGnZ6beZMDmCI2zfsjIPQ==', 'KTP',  'BADAN_USAHA',  'SIUP', NULL, '7',  '183',  '1',  '1',  '1',  '12', CONV('0', 2, 10) + 0),
('9f2f46c3-2fd2-4c84-b17b-1f8187dd4af8',  NULL, CONV('1', 2, 10) + 0, NULL, NULL, CONV('0', 2, 10) + 0, NULL, NULL, '195100004613', 'diian@yopmail.com',  NULL, '+6219562347802', NULL, NULL, '195100004613-uwtp38hg',  NULL, 'c0b89aa87e764fbcb01454f128baf755', 'diian',  NULL, 'company.lte',  NULL, NULL, NULL, NULL, '08122334455',  NULL, NULL, CONV('0', 2, 10) + 0, NULL, NULL, CONV('0', 2, 10) + 0, NULL, NULL, NULL, NULL, NULL, NULL, 'REGISTRASI', CONV('0', 2, 10) + 0, 'qvVr80NwDKLf3V/FTLq/Nw==', NULL, NULL, NULL, '123',  NULL, NULL, '1',  '1',  '1',  NULL, CONV('0', 2, 10) + 0),
('9f42eeb4-d764-43f4-ac1f-208ffd4f1e3e',  '', CONV('1', 2, 10) + 0, 'alamat', 'http:test.com',  CONV('0', 2, 10) + 0, 'cabanb', '195102165488', '195100004534', 'dummy.06@yopmail.com', '+6219560253982', '+6219568068498', 'HEALTH', '321',  '195100004534-k7pczhol',  'c5c10a51e2c1452ebbb9e4f763c8be41', '8805d71b2e764610803536b7c3b11f8e', 'dummy 06', 'udin', 'toko dummy 6', '321123', '4234123',  '761089174400', '', '060606006',  'http:test.com',  'http:test.com',  CONV('0', 2, 10) + 0, NULL, NULL, CONV('0', 2, 10) + 0, NULL, NULL, '123213', 'http:test.com',  'http:test.com',  '', 'LIVE', CONV('0', 2, 10) + 0, 'HpGnZ6beZMDmCI2zfsjIPQ==', 'KTP',  'PERSEORANGAN', 'SIUP', NULL, '11', '183',  '1',  '1',  '1',  '12', CONV('0', 2, 10) + 0),
('c4ff83f5-d81e-4a10-bef5-aa0a8a90f199',  '', CONV('1', 2, 10) + 0, 'Jln Kebon Pala 2', 'http://artivisi.com',  CONV('0', 2, 10) + 0, 'Bekasi', NULL, '195100004690', 'vaansaa012@yopmail.com', NULL, '+6219561637079', 'FOOD_AND_BEVERAGES', '13620',  '195100004690-om1ubey5',  NULL, 'cf1068b94b964f3d9bee25d8e8c201a3', 'Ivans Ardiansyah', 'abdul',  'Toko Artivisi Intermedia', '123123', '1111', '111111', '', '0829327589', NULL, 'http://localhost:5000',  CONV('0', 2, 10) + 0, NULL, NULL, CONV('0', 2, 10) + 0, NULL, NULL, '23213',  NULL, 'http://example.com/',  '', 'SIT',  CONV('0', 2, 10) + 0, 'HpGnZ6beZMDmCI2zfsjIPQ==', 'KTP',  'PERSEORANGAN', 'SIUP', NULL, '1',  '183',  '1',  '1',  '1',  '12', CONV('0', 2, 10) + 0),
('f180c2a6-e06e-4c8c-971a-04982a590d78',  NULL, CONV('1', 2, 10) + 0, NULL, NULL, CONV('1', 2, 10) + 0, NULL, NULL, '195100004609', 'james@yopmail.com',  NULL, '+6219561645456', NULL, NULL, NULL, NULL, 'f81c5566bfec48e7b59ff99b52f66676', 'James',  NULL, 'Sejahtera Abadi',  NULL, NULL, NULL, NULL, '02133445566',  NULL, NULL, CONV('0', 2, 10) + 0, NULL, NULL, CONV('0', 2, 10) + 0, NULL, NULL, NULL, NULL, NULL, NULL, 'REGISTRASI', CONV('0', 2, 10) + 0, 'kLoQ9ZmEJDjmLd27MniCSw==', NULL, NULL, NULL, '123',  NULL, NULL, '1',  '1',  '1',  NULL, CONV('0', 2, 10) + 0);

DROP TABLE IF EXISTS `m_client_partner_aud`;
CREATE TABLE `m_client_partner_aud` (
  `id` varchar(36) NOT NULL,
  `rev` int(11) NOT NULL,
  `revtype` tinyint(4) DEFAULT NULL,
  `akta_perusahaan` varchar(250) DEFAULT NULL,
  `aktif` bit(1) DEFAULT NULL,
  `alamat_lengkap` varchar(150) DEFAULT NULL,
  `alamat_website` varchar(200) DEFAULT NULL,
  `block` bit(1) DEFAULT NULL,
  `cabang_bank` varchar(50) DEFAULT NULL,
  `cust_code_production` varchar(50) DEFAULT NULL,
  `cust_code_sandbox` varchar(50) DEFAULT NULL,
  `email` varchar(50) DEFAULT NULL,
  `id_fusion_production` varchar(255) DEFAULT NULL,
  `id_fusion_sandbox` varchar(255) DEFAULT NULL,
  `jenis_usaha` varchar(50) DEFAULT NULL,
  `kode_pos` varchar(10) DEFAULT NULL,
  `kode_referensi` varchar(100) DEFAULT NULL,
  `kunci_akses_production` varchar(255) DEFAULT NULL,
  `kunci_akses_sandbox` varchar(255) DEFAULT NULL,
  `nama_lengkap` varchar(100) DEFAULT NULL,
  `nama_pemilik_rekening` varchar(50) DEFAULT NULL,
  `nama_toko` varchar(100) DEFAULT NULL,
  `nomor_surat_ijin_usaha` varchar(255) DEFAULT NULL,
  `nomor_identitas` varchar(50) DEFAULT NULL,
  `nomor_rekening` varchar(255) DEFAULT NULL,
  `nomor_surat_kuasa` varchar(100) DEFAULT NULL,
  `nomor_telepon` varchar(20) DEFAULT NULL,
  `notifikasi_pembayaran_api_production` varchar(255) DEFAULT NULL,
  `notifikasi_pembayaran_api_sandbox` varchar(255) DEFAULT NULL,
  `notifikasi_production_basic_auth` bit(1) DEFAULT NULL,
  `notifikasi_production_password` varchar(255) DEFAULT NULL,
  `notifikasi_production_username` varchar(255) DEFAULT NULL,
  `notifikasi_sandbox_basic_auth` bit(1) DEFAULT NULL,
  `notifikasi_sandbox_password` varchar(255) DEFAULT NULL,
  `notifikasi_sandbox_username` varchar(255) DEFAULT NULL,
  `nomor_npwp` varchar(100) DEFAULT NULL,
  `redirect_api_production` varchar(255) DEFAULT NULL,
  `redirect_api_sandbox` varchar(255) DEFAULT NULL,
  `sk_menteri_kehakiman` varchar(100) DEFAULT NULL,
  `status_merchant` varchar(15) DEFAULT NULL,
  `surat_kuasa` bit(1) DEFAULT NULL,
  `tipe_identitas` varchar(20) DEFAULT NULL,
  `tipe_merchant` varchar(100) DEFAULT NULL,
  `tipe_surat_ijin_usaha` varchar(50) DEFAULT NULL,
  `undangan_kode_referral` varchar(100) DEFAULT NULL,
  `id_bank` varchar(36) DEFAULT NULL,
  `id_kota` varchar(36) DEFAULT NULL,
  `id_profil_komisi` varchar(36) DEFAULT NULL,
  `id_profil_tarif` varchar(36) DEFAULT NULL,
  `id_profil_limit` varchar(36) DEFAULT NULL,
  `id_provinsi` varchar(36) DEFAULT NULL,
  `merchant_indihome` bit(1) DEFAULT NULL,
  PRIMARY KEY (`id`,`rev`),
  KEY `FKigmsocivpafkv91r5xiut3ws8` (`rev`),
  CONSTRAINT `FKigmsocivpafkv91r5xiut3ws8` FOREIGN KEY (`rev`) REFERENCES `user_rev_entity` (`id`)
) ENGINE=InnoDB DEFAULT CHARSET=latin1;

INSERT INTO `m_client_partner_aud` (`id`, `rev`, `revtype`, `akta_perusahaan`, `aktif`, `alamat_lengkap`, `alamat_website`, `block`, `cabang_bank`, `cust_code_production`, `cust_code_sandbox`, `email`, `id_fusion_production`, `id_fusion_sandbox`, `jenis_usaha`, `kode_pos`, `kode_referensi`, `kunci_akses_production`, `kunci_akses_sandbox`, `nama_lengkap`, `nama_pemilik_rekening`, `nama_toko`, `nomor_surat_ijin_usaha`, `nomor_identitas`, `nomor_rekening`, `nomor_surat_kuasa`, `nomor_telepon`, `notifikasi_pembayaran_api_production`, `notifikasi_pembayaran_api_sandbox`, `notifikasi_production_basic_auth`, `notifikasi_production_password`, `notifikasi_production_username`, `notifikasi_sandbox_basic_auth`, `notifikasi_sandbox_password`, `notifikasi_sandbox_username`, `nomor_npwp`, `redirect_api_production`, `redirect_api_sandbox`, `sk_menteri_kehakiman`, `status_merchant`, `surat_kuasa`, `tipe_identitas`, `tipe_merchant`, `tipe_surat_ijin_usaha`, `undangan_kode_referral`, `id_bank`, `id_kota`, `id_profil_komisi`, `id_profil_tarif`, `id_profil_limit`, `id_provinsi`, `merchant_indihome`) VALUES
('01e2afa7-477f-462e-914d-b35f59a21bb5',  248,  1,  '', CONV('1', 2, 10) + 0, '---',  'http://tmoney.co.id',  CONV('0', 2, 10) + 0, 'jkjkjkj',  '195102291561', '195100004642', 'ekolapaks2@yopmail.com', '+6219562171862', '+6219560151150', 'FOOD_AND_BEVERAGES', '10110',  '195100004642-xsdinl2w',  'af872153b3524bf692429520634a7297', 'bd90400580e1455381c78114e8768d56', 'Eko',  'jkjkkjkj', 'Eko',  'lklk09', '0090909090909090909090909',  '98989',  '', '081321890949', 'http://10.60.170.75:9123/rest/telkom/bie/payment/tmoney/mpg/restwss/notifPostpaidBill',  'http://128.199.237.33/notif/notif.php',  CONV('1', 2, 10) + 0, 'p7d2kLX4b4NF58VM84vW', 'myindihome', CONV('0', 2, 10) + 0, NULL, NULL, '09090909090900', 'https://indihome.co.id/myindihome',  'http://telkom.co.id',  '', 'LIVE', CONV('0', 2, 10) + 0, 'KTP',  'PERSEORANGAN', 'SIUP', NULL, '3',  '222',  '33f2bd37-f491-45d4-98be-f712312c6eb4', '4d40799c-3619-480d-a6fb-c5941458008d', '1',  '14', NULL),
('01e2afa7-477f-462e-914d-b35f59a21bb5',  250,  1,  '', CONV('1', 2, 10) + 0, '---',  'http://tmoney.co.id',  CONV('0', 2, 10) + 0, 'jkjkjkj',  '195102291561', '195100004642', 'ekolapaks2@yopmail.com', '+6219562171862', '+6219560151150', 'FOOD_AND_BEVERAGES', '10110',  '195100004642-xsdinl2w',  'af872153b3524bf692429520634a7297', 'bd90400580e1455381c78114e8768d56', 'Eko',  'jkjkkjkj', 'Eko',  'lklk09', '0090909090909090909090909',  '98989',  '', '081321890949', 'http://10.60.170.75:9123/rest/telkom/bie/payment/tmoney/mpg/restwss/notifPostpaidBill',  'http://128.199.237.33/notif/notif.php',  CONV('0', 2, 10) + 0, 'p7d2kLX4b4NF58VM84vW', 'myindihome', CONV('0', 2, 10) + 0, NULL, NULL, '09090909090900', 'https://indihome.co.id/myindihome',  'http://telkom.co.id',  '', 'LIVE', CONV('0', 2, 10) + 0, 'KTP',  'PERSEORANGAN', 'SIUP', NULL, '3',  '222',  '33f2bd37-f491-45d4-98be-f712312c6eb4', '4d40799c-3619-480d-a6fb-c5941458008d', '1',  '14', NULL),
('01e2afa7-477f-462e-914d-b35f59a21bb5',  253,  1,  '', CONV('1', 2, 10) + 0, '---',  'http://tmoney.co.id',  CONV('0', 2, 10) + 0, 'jkjkjkj',  '195102291561', '195100004642', 'ekolapaks2@yopmail.com', '+6219562171862', '+6219560151150', 'FOOD_AND_BEVERAGES', '10110',  '195100004642-xsdinl2w',  'af872153b3524bf692429520634a7297', 'bd90400580e1455381c78114e8768d56', 'Eko',  'jkjkkjkj', 'Eko',  'lklk09', '0090909090909090909090909',  '98989',  '', '081321890949', 'http://10.60.170.75:9123/rest/telkom/bie/payment/tmoney/mpg/restwss/notifPrepaid', 'http://128.199.237.33/notif/notif.php',  CONV('0', 2, 10) + 0, 'p7d2kLX4b4NF58VM84vW', 'myindihome', CONV('0', 2, 10) + 0, NULL, NULL, '09090909090900', 'https://indihome.co.id/myindihome',  'http://telkom.co.id',  '', 'LIVE', CONV('0', 2, 10) + 0, 'KTP',  'PERSEORANGAN', 'SIUP', NULL, '3',  '222',  '33f2bd37-f491-45d4-98be-f712312c6eb4', '4d40799c-3619-480d-a6fb-c5941458008d', '1',  '14', NULL),
('01e2afa7-477f-462e-914d-b35f59a21bb5',  254,  1,  '', CONV('1', 2, 10) + 0, '---',  'https://myindihome.co.id', CONV('0', 2, 10) + 0, 'jkjkjkj',  '195102291561', '195100004642', 'ekolapaks2@yopmail.com', '+6219562171862', '+6219560151150', 'FOOD_AND_BEVERAGES', '10110',  '195100004642-xsdinl2w',  'af872153b3524bf692429520634a7297', 'bd90400580e1455381c78114e8768d56', 'myIndihome', 'jkjkkjkj', 'myIndihome', 'lklk09', '0090909090909090909090909',  '98989',  '', '081321890949', 'http://10.60.170.75:9123/rest/telkom/bie/payment/tmoney/mpg/restwss/notifPostpaidBill',  'http://128.199.237.33/notif/notif.php',  CONV('0', 2, 10) + 0, 'p7d2kLX4b4NF58VM84vW', 'myindihome', CONV('0', 2, 10) + 0, NULL, NULL, '09090909090900', 'https://indihome.co.id/myindihome',  'http://telkom.co.id',  '', 'LIVE', CONV('0', 2, 10) + 0, 'KTP',  'PERSEORANGAN', 'SIUP', NULL, '3',  '222',  '33f2bd37-f491-45d4-98be-f712312c6eb4', '4d40799c-3619-480d-a6fb-c5941458008d', '1',  '14', NULL),
('01e2afa7-477f-462e-914d-b35f59a21bb5',  255,  1,  '', CONV('1', 2, 10) + 0, '---',  'https://myindihome.co.id', CONV('0', 2, 10) + 0, 'jkjkjkj',  '195102291561', '195100004642', 'ekolapaks2@yopmail.com', '+6219562171862', '+6219560151150', 'FOOD_AND_BEVERAGES', '10110',  '195100004642-xsdinl2w',  'af872153b3524bf692429520634a7297', 'bd90400580e1455381c78114e8768d56', 'myIndihome', 'jkjkkjkj', 'myIndihome', 'lklk09', '0090909090909090909090909',  '98989',  '', '081321890949', 'http://10.60.170.75:9123/rest/telkom/bie/payment/tmoney/mpg/restwss/notifPrepaid', 'http://128.199.237.33/notif/notif.php',  CONV('0', 2, 10) + 0, 'p7d2kLX4b4NF58VM84vW', 'myindihome', CONV('0', 2, 10) + 0, NULL, NULL, '09090909090900', 'https://indihome.co.id/myindihome',  'http://telkom.co.id',  '', 'LIVE', CONV('0', 2, 10) + 0, 'KTP',  'PERSEORANGAN', 'SIUP', NULL, '3',  '222',  '33f2bd37-f491-45d4-98be-f712312c6eb4', '4d40799c-3619-480d-a6fb-c5941458008d', '1',  '14', NULL),
('01e2afa7-477f-462e-914d-b35f59a21bb5',  256,  1,  '', CONV('1', 2, 10) + 0, '---',  'https://myindihome.co.id', CONV('0', 2, 10) + 0, 'jkjkjkj',  '195102291561', '195100004642', 'ekolapaks2@yopmail.com', '+6219562171862', '+6219560151150', 'FOOD_AND_BEVERAGES', '10110',  '195100004642-xsdinl2w',  'af872153b3524bf692429520634a7297', 'bd90400580e1455381c78114e8768d56', 'myIndihome', 'jkjkkjkj', 'myIndihome', 'lklk09', '0090909090909090909090909',  '98989',  '', '081321890949', 'http://10.60.170.75:9123/rest/telkom/bie/payment/tmoney/mpg/restwss/notifPostpaidBill',  'http://128.199.237.33/notif/notif.php',  CONV('0', 2, 10) + 0, 'p7d2kLX4b4NF58VM84vW', 'myindihome', CONV('0', 2, 10) + 0, NULL, NULL, '09090909090900', 'https://indihome.co.id/myindihome',  'http://telkom.co.id',  '', 'LIVE', CONV('0', 2, 10) + 0, 'KTP',  'PERSEORANGAN', 'SIUP', NULL, '3',  '222',  '33f2bd37-f491-45d4-98be-f712312c6eb4', '4d40799c-3619-480d-a6fb-c5941458008d', '1',  '14', NULL);

DROP TABLE IF EXISTS `m_kota`;
CREATE TABLE `m_kota` (
  `id` varchar(36) NOT NULL,
  `kode` varchar(255) NOT NULL,
  `nama` varchar(255) NOT NULL,
  `id_provinsi` varchar(36) NOT NULL,
  PRIMARY KEY (`id`),
  UNIQUE KEY `UK_eqeiq6hd8tlb1kwfdwu4eptha` (`kode`),
  KEY `FKrvlt6a7gqagp25t2hx6cnk8hr` (`id_provinsi`),
  CONSTRAINT `FKrvlt6a7gqagp25t2hx6cnk8hr` FOREIGN KEY (`id_provinsi`) REFERENCES `m_provinsi` (`id`)
) ENGINE=InnoDB DEFAULT CHARSET=latin1;

INSERT INTO `m_kota` (`id`, `kode`, `nama`, `id_provinsi`) VALUES
('1', '1',  'Kepala Daerah Provinsi NAD', '1'),
('10',  '10', 'Kab. Aceh Singkil     ', '1'),
('100', '100',  'Kab. Tebo  ',  '5'),
('1000',  '1000', 'Kab./Kota Lainnya',  '1000'),
('101', '101',  'Kab. Merangin   ', '5'),
('102', '102',  'Kab. Bungo', '5'),
('103', '103',  'Kota Jambi ',  '5'),
('104', '104',  'Kab./Kota Lainnya',  '5'),
('105', '105',  'Kepala Daerah Provinsi Sumatera Selatan',  '6'),
('106', '106',  'Kab. Musi Banyuasin ', '6'),
('107', '107',  'Kab. Ogan Komering Ulu ',  '6'),
('108', '108',  'Kab. Lematang Ilir Ogan Tengah Muara Enim ', '6'),
('109', '109',  'Kab. Lahat', '6'),
('11',  '11', 'Kab. Aceh Jeumpa', '1'),
('110', '110',  'Kab. Musi Rawas ', '6'),
('111', '111',  'Kab. Ogan Komering Ilir ', '6'),
('112', '112',  'Kab. Banyuasin', '6'),
('113', '113',  'Kab. Ogan Komeing Ulu Selatan',  '6'),
('114', '114',  'Kab. Ogan Komeing Ulu Timur',  '6'),
('115', '115',  'Kab. Ogan Ilir', '6'),
('116', '116',  'Kab. Empat Lawang',  '6'),
('117', '117',  'Kota Palembang ',  '6'),
('118', '118',  'Kota Lubuklinggau ', '6'),
('119', '119',  'Kota Prabumulih ', '6'),
('12',  '12', 'Kab. Aceh Tamiang',  '1'),
('120', '120',  'Kota Pagar Alam   ', '6'),
('121', '121',  'Kab./Kota Lainnya',  '6'),
('122', '122',  'Kepala Daerah Provinsi Bengkulu',  '7'),
('123', '123',  'Kab. Bengkulu Selatan',  '7'),
('124', '124',  'Kab. Bengkulu Utara ', '7'),
('125', '125',  'Kab. Rejang Lebong ',  '7'),
('126', '126',  'Kab. Lebong',  '7'),
('127', '127',  'Kab. Kepahiang', '7'),
('128', '128',  'Kab. Mukomuko',  '7'),
('129', '129',  'Kab. Seluma',  '7'),
('13',  '13', 'Kab. Gayo Luwes',  '1'),
('130', '130',  'Kab. Kaur',  '7'),
('131', '131',  'Kab. Bengkulu Tengah', '7'),
('132', '132',  'Kota Bengkulu ', '7'),
('133', '133',  'Kab./Kota Lainnya',  '7'),
('134', '134',  'Kepala Daerah Provinsi Lampung', '8'),
('135', '135',  'Kab. Lampung Selatan ',  '8'),
('136', '136',  'Kab. Lampung Tengah ', '8'),
('137', '137',  'Kab. Lampung Utara ',  '8'),
('138', '138',  'Kab. Lampung Barat ',  '8'),
('139', '139',  'Kab. Tulang Bawang ',  '8'),
('14',  '14', 'Kab. Aceh Barat Daya', '1'),
('140', '140',  'Kab. Tanggamus ',  '8'),
('141', '141',  'Kab.  Lampung Timur',  '8'),
('142', '142',  'Kab.  Way Kanan',  '8'),
('143', '143',  'Kab. Pesawaran', '8'),
('144', '144',  'Kab. Pringsewu', '8'),
('145', '145',  'Kab. Tulang Bawang Barat', '8'),
('146', '146',  'Kab. Mesuji',  '8'),
('147', '147',  'Kota Bandar Lampung ', '8'),
('148', '148',  'Kota  Metro ', '8'),
('149', '149',  'Kab./Kota Lainnya',  '8'),
('15',  '15', 'Kab. Aceh Jaya', '1'),
('150', '150',  'Kepala Daerah Provinsi Kep. Bangka Belitung',  '9'),
('151', '151',  'Kab. Bangka ', '9'),
('152', '152',  'Kab. Belitung',  '9'),
('153', '153',  'Kab. Bangka Barat',  '9'),
('154', '154',  'Kab. Bangka Selatan',  '9'),
('155', '155',  'Kab. Bangka Tengah', '9'),
('156', '156',  'Kab. Belitung Timur ', '9'),
('157', '157',  'Kota Pangkal Pinang ', '9'),
('158', '158',  'Kab./Kota Lainnya',  '9'),
('159', '159',  'Kepala Daerah Provinsi Kep. Riau', '10'),
('16',  '16', 'Kab. Nagan Raya',  '1'),
('160', '160',  'Kab. Karimun', '10'),
('161', '161',  'Kab. Lingga',  '10'),
('162', '162',  'Kab. Natuna',  '10'),
('163', '163',  'Kab. Bintan',  '10'),
('164', '164',  'Kab. Anambas', '10'),
('165', '165',  'Kota Tanjung Pinang ', '10'),
('166', '166',  'Kota Batam', '10'),
('167', '167',  'Kab./Kota Lainnya',  '10'),
('168', '168',  'Kepala Daerah Provinsi Banten',  '11'),
('169', '169',  'Kab. Lebak ',  '11'),
('17',  '17', 'Kab. Simeuleu',  '1'),
('170', '170',  'Kab. Pandeglang ', '11'),
('171', '171',  'Kab. Serang   ', '11'),
('172', '172',  'Kab. Tangerang ',  '11'),
('173', '173',  'Kota Cilegon', '11'),
('174', '174',  'Kota Tangerang ',  '11'),
('175', '175',  'Kota Serang',  '11'),
('176', '176',  'Kota Tangerang Selatan', '11'),
('177', '177',  'Kab./Kota Lainnya',  '11'),
('178', '178',  'Kepala Daerah DKI Jaya', '12'),
('179', '179',  'Wil. Kota Jakarta Pusat ', '12'),
('18',  '18', 'Kab. Bener Meriah',  '1'),
('180', '180',  'Wil. Kota Jakarta Utara ', '12'),
('181', '181',  'Wil. Kota Jakarta Barat ', '12'),
('182', '182',  'Wil. Kota Jakarta Selatan',  '12'),
('183', '183',  'Wil. Kota Jakarta Timur ', '12'),
('184', '184',  'Wil. Kepulauan Seribu',  '12'),
('185', '185',  'Kepala Daerah Provinsi Jawa Barat',  '13'),
('186', '186',  'Kab. Bekasi ', '13'),
('187', '187',  'Kab. Purwakarta ', '13'),
('188', '188',  'Kab. Karawang',  '13'),
('189', '189',  'Kab. Bogor ',  '13'),
('19',  '19', 'Kab. Pidie Jaya',  '1'),
('190', '190',  'Kab. Sukabumi ', '13'),
('191', '191',  'Kab. Cianjur ',  '13'),
('192', '192',  'Kab. Bandung ',  '13'),
('193', '193',  'Kab. Sumedang',  '13'),
('194', '194',  'Kab. Tasikmalaya', '13'),
('195', '195',  'Kab. Garut ',  '13'),
('196', '196',  'Kab. Ciamis ', '13'),
('197', '197',  'Kab. Cirebon ',  '13'),
('198', '198',  'Kab. Kuningan ', '13'),
('199', '199',  'Kab. Indramayu ',  '13'),
('2', '2',  'Kab. Aceh Besar ', '1'),
('20',  '20', 'Kab. Subulussalam',  '1'),
('200', '200',  'Kab. Majalengka ', '13'),
('201', '201',  'Kab. Subang ', '13'),
('202', '202',  'Kab. Bandung Barat', '13'),
('203', '203',  'Kota Bandung ',  '13'),
('204', '204',  'Kota Bogor ',  '13'),
('205', '205',  'Kota Sukabumi ', '13'),
('206', '206',  'Kota Cirebon ',  '13'),
('207', '207',  'Kota Tasikmalaya ',  '13'),
('208', '208',  'Kota Cimahi ', '13'),
('209', '209',  'Kota Depok ',  '13'),
('21',  '21', 'Kota Banda Aceh ', '1'),
('210', '210',  'Kota Bekasi ', '13'),
('211', '211',  'Kota Banjar',  '13'),
('212', '212',  'Kab./Kota Lainnya',  '13'),
('213', '213',  'Kepala Daerah Provinsi Jawa Tengah', '14'),
('214', '214',  'Kab. Semarang',  '14'),
('215', '215',  'Kab. Kendal ', '14'),
('216', '216',  'Kab. Demak ',  '14'),
('217', '217',  'Kab. Grobogan ', '14'),
('218', '218',  'Kab. Pekalongan ', '14'),
('219', '219',  'Kab. Tegal ',  '14'),
('22',  '22', 'Kota Sabang',  '1'),
('220', '220',  'Kab. Brebes ', '14'),
('221', '221',  'Kab. Pati ', '14'),
('222', '222',  'Kab. Kudus ',  '14'),
('223', '223',  'Kab. Pemalang ', '14'),
('224', '224',  'Kab. Jepara ', '14'),
('225', '225',  'Kab. Rembang ',  '14'),
('226', '226',  'Kab. Blora ',  '14'),
('227', '227',  'Kab. Banyumas ', '14'),
('228', '228',  'Kab. Cilacap ',  '14'),
('229', '229',  'Kab. Purbalingga ',  '14'),
('23',  '23', 'Kota Lhokseumawe ',  '1'),
('230', '230',  'Kab. Banjarnegara ', '14'),
('231', '231',  'Kab. Magelang ', '14'),
('232', '232',  'Kab. Temanggung ', '14'),
('233', '233',  'Kab. Wonosobo ', '14'),
('234', '234',  'Kab. Purworejo ',  '14'),
('235', '235',  'Kab. Kebumen ',  '14'),
('236', '236',  'Kab. Klaten ', '14'),
('237', '237',  'Kab. Boyolali ', '14'),
('238', '238',  'Kab. Sragen ', '14'),
('239', '239',  'Kab. Sukoharjo ',  '14'),
('24',  '24', 'Kota Langsa   ', '1'),
('240', '240',  'Kab. Karanganyar ',  '14'),
('241', '241',  'Kab. Wonogiri ', '14'),
('242', '242',  'Kab. Batang ', '14'),
('243', '243',  'Kota Semarang ', '14'),
('244', '244',  'Kota Salatiga ', '14'),
('245', '245',  'Kota Pekalongan ', '14'),
('246', '246',  'Kota Tegal ',  '14'),
('247', '247',  'Kota Magelang ', '14'),
('248', '248',  'Kota Surakarta/Solo ', '14'),
('249', '249',  'Kab./Kota Lainnya',  '14'),
('25',  '25', 'Kab./Kota Lainnya',  '1'),
('250', '250',  'Kepala Daerah D.I Yogyakarta', '15'),
('251', '251',  'Kab. Bantul',  '15'),
('252', '252',  'Kab. Sleman ', '15'),
('253', '253',  'Kab. Gunung Kidul ', '15'),
('254', '254',  'Kab. Kulon Progo ',  '15'),
('255', '255',  'Kota Yogyakarta',  '15'),
('256', '256',  'Kab./Kota Lainnya',  '15'),
('257', '257',  'Kepala Daerah Provinsi Jawa Timur',  '16'),
('258', '258',  'Kab. Gresik',  '16'),
('259', '259',  'Kab. Sidoarjo ', '16'),
('26',  '26', 'Kepala Daerah Provinsi Sumatera Utara',  '2'),
('260', '260',  'Kab. Mojokerto ',  '16'),
('261', '261',  'Kab. Jombang ',  '16'),
('262', '262',  'Kab. Sampang ',  '16'),
('263', '263',  'Kab. Pamekasan ',  '16'),
('264', '264',  'Kab. Sumenep ',  '16'),
('265', '265',  'Kab. Bangkalan ',  '16'),
('266', '266',  'Kab. Bondowoso ',  '16'),
('267', '267',  'Kab. Banyuwangi ', '16'),
('268', '268',  'Kab. Jember',  '16'),
('269', '269',  'Kab. Malang ', '16'),
('27',  '27', 'Kab. Deli Serdang ', '2'),
('270', '270',  'Kab. Pasuruan ', '16'),
('271', '271',  'Kab. Probolinggo ',  '16'),
('272', '272',  'Kab. Lumajang ', '16'),
('273', '273',  'Kab. Kediri ', '16'),
('274', '274',  'Kab. Nganjuk ',  '16'),
('275', '275',  'Kab. Tulungagung ',  '16'),
('276', '276',  'Kab. Trenggalek ', '16'),
('277', '277',  'Kab. Blitar ', '16'),
('278', '278',  'Kab. Madiun ', '16'),
('279', '279',  'Kab. Ngawi ',  '16'),
('28',  '28', 'Kab. Langkat ',  '2'),
('280', '280',  'Kab. Magetan ',  '16'),
('281', '281',  'Kab. Ponorogo ', '16'),
('282', '282',  'Kab. Pacitan ',  '16'),
('283', '283',  'Kab. Bojonegoro ', '16'),
('284', '284',  'Kab. Tuban ',  '16'),
('285', '285',  'Kab. Lamongan ', '16'),
('286', '286',  'Kab. Situbondo ',  '16'),
('287', '287',  'Kota Surabaya ', '16'),
('288', '288',  'Kota Mojokerto ',  '16'),
('289', '289',  'Kota Malang ', '16'),
('29',  '29', 'Kab.  Karo', '2'),
('290', '290',  'Kota Pasuruan ', '16'),
('291', '291',  'Kota Probolinggo ',  '16'),
('292', '292',  'Kota Blitar ', '16'),
('293', '293',  'Kota Kediri ', '16'),
('294', '294',  'Kota Madiun ', '16'),
('295', '295',  'Kota Batu',  '16'),
('296', '296',  'Kab./Kota Lainnya',  '16'),
('297', '297',  'Kepala Daerah Provinsi Kalimantan Barat',  '17'),
('298', '298',  'Kab. Pontianak ',  '17'),
('299', '299',  'Kab. Sambas ', '17'),
('3', '3',  'Kab. Pidie ',  '1'),
('30',  '30', 'Kab. Simalungun',  '2'),
('300', '300',  'Kab. Ketapang ', '17'),
('301', '301',  'Kab. Sanggau ',  '17'),
('302', '302',  'Kab. Sintang ',  '17'),
('303', '303',  'Kab. Kapuas Hulu ',  '17'),
('304', '304',  'Kab. Bengkayang    ',  '17'),
('305', '305',  'Kab. Landak   ', '17'),
('306', '306',  'Kab. Sekadau', '17'),
('307', '307',  'Kab. Melawi',  '17'),
('308', '308',  'Kab. Kayong Utara',  '17'),
('309', '309',  'Kab. Kubu Raya', '17'),
('31',  '31', 'Kab. Labuhan Batu ', '2'),
('310', '310',  'Kota Pontianak ',  '17'),
('311', '311',  'Kota Singkawang ', '17'),
('312', '312',  'Kab./Kota Lainnya',  '17'),
('313', '313',  'Kepala Daerah Provinsi Kalimantan Tengah', '18'),
('314', '314',  'Kab. Kapuas ', '18'),
('315', '315',  'Kab. Kotawaringin Barat ', '18'),
('316', '316',  'Kab. Kotawaringin Timur',  '18'),
('317', '317',  'Kab. Barito Selatan ', '18'),
('318', '318',  'Kab. Barito Utara',  '18'),
('319', '319',  'Kab. Murung Raya', '18'),
('32',  '32', 'Kab. Asahan ', '2'),
('320', '320',  'Kab. Barito Timur',  '18'),
('321', '321',  'Kab. Gunung Mas',  '18'),
('322', '322',  'Kab. Pulang Pisau',  '18'),
('323', '323',  'Kab. Seruyan', '18'),
('324', '324',  'Kab. Katingan',  '18'),
('325', '325',  'Kab. Sukamara',  '18'),
('326', '326',  'Kab. Lamandau',  '18'),
('327', '327',  'Kota Palangkaraya ', '18'),
('328', '328',  'Kab./Kota Lainnya',  '18'),
('329', '329',  'Kepala Daerah Provinsi Kalimantan Selatan',  '19'),
('33',  '33', 'Kab. Dairi ',  '2'),
('330', '330',  'Kab. Banjar ', '19'),
('331', '331',  'Kab. Tanah Laut ', '19'),
('332', '332',  'Kab. Tapin ',  '19'),
('333', '333',  'Kab. Hulu Sungai Selatan', '19'),
('334', '334',  'Kab. Hulu Sungai Tengah ', '19'),
('335', '335',  'Kab. Hulu Sungai Utara ',  '19'),
('336', '336',  'Kab. Barito Kuala ', '19'),
('337', '337',  'Kab. Kota Baru ',  '19'),
('338', '338',  'Kab. Tabalong',  '19'),
('339', '339',  'Kab.Tanah Bumbu',  '19'),
('34',  '34', 'Kab. Tapanuli Utara ', '2'),
('340', '340',  'Kab. Balangan',  '19'),
('341', '341',  'Kota Banjarmasin ',  '19'),
('342', '342',  'Kota Banjarbaru ', '19'),
('343', '343',  'Kab./Kota Lainnya',  '19'),
('344', '344',  'Kepala Daerah Provinsi Kalimantan Timur',  '20'),
('345', '345',  'Kab. Kutai Kartanegara', '20'),
('346', '346',  'Kab. Berau ',  '20'),
('347', '347',  'Kab. Pasir', '20'),
('348', '348',  'Kab. Bulungan ', '20'),
('349', '349',  'Kab. Kutai Barat   ',  '20'),
('35',  '35', 'Kab. Tapanuli Tengah ',  '2'),
('350', '350',  'Kab. Kutai Timur ',  '20'),
('351', '351',  'Kab. Nunukan', '20'),
('352', '352',  'Kab. Malinau', '20'),
('353', '353',  'Kab. Penajam Paser Utara', '20'),
('354', '354',  'Kab. Tana Tidung', '20'),
('355', '355',  'Kota Samarinda ',  '20'),
('356', '356',  'Kota Balikpapan ', '20'),
('357', '357',  'Kota Tarakan ',  '20'),
('358', '358',  'Kota Bontang ',  '20'),
('359', '359',  'Kab./Kota Lainnya',  '20'),
('36',  '36', 'Kab. Tapanuli Selatan ', '2'),
('360', '360',  'Kepala Daerah Provinsi Sulawesi Utara',  '22'),
('361', '361',  'Kab. Minahasa ', '22'),
('362', '362',  'Kab. Bolaang Mongondow ',  '22'),
('363', '363',  'Kab. Kepulauan Sangihe ',  '22'),
('364', '364',  'Kab. kepulauan Talaud ', '22'),
('365', '365',  'Kab. Minahasa Selatan ', '22'),
('366', '366',  'Kab. Minahasa Utara',  '22'),
('367', '367',  'Kab. Minahasa Tenggara', '22'),
('368', '368',  'Kab. Bolaang Mongondow Utara', '22'),
('369', '369',  'Kab. Kepulauan Sitaro',  '22'),
('37',  '37', 'Kab. Nias ', '2'),
('370', '370',  'Kab. Bolaang Mongondow Selatan', '22'),
('371', '371',  'Kab. Bolaang Mongondow Timur', '22'),
('372', '372',  'Kota Manado ', '22'),
('373', '373',  'Kota Kotamobagu',  '22'),
('374', '374',  'Kota Bitung ', '22'),
('375', '375',  'Kota. Tomohon',  '22'),
('376', '376',  'Kab./Kota Lainnya',  '22'),
('377', '377',  'Kepala Daerah Provinsi Gorontalo', '23'),
('378', '378',  'Kab. Gorontalo ',  '23'),
('379', '379',  'Kab. Bualemo   ',  '23'),
('38',  '38', 'Kab. Toba Samosir    ',  '2'),
('380', '380',  'Kab. Bonebolango', '23'),
('381', '381',  'Kab. Pohuwato',  '23'),
('382', '382',  'Kab. Gorontalo Utara', '23'),
('383', '383',  'Kota Gorontalo ',  '23'),
('384', '384',  'Kab./Kota Lainnya',  '23'),
('385', '385',  'Kepala Daerah Provinsi Sulawesi Tengah', '24'),
('386', '386',  'Kab. Donggala ', '24'),
('387', '387',  'Kab. Poso ', '24'),
('388', '388',  'Kab. Banggai ',  '24'),
('389', '389',  'Kab. Toli-Toli', '24'),
('39',  '39', 'Kab. Mandailing Natal  ',  '2'),
('390', '390',  'Kab.Banggai Kepulauan   ', '24'),
('391', '391',  'Kab. Morowali  ',  '24'),
('392', '392',  'Kab. Buol    ',  '24'),
('393', '393',  'Kab. Tojo Una-Una',  '24'),
('394', '394',  'Kab. Parigi Moutong',  '24'),
('395', '395',  'Kab. Sigi ', '24'),
('396', '396',  'Kota Palu ', '24'),
('397', '397',  'Kab./Kota Lainnya',  '24'),
('398', '398',  'Kepala Daerah Provinsi  Sulawesi Barat', '25'),
('399', '399',  'Kab. Polewali Mandar', '25'),
('4', '4',  'Kab. Aceh Utara ', '1'),
('40',  '40', 'Kab. Nias Selatan',  '2'),
('400', '400',  'Kab. Majene ', '25'),
('401', '401',  'Kab. Mamasa ', '25'),
('402', '402',  'Kab. Mamuju Utara',  '25'),
('403', '403',  'Kota Mamuju',  '25'),
('404', '404',  'Kab./Kota Lainnya',  '25'),
('405', '405',  'Kepala Daerah Provinsi Sulawesi Selatan',  '26'),
('406', '406',  'Kab. Pinrang ',  '26'),
('407', '407',  'Kab. Gowa ', '26'),
('408', '408',  'Kab. Wajo ', '26'),
('409', '409',  'Kab. Bone ', '26'),
('41',  '41', 'Kab. Humbang Hasundutan',  '2'),
('410', '410',  'Kab. Tana Toraja ',  '26'),
('411', '411',  'Kab. Maros ',  '26'),
('412', '412',  'Kab. Luwu',  '26'),
('413', '413',  'Kab. Sinjai ', '26'),
('414', '414',  'Kab. Bulukumba ',  '26'),
('415', '415',  'Kab. Bantaeng ', '26'),
('416', '416',  'Kab. Jeneponto ',  '26'),
('417', '417',  'Kab. Selayar ',  '26'),
('418', '418',  'Kab. Takalar ',  '26'),
('419', '419',  'Kab. Barru ',  '26'),
('42',  '42', 'Kab. Pakpak Bharat', '2'),
('420', '420',  'Kab. Sidenreng Rappang ',  '26'),
('421', '421',  'Kab. Pangkajene Kepulauan ', '26'),
('422', '422',  'Kab. Soppeng d/h Watansoppeng ', '26'),
('423', '423',  'Kab. Enrekang ', '26'),
('424', '424',  'Kab. Luwu Timur d/h Luwu Selatan', '26'),
('425', '425',  'Kab. Luwu Utara  ',  '26'),
('426', '426',  'Kab. Toraja Utara',  '26'),
('427', '427',  'Kota Makassar',  '26'),
('428', '428',  'Kota Pare-Pare ',  '26'),
('429', '429',  'Kota Palopo',  '26'),
('43',  '43', 'Kab. Samosir', '2'),
('430', '430',  'Kab./Kota Lainnya',  '26'),
('431', '431',  'Kepala Daerah Provinsi Sulawesi Tenggara', '27'),
('432', '432',  'Kab. Buton ',  '27'),
('433', '433',  'Kab. Muna ', '27'),
('434', '434',  'Kab. Kolaka ', '27'),
('435', '435',  'Kab. Wakatobi',  '27'),
('436', '436',  'Kab. Konawe',  '27'),
('437', '437',  'Kab. Konawe Selatan ', '27'),
('438', '438',  'Kab. Bombana', '27'),
('439', '439',  'Kab. Kolaka Utara',  '27'),
('44',  '44', 'Kab. Serdang Bedagai', '2'),
('440', '440',  'Kab. Buton Utara', '27'),
('441', '441',  'Kab. Konawe Utara',  '27'),
('442', '442',  'Kota Bau-Bau ',  '27'),
('443', '443',  'Kota Kendari ',  '27'),
('444', '444',  'Kab./Kota Lainnya',  '27'),
('445', '445',  'Kepala Daerah Provinsi Maluku',  '28'),
('446', '446',  'Kab. Maluku Tengah ',  '28'),
('447', '447',  'Kab. Maluku Tenggara ',  '28'),
('448', '448',  'Kab. Maluku Tenggara Barat', '28'),
('449', '449',  'Kab. Buru',  '28'),
('45',  '45', 'Kab. Batu Bara', '2'),
('450', '450',  'Kab. Seram Bagian Barat',  '28'),
('451', '451',  'Kab. Seram Bagian Timur',  '28'),
('452', '452',  'Kab. Kepulauan Aru', '28'),
('453', '453',  'Kab. Maluku Barat Daya ',  '28'),
('454', '454',  'Kab. Buru Selatan',  '28'),
('455', '455',  'Kota Ambon ',  '28'),
('456', '456',  'Kota Tual',  '28'),
('457', '457',  'Kab./Kota Lainnya',  '28'),
('458', '458',  'Kepala Daerah Provinsi Maluku Utara',  '29'),
('459', '459',  'Kab. Halmahera Tengah  ',  '29'),
('46',  '46', 'Kab. Padang Lawas',  '2'),
('460', '460',  'Kab. Halmahera Utara', '29'),
('461', '461',  'Kab. Halmahera Timur', '29'),
('462', '462',  'Kab. Halmahera Barat', '29'),
('463', '463',  'Kab. Halmahera Selatan', '29'),
('464', '464',  'Kab. Kepulauan Sula',  '29'),
('465', '465',  'Kab. Pulau Morotai', '29'),
('466', '466',  'Kota Ternate   ',  '29'),
('467', '467',  'Kota Tidore Kepulauan',  '29'),
('468', '468',  'Kab./Kota Lainnya',  '29'),
('469', '469',  'Kepala Daerah Provinsi Bali',  '30'),
('47',  '47', 'Kab. Padang Lawas Utara',  '2'),
('470', '470',  'Kab. Buleleng ', '30'),
('471', '471',  'Kab. Jembrana ', '30'),
('472', '472',  'Kab. Tabanan ',  '30'),
('473', '473',  'Kab. Badung',  '30'),
('474', '474',  'Kab. Gianyar ',  '30'),
('475', '475',  'Kab. Klungkung ',  '30'),
('476', '476',  'Kab. Bangli ', '30'),
('477', '477',  'Kab. Karangasem ', '30'),
('478', '478',  'Kota Denpasar ', '30'),
('479', '479',  'Kab./Kota Lainnya',  '30'),
('48',  '48', 'Kab. Labuanbatu Selatan ', '2'),
('480', '480',  'Kepala Daerah Provinsi Nusa Tenggara Barat', '31'),
('481', '481',  'Kab. Lombok Barat ', '31'),
('482', '482',  'Kab. Lombok Tengah ',  '31'),
('483', '483',  'Kab. Lombok Timur ', '31'),
('484', '484',  'Kab. Sumbawa ',  '31'),
('485', '485',  'Kab. Bima ', '31'),
('486', '486',  'Kab. Dompu ',  '31'),
('487', '487',  'Kab. Sumbawa Barat', '31'),
('488', '488',  'Kab. Lombok Utara',  '31'),
('489', '489',  'Kota Mataram ',  '31'),
('49',  '49', 'Kab. Labuanbatu Utara',  '2'),
('490', '490',  'Kota. Bima', '31'),
('491', '491',  'Kab./Kota Lainnya',  '31'),
('492', '492',  'Kepala Daerah Provinsi Nusa Tenggara Timur', '32'),
('493', '493',  'Kab. Kupang ', '32'),
('494', '494',  'Kab. Timor-Tengah Selatan ', '32'),
('495', '495',  'Kab. Timor-Tengah Utara ', '32'),
('496', '496',  'Kab. Belu ', '32'),
('497', '497',  'Kab. Alor ', '32'),
('498', '498',  'Kab. Flores Timur ', '32'),
('499', '499',  'Kab. Sikka ',  '32'),
('5', '5',  'Kab. Aceh Timur ', '1'),
('50',  '50', 'Kota Tebing Tinggi ',  '2'),
('500', '500',  'Kab. Ende ', '32'),
('501', '501',  'Kab. Ngada ',  '32'),
('502', '502',  'Kab. Manggarai ',  '32'),
('503', '503',  'Kab. Sumba Timur', '32'),
('504', '504',  'Kab. Sumba Barat ',  '32'),
('505', '505',  'Kab. Lembata', '32'),
('506', '506',  'Kab. Rote',  '32'),
('507', '507',  'Kab. Manggarai Barat', '32'),
('508', '508',  'Kab. Sumba Tengah',  '32'),
('509', '509',  'Kab. Sumba Barat Daya',  '32'),
('51',  '51', 'Kota Binjai ', '2'),
('510', '510',  'Kab. Manggarai Timur', '32'),
('511', '511',  'Kab. Nagekeo', '32'),
('512', '512',  'Kab. Raijua',  '32'),
('513', '513',  'Kota Kupang ', '32'),
('514', '514',  'Kab./Kota Lainnya',  '32'),
('515', '515',  'Kepala Daerah Provinsi Papua', '33'),
('516', '516',  'Kab. Jayapura ', '33'),
('517', '517',  'Kab. Biak Numfor ',  '33'),
('518', '518',  'Kab. Yapen-Waropen ',  '33'),
('519', '519',  'Kab. Merauke ',  '33'),
('52',  '52', 'Kota Pematang Siantar ', '2'),
('520', '520',  'Kab. Paniai ', '33'),
('521', '521',  'Kab. Jayawijaya ', '33'),
('522', '522',  'Kab. Nabire',  '33'),
('523', '523',  'Kab. Mimika',  '33'),
('524', '524',  'Kab. Puncak Jaya', '33'),
('525', '525',  'Kab. Sarmi', '33'),
('526', '526',  'Kab. Keerom',  '33'),
('527', '527',  'Kab. Pegunungan Bintang',  '33'),
('528', '528',  'Kab. Yahukimo',  '33'),
('529', '529',  'Kab. Tolikara',  '33'),
('53',  '53', 'Kota Tanjung Balai ',  '2'),
('530', '530',  'Kab. Waropen', '33'),
('531', '531',  'Kab. Boven Digoel',  '33'),
('532', '532',  'Kab. Mappi', '33'),
('533', '533',  'Kab. Asmat', '33'),
('534', '534',  'Kab. Supiori', '33'),
('535', '535',  'Kab. Mamberamo Raya',  '33'),
('536', '536',  'Kab. Dogiyai', '33'),
('537', '537',  'Kab. Lanny Jaya',  '33'),
('538', '538',  'Kab. Mamberamo Tengah',  '33'),
('539', '539',  'Kab. Nduga Tengah',  '33'),
('54',  '54', 'Kota Sibolga', '2'),
('540', '540',  'Kab. Yalimo',  '33'),
('541', '541',  'Kab. Puncak ', '33'),
('542', '542',  'Kab. Intan Jaya',  '33'),
('543', '543',  'Kota Jayapura ', '33'),
('544', '544',  'Kab./Kota Lainnya',  '33'),
('545', '545',  'Kepala Daerah Provinsi Papua Barat', '34'),
('546', '546',  'Kab. Sorong ', '34'),
('547', '547',  'Kab. Fak-Fak ',  '34'),
('548', '548',  'Kab. Manokwari ',  '34'),
('549', '549',  'Kab. Sorong Selatan',  '34'),
('55',  '55', 'Kota Medan ',  '2'),
('550', '550',  'Kab. Raja Ampat',  '34'),
('551', '551',  'Kab. Kaimana', '34'),
('552', '552',  'Kab. Teluk Bintuni', '34'),
('553', '553',  'Kab. Teluk Wondama', '34'),
('554', '554',  'Kab. Tembrauw',  '34'),
('555', '555',  'Kota Sorong',  '34'),
('556', '556',  'Kab./Kota Lainnya',  '34'),
('56',  '56', 'Kota Padang Sidempuan ', '2'),
('57',  '57', 'Kab/Kota Lainnya', '2'),
('58',  '58', 'Kepala Daerah Provinsi Sumatera Barat',  '3'),
('59',  '59', 'Kab. Agam ', '3'),
('6', '6',  'Kab. Aceh Selatan ', '1'),
('60',  '60', 'Kab. Pasaman ',  '3'),
('61',  '61', 'Kab. Limapuluh Kota',  '3'),
('62',  '62', 'Kab. Solok Selatan', '3'),
('63',  '63', 'Kab. Padang Pariaman ',  '3'),
('64',  '64', 'Kab. Pesisir Selatan ',  '3'),
('65',  '65', 'Kab. Tanah Datar ',  '3'),
('66',  '66', 'Kab. Sijunjung', '3'),
('67',  '67', 'Kab. Kepulauan Mentawai   ', '3'),
('68',  '68', 'Kab. Pasaman Barat', '3'),
('69',  '69', 'Kab. Dharmasraya', '3'),
('7', '7',  'Kab. Aceh Barat ', '1'),
('70',  '70', 'Kab. Solok', '3'),
('71',  '71', 'Kota Bukittinggi ',  '3'),
('72',  '72', 'Kota Padang',  '3'),
('73',  '73', 'Kota Sawahlunto',  '3'),
('74',  '74', 'Kota Padang Panjang ', '3'),
('75',  '75', 'Kota Solok ',  '3'),
('76',  '76', 'Kota Payakumbuh ', '3'),
('77',  '77', 'Kota Pariaman ', '3'),
('78',  '78', 'Kab/Kota Lainnya', '3'),
('79',  '79', 'Kepala Daerah Provinsi Riau',  '4'),
('8', '8',  'Kab. Aceh Tengah ',  '1'),
('80',  '80', 'Kab. Kampar',  '4'),
('81',  '81', 'Kab. Bengkalis ',  '4'),
('82',  '82', 'Kab. Indragiri Hulu ', '4'),
('83',  '83', 'Kab. Indragiri Hilir', '4'),
('84',  '84', 'Kab. Rokan Hulu',  '4'),
('85',  '85', 'Kab. Rokan Hilir   ',  '4'),
('86',  '86', 'Kab. Pelalawan  ', '4'),
('87',  '87', 'Kab. Siak ', '4'),
('88',  '88', 'Kab. Kuantan Singingi   ', '4'),
('89',  '89', 'Kab. Kepulauan Meranti', '4'),
('9', '9',  'Kab. Aceh Tenggara ',  '1'),
('90',  '90', 'Kota Pekanbaru ',  '4'),
('91',  '91', 'Kota Dumai ',  '4'),
('92',  '92', 'Kab./Kota Lainnya',  '4'),
('93',  '93', 'Kepala Daerah Provinsi Jambi', '5'),
('94',  '94', 'Kab. Batanghari ', '5'),
('95',  '95', 'Kab. Sarolangun',  '5'),
('96',  '96', 'Kab. Kerinci ',  '5'),
('97',  '97', 'Kab. Muaro Jambi   ',  '5'),
('98',  '98', 'Kab. Tanjung Jabung Barat      ',  '5'),
('99',  '99', 'Kab. Tanjung Jabung Timur     ', '5');

DROP TABLE IF EXISTS `m_provinsi`;
CREATE TABLE `m_provinsi` (
  `id` varchar(36) NOT NULL,
  `kode` varchar(255) NOT NULL,
  `nama` varchar(255) NOT NULL,
  PRIMARY KEY (`id`),
  UNIQUE KEY `UK_1lgtrjawayjte80jv4puwhjw0` (`kode`)
) ENGINE=InnoDB DEFAULT CHARSET=latin1;

INSERT INTO `m_provinsi` (`id`, `kode`, `nama`) VALUES
('1', '1',  'Nangroe Aceh Darussalam'),
('10',  '10', 'Kep.Riau'),
('1000',  '1000', 'Provinsi Lainnya'),
('11',  '11', 'Banten'),
('12',  '12', 'DKI Jakarta'),
('13',  '13', 'Jawa Barat'),
('14',  '14', 'Jawa Tengah'),
('15',  '15', 'DI Yogyakarta'),
('16',  '16', 'Jawa Timur'),
('17',  '17', 'Kalimantan Barat'),
('18',  '18', 'Kalimantan Tengah'),
('19',  '19', 'Kalimantan Selatan'),
('2', '2',  'Sumatera Utara'),
('20',  '20', 'Kalimantan Timur'),
('21',  '21', 'Kalimantan Utara'),
('22',  '22', 'Sulawesi Utara'),
('23',  '23', 'Gorontalo'),
('24',  '24', 'Sulawesi Tengah'),
('25',  '25', 'Sulawesi Barat'),
('26',  '26', 'Sulawesi Selatan'),
('27',  '27', 'Sulawesi Tenggara'),
('28',  '28', 'Maluku'),
('29',  '29', 'Maluku Utara'),
('3', '3',  'Sumatera Barat'),
('30',  '30', 'Bali'),
('31',  '31', 'Nusa Tenggara Barat'),
('32',  '32', 'Nusa Tenggara Timur'),
('33',  '33', 'Papua'),
('34',  '34', 'Papua Barat'),
('4', '4',  'Riau'),
('5', '5',  'Jambi'),
('6', '6',  'Sumatera Selatan'),
('7', '7',  'Bengkulu'),
('8', '8',  'Lampung'),
('9', '9',  'Kep.Bangka Belitung');

DROP TABLE IF EXISTS `m_user_partner`;
CREATE TABLE `m_user_partner` (
  `id` varchar(36) NOT NULL,
  `id_client_partner` varchar(36) DEFAULT NULL,
  `id_user` varchar(36) DEFAULT NULL,
  PRIMARY KEY (`id`),
  KEY `FK4i7ecuhcpf0mybesv5by5gt3t` (`id_client_partner`),
  KEY `FK3uoh3jovlei1nk28fnhk7ek08` (`id_user`),
  CONSTRAINT `FK3uoh3jovlei1nk28fnhk7ek08` FOREIGN KEY (`id_user`) REFERENCES `c_security_user` (`id`),
  CONSTRAINT `FK4i7ecuhcpf0mybesv5by5gt3t` FOREIGN KEY (`id_client_partner`) REFERENCES `m_client_partner` (`id`)
) ENGINE=InnoDB DEFAULT CHARSET=latin1;

INSERT INTO `m_user_partner` (`id`, `id_client_partner`, `id_user`) VALUES
('040980ea-64f7-4500-9f87-6a5f119636c4',  '7be19ac2-7e83-47a2-b16b-9c0c837d1b3a', '0fe881ac-4c0c-4557-b1e1-c4d1db8faa26'),
('172f6963-d48b-4351-80e6-8238369be750',  '3d1a95b8-0893-417c-a215-fd1bf134be9f', '230ab3b7-464a-4c0d-aa61-1eb783396d7a'),
('2017cf56-cb4f-4876-bc41-e6d8f03ad290',  '56b92a6e-05bc-4477-b265-2d58985781c1', '898fd90d-ffd0-40ad-a44e-4fbb8b78d492'),
('2a3d753a-4fc9-40e8-a445-358241981672',  'f180c2a6-e06e-4c8c-971a-04982a590d78', '74497c31-a726-475e-86eb-a95ddfa992b4'),
('32bebce7-6072-48d8-8778-72056449d33e',  '3be8040f-2cb9-4550-9357-9906af112fe4', '0015609a-1d12-4edc-8720-1b350955fb09'),
('64d282f7-fe0d-4ba2-94de-55415df6095c',  '0d39ea4c-e64c-4410-8366-186c4a23e8c0', '5dfd676c-469d-49d6-bd61-d9885bc10b99'),
('70407fed-40b2-4260-a10f-6af030506cfb',  '90311536-1949-4523-9350-b8885f20344f', 'b45f6ddd-5040-47c1-b8a1-dd1f9c97f190'),
('7752095d-6b0b-46ad-8d31-f20723f64de3',  'c4ff83f5-d81e-4a10-bef5-aa0a8a90f199', '4c4010de-05d0-44f0-91e8-9fc163df7683'),
('7980f7f8-1cea-41d0-9065-9464d85b3a80',  '3d1a95b8-0893-417c-a215-fd1bf134be9f', '633c68ee-0905-4a2e-b4ef-2c175965b569'),
('81910ce0-c862-4d62-aad7-a5b5030c408c',  '4f57f911-0b53-4e56-be64-c5f0499f17f3', '4aafbd2b-8f7b-4fe8-85a1-cc1cad2787fd'),
('87ca5977-4cdc-4b9e-bdc4-15ef144aad3e',  '9f42eeb4-d764-43f4-ac1f-208ffd4f1e3e', '1136e458-dc99-482e-8416-155fec94561b'),
('94c8c4fc-4857-46f6-94e4-064bce3e8c80',  '9f2f46c3-2fd2-4c84-b17b-1f8187dd4af8', 'b5828dbb-c815-4a5a-8034-7173c2257f40'),
('9c7efb21-717c-494a-b61b-0358ed64fc3e',  '01e2afa7-477f-462e-914d-b35f59a21bb5', 'd5aef6cd-b237-4e1b-a9c0-3d01afba4be9'),
('a414efb8-f9b4-4244-b10d-1d01fed90e4f',  '350d5062-3ab4-40cb-92f4-2ae340b1d6b1', '2eeb5572-1c8b-41f4-ac1b-4f19b91356e9'),
('bf882a65-2e81-45bd-b6f5-c474af3158d7',  '861ecf7e-c276-409d-8eff-2bdcb530952b', '08362041-871d-4260-b3da-87b6c01d64a5'),
('c8bc9cc4-c2fe-4918-b578-9ce352be17cf',  '90311536-1949-4523-9350-b8885f20344f', '5f514351-4bc6-477b-8c01-811916ed1d5a'),
('d06fc6a6-c426-450a-9bec-a590b0769be5',  '9e1949ef-9e87-4464-96b0-199caa914cfa', 'b4986cbf-2b13-439f-8381-18fa37500665'),
('d195d443-5bd8-4d54-b75d-09056a1d6413',  '9e1949ef-9e87-4464-96b0-199caa914cfa', '907521dc-5bb9-4b60-ae66-35820cdc8d4d'),
('d1a932d2-69d1-4352-8988-4ae62f771938',  '9e1949ef-9e87-4464-96b0-199caa914cfa', '9b0e8968-210f-4fce-b2e4-1a2c966c369b'),
('d3838360-0211-454d-9951-69cd8355739d',  '0383bb62-ad96-418b-82a3-07771e815806', '76dcd8d2-30cf-4f09-a418-21549fc2797f'),
('d57b40c3-c586-4728-85ac-cdd3cbac06b8',  '065636c9-1738-4209-9e6e-0b88197773a0', '95ce902a-2e21-4187-ae88-de0f935a15c2'),
('e67df884-e454-445f-94b4-d24975496eb6',  '9731080f-5b58-4551-b59a-e9155acdfe05', '866da862-d00f-48be-a381-a16aff4dfaac'),
('e680e24a-c9ed-4f54-b6f5-99b7b0d2b6e4',  '90311536-1949-4523-9350-b8885f20344f', '041d540f-9fdb-47e9-b91f-32a8de6baa10'),
('ee134470-32cb-44c8-817d-5ca3da3f86fe',  '5781de9a-5a74-4a36-8aa1-d37701340960', 'd46f44f7-4f9f-47d8-ac83-a46df738bf59');

DROP TABLE IF EXISTS `m_user_partner_aud`;
CREATE TABLE `m_user_partner_aud` (
  `id` varchar(36) NOT NULL,
  `rev` int(11) NOT NULL,
  `revtype` tinyint(4) DEFAULT NULL,
  `id_client_partner` varchar(36) DEFAULT NULL,
  `id_user` varchar(36) DEFAULT NULL,
  PRIMARY KEY (`id`,`rev`),
  KEY `FKkxrkma86by4uepkybgcvotsyf` (`rev`),
  CONSTRAINT `FKkxrkma86by4uepkybgcvotsyf` FOREIGN KEY (`rev`) REFERENCES `user_rev_entity` (`id`)
) ENGINE=InnoDB DEFAULT CHARSET=latin1;

INSERT INTO `m_user_partner_aud` (`id`, `rev`, `revtype`, `id_client_partner`, `id_user`) VALUES
('040980ea-64f7-4500-9f87-6a5f119636c4',  4,  0,  '7be19ac2-7e83-47a2-b16b-9c0c837d1b3a', '0fe881ac-4c0c-4557-b1e1-c4d1db8faa26'),
('172f6963-d48b-4351-80e6-8238369be750',  211,  0,  '3d1a95b8-0893-417c-a215-fd1bf134be9f', '230ab3b7-464a-4c0d-aa61-1eb783396d7a'),
('2a3d753a-4fc9-40e8-a445-358241981672',  51, 0,  'f180c2a6-e06e-4c8c-971a-04982a590d78', '74497c31-a726-475e-86eb-a95ddfa992b4'),
('32bebce7-6072-48d8-8778-72056449d33e',  55, 0,  '3be8040f-2cb9-4550-9357-9906af112fe4', '0015609a-1d12-4edc-8720-1b350955fb09'),
('4e44c3b4-9a16-4fbc-8ff7-e3c426f5a99d',  105,  0,  '90311536-1949-4523-9350-b8885f20344f', '7962874a-b462-403e-8234-f81ef7c4c79d'),
('4e44c3b4-9a16-4fbc-8ff7-e3c426f5a99d',  108,  2,  NULL, NULL),
('64d282f7-fe0d-4ba2-94de-55415df6095c',  1,  0,  '0d39ea4c-e64c-4410-8366-186c4a23e8c0', '5dfd676c-469d-49d6-bd61-d9885bc10b99'),
('70407fed-40b2-4260-a10f-6af030506cfb',  107,  0,  '90311536-1949-4523-9350-b8885f20344f', 'b45f6ddd-5040-47c1-b8a1-dd1f9c97f190'),
('7752095d-6b0b-46ad-8d31-f20723f64de3',  180,  0,  'c4ff83f5-d81e-4a10-bef5-aa0a8a90f199', '4c4010de-05d0-44f0-91e8-9fc163df7683'),
('7980f7f8-1cea-41d0-9065-9464d85b3a80',  232,  0,  '3d1a95b8-0893-417c-a215-fd1bf134be9f', '633c68ee-0905-4a2e-b4ef-2c175965b569'),
('81910ce0-c862-4d62-aad7-a5b5030c408c',  141,  0,  '4f57f911-0b53-4e56-be64-c5f0499f17f3', '4aafbd2b-8f7b-4fe8-85a1-cc1cad2787fd'),
('87ca5977-4cdc-4b9e-bdc4-15ef144aad3e',  21, 0,  '9f42eeb4-d764-43f4-ac1f-208ffd4f1e3e', '1136e458-dc99-482e-8416-155fec94561b'),
('94c8c4fc-4857-46f6-94e4-064bce3e8c80',  59, 0,  '9f2f46c3-2fd2-4c84-b17b-1f8187dd4af8', 'b5828dbb-c815-4a5a-8034-7173c2257f40'),
('9c7efb21-717c-494a-b61b-0358ed64fc3e',  129,  0,  '01e2afa7-477f-462e-914d-b35f59a21bb5', 'd5aef6cd-b237-4e1b-a9c0-3d01afba4be9'),
('bf882a65-2e81-45bd-b6f5-c474af3158d7',  152,  0,  '861ecf7e-c276-409d-8eff-2bdcb530952b', '08362041-871d-4260-b3da-87b6c01d64a5'),
('c8bc9cc4-c2fe-4918-b578-9ce352be17cf',  113,  0,  '90311536-1949-4523-9350-b8885f20344f', '5f514351-4bc6-477b-8c01-811916ed1d5a'),
('d06fc6a6-c426-450a-9bec-a590b0769be5',  114,  0,  '9e1949ef-9e87-4464-96b0-199caa914cfa', 'b4986cbf-2b13-439f-8381-18fa37500665'),
('d195d443-5bd8-4d54-b75d-09056a1d6413',  65, 0,  '9e1949ef-9e87-4464-96b0-199caa914cfa', '907521dc-5bb9-4b60-ae66-35820cdc8d4d'),
('d1a932d2-69d1-4352-8988-4ae62f771938',  112,  0,  '9e1949ef-9e87-4464-96b0-199caa914cfa', '9b0e8968-210f-4fce-b2e4-1a2c966c369b'),
('d3838360-0211-454d-9951-69cd8355739d',  3,  0,  '0383bb62-ad96-418b-82a3-07771e815806', '76dcd8d2-30cf-4f09-a418-21549fc2797f'),
('d57b40c3-c586-4728-85ac-cdd3cbac06b8',  2,  0,  '065636c9-1738-4209-9e6e-0b88197773a0', '95ce902a-2e21-4187-ae88-de0f935a15c2'),
('e67df884-e454-445f-94b4-d24975496eb6',  7,  0,  '9731080f-5b58-4551-b59a-e9155acdfe05', '866da862-d00f-48be-a381-a16aff4dfaac'),
('e680e24a-c9ed-4f54-b6f5-99b7b0d2b6e4',  52, 0,  '90311536-1949-4523-9350-b8885f20344f', '041d540f-9fdb-47e9-b91f-32a8de6baa10'),
('ee134470-32cb-44c8-817d-5ca3da3f86fe',  237,  0,  '5781de9a-5a74-4a36-8aa1-d37701340960', 'd46f44f7-4f9f-47d8-ac83-a46df738bf59');

DROP TABLE IF EXISTS `payment_link`;
CREATE TABLE `payment_link` (
  `id` varchar(36) NOT NULL,
  `akumulasi_pengguna` int(11) NOT NULL,
  `akusisi_bank` varchar(255) DEFAULT NULL,
  `bin_filter` varchar(255) DEFAULT NULL,
  `created_date` datetime NOT NULL,
  `custom_bni_va` bit(1) DEFAULT NULL,
  `custom_bri_va` bit(1) DEFAULT NULL,
  `custom_permata_va` bit(1) DEFAULT NULL,
  `expired_date` datetime NOT NULL,
  `installasi` varchar(255) DEFAULT NULL,
  `otentikasi3ds` bit(1) DEFAULT NULL,
  `payment_link_id` varchar(255) NOT NULL,
  `payment_link_nama_merchant` varchar(255) DEFAULT NULL,
  `pelanggan_email` varchar(255) DEFAULT NULL,
  `pelanggan_hp` varchar(255) DEFAULT NULL,
  `pelanggan_keterangan` varchar(255) DEFAULT NULL,
  `pelanggan_nama` varchar(255) DEFAULT NULL,
  `pengguna_maksimum` int(11) NOT NULL,
  `pre_otentikasi` bit(1) DEFAULT NULL,
  `sandbox` bit(1) DEFAULT NULL,
  `spesifikasi_pelanggan` bit(1) DEFAULT NULL,
  `total` decimal(19,2) DEFAULT NULL,
  `id_client_partner` varchar(36) DEFAULT NULL,
  PRIMARY KEY (`id`),
  UNIQUE KEY `UK_5bj750obugn9cuhrsnhib9t6q` (`payment_link_id`),
  KEY `FKb93qg300j6vfynnp0jqwtnxut` (`id_client_partner`),
  CONSTRAINT `FKb93qg300j6vfynnp0jqwtnxut` FOREIGN KEY (`id_client_partner`) REFERENCES `m_client_partner` (`id`)
) ENGINE=InnoDB DEFAULT CHARSET=latin1;


DROP TABLE IF EXISTS `payment_link_detail`;
CREATE TABLE `payment_link_detail` (
  `id` varchar(36) NOT NULL,
  `harga` decimal(19,2) NOT NULL,
  `nama` varchar(255) NOT NULL,
  `quantity` int(11) NOT NULL,
  `total` decimal(19,2) DEFAULT NULL,
  `id_payment_link` varchar(36) DEFAULT NULL,
  PRIMARY KEY (`id`),
  KEY `FKgr7ve9rcxwfp8hnhj1krwou1d` (`id_payment_link`),
  CONSTRAINT `FKgr7ve9rcxwfp8hnhj1krwou1d` FOREIGN KEY (`id_payment_link`) REFERENCES `payment_link` (`id`)
) ENGINE=InnoDB DEFAULT CHARSET=latin1;


DROP TABLE IF EXISTS `payment_link_invoice_production`;
CREATE TABLE `payment_link_invoice_production` (
  `id` varchar(36) NOT NULL,
  `created_date` datetime NOT NULL,
  `id_invoice` varchar(36) NOT NULL,
  `id_payment_link` varchar(36) NOT NULL,
  PRIMARY KEY (`id`),
  KEY `FKkvkok3rv0n0cv05fx7f29cvt7` (`id_invoice`),
  KEY `FK8bcxis7ojm4roo70ccno7161i` (`id_payment_link`),
  CONSTRAINT `FK8bcxis7ojm4roo70ccno7161i` FOREIGN KEY (`id_payment_link`) REFERENCES `payment_link` (`id`),
  CONSTRAINT `FKkvkok3rv0n0cv05fx7f29cvt7` FOREIGN KEY (`id_invoice`) REFERENCES `invoice_production` (`id`)
) ENGINE=InnoDB DEFAULT CHARSET=latin1;


DROP TABLE IF EXISTS `payment_link_invoice_sandbox`;
CREATE TABLE `payment_link_invoice_sandbox` (
  `id` varchar(36) NOT NULL,
  `created_date` datetime NOT NULL,
  `id_invoice` varchar(36) NOT NULL,
  `id_payment_link` varchar(36) NOT NULL,
  PRIMARY KEY (`id`),
  KEY `FK2gj5ypyaw1benkroqvfdkpvhc` (`id_invoice`),
  KEY `FK85mvlkee6hx9lcoc8ngk0uvea` (`id_payment_link`),
  CONSTRAINT `FK2gj5ypyaw1benkroqvfdkpvhc` FOREIGN KEY (`id_invoice`) REFERENCES `invoice_sandbox` (`id`),
  CONSTRAINT `FK85mvlkee6hx9lcoc8ngk0uvea` FOREIGN KEY (`id_payment_link`) REFERENCES `payment_link` (`id`)
) ENGINE=InnoDB DEFAULT CHARSET=latin1;


DROP TABLE IF EXISTS `payment_link_method`;
CREATE TABLE `payment_link_method` (
  `id` varchar(36) NOT NULL,
  `product_code` varchar(255) DEFAULT NULL,
  `id_merchant_registry` varchar(36) DEFAULT NULL,
  `id_payment_link` varchar(36) DEFAULT NULL,
  PRIMARY KEY (`id`),
  KEY `FKrv83lwf7rurhoj9g97fyhud4` (`id_merchant_registry`),
  KEY `FKp0tkybggr0ehq26s5xnhejwpk` (`id_payment_link`),
  CONSTRAINT `FKp0tkybggr0ehq26s5xnhejwpk` FOREIGN KEY (`id_payment_link`) REFERENCES `payment_link` (`id`),
  CONSTRAINT `FKrv83lwf7rurhoj9g97fyhud4` FOREIGN KEY (`id_merchant_registry`) REFERENCES `merchant_gateway_registry` (`id`)
) ENGINE=InnoDB DEFAULT CHARSET=latin1;


DROP TABLE IF EXISTS `plugin`;
CREATE TABLE `plugin` (
  `id` varchar(36) NOT NULL,
  `aktif` bit(1) DEFAULT NULL,
  `attachment` varchar(255) DEFAULT NULL,
  `nama_plugin` varchar(100) NOT NULL,
  `plugin_platform` varchar(50) NOT NULL,
  `tanggal_upload` date NOT NULL,
  `uploader` varchar(50) NOT NULL,
  `versi_plugin` varchar(20) NOT NULL,
  PRIMARY KEY (`id`),
  UNIQUE KEY `UKf4tn5sb2ga79hpcnhfegpeery` (`nama_plugin`,`versi_plugin`,`plugin_platform`)
) ENGINE=InnoDB DEFAULT CHARSET=latin1;

INSERT INTO `plugin` (`id`, `aktif`, `attachment`, `nama_plugin`, `plugin_platform`, `tanggal_upload`, `uploader`, `versi_plugin`) VALUES
('2c4826cb-e92f-492e-9c9c-cfac7f04a9c1',  CONV('0', 2, 10) + 0, '20181101074450901-krljpg.jpg', 'krl.jpg',  'MAGENTO',  '2018-11-01', 'admin.mpg@yopmail.com',  '0.1'),
('e857080d-c536-461e-886f-56e70d596229',  CONV('0', 2, 10) + 0, '20181029151018601-Pengumumanpdf.pdf',  'Pengumuman.pdf', 'MAGENTO',  '2018-10-29', 'admin.mpg@yopmail.com',  '1.0');

DROP TABLE IF EXISTS `product_group`;
CREATE TABLE `product_group` (
  `id` varchar(36) NOT NULL,
  `description` varchar(255) DEFAULT NULL,
  `name` varchar(100) NOT NULL,
  `photo` varchar(255) DEFAULT NULL,
  `sequence` int(11) DEFAULT NULL,
  PRIMARY KEY (`id`)
) ENGINE=InnoDB DEFAULT CHARSET=latin1;

INSERT INTO `product_group` (`id`, `description`, `name`, `photo`, `sequence`) VALUES
('01',  '-',  'Kartu Kredit', 'logo-cc.jpg',  11),
('02',  '', 'BCA',  '014.png',  11),
('03',  '', 'Mandiri',  '008.png',  11),
('04',  '', 'Permata',  '013.png',  11),
('05',  '', 'BNI',  '009.png',  11),
('06',  '', 'BRI',  '002.png',  12),
('07',  '', 'CIMB', '022.png',  12),
('08',  '', 'Danamon',  '011.png',  12),
('09',  '', 'DKI',  '111.png',  13),
('10',  '', 't-money',  'tmoney.png', 21),
('11',  '', 'LinkAja',  'tcash.png',  22),
('12',  '', 'Jaringan ATM Lainya',  'logo-atm.jpg', 14),
('13',  '', 'Emoney', 'emoney.png', 23),
('14',  '', 'BTPN', '213.png',  13),
('15',  '', 'Lainnya',  'atm_lain.png', 31),
('16',  '', 'Maybank',  '016.png',  13),
('83e46c41-beb5-4e25-8fbd-4f58027f00fc',  'Bayar melalui Indomaret',  'Indomaret',  'INDOMARET.png',  23);

DROP TABLE IF EXISTS `profile_limit`;
CREATE TABLE `profile_limit` (
  `id` varchar(36) NOT NULL,
  `limit_bulanan` decimal(19,2) NOT NULL,
  `limit_harian` decimal(19,2) NOT NULL,
  `limit_tahunan` decimal(19,2) NOT NULL,
  `nama_profil` varchar(50) NOT NULL,
  PRIMARY KEY (`id`),
  UNIQUE KEY `UK_i91b5jgrv26qt08ey0g3w3tpp` (`nama_profil`)
) ENGINE=InnoDB DEFAULT CHARSET=latin1;

INSERT INTO `profile_limit` (`id`, `limit_bulanan`, `limit_harian`, `limit_tahunan`, `nama_profil`) VALUES
('1', 300000000000000.00, 100000000000.00,  36000000000000000.00, 'default'),
('590520c2-04eb-4c28-87cc-ed3227158dbe',  300000000000.00,  10000000000.00, 360000000000.00,  'Baru');

DROP TABLE IF EXISTS `profile_limit_aud`;
CREATE TABLE `profile_limit_aud` (
  `id` varchar(36) NOT NULL,
  `rev` int(11) NOT NULL,
  `revtype` tinyint(4) DEFAULT NULL,
  `limit_bulanan` decimal(19,2) DEFAULT NULL,
  `limit_harian` decimal(19,2) DEFAULT NULL,
  `limit_tahunan` decimal(19,2) DEFAULT NULL,
  `nama_profil` varchar(50) DEFAULT NULL,
  PRIMARY KEY (`id`,`rev`),
  KEY `FK4xvji5s8t2m8kd8fy9vxfn4ux` (`rev`),
  CONSTRAINT `FK4xvji5s8t2m8kd8fy9vxfn4ux` FOREIGN KEY (`rev`) REFERENCES `user_rev_entity` (`id`)
) ENGINE=InnoDB DEFAULT CHARSET=latin1;

INSERT INTO `profile_limit_aud` (`id`, `rev`, `revtype`, `limit_bulanan`, `limit_harian`, `limit_tahunan`, `nama_profil`) VALUES
('1', 99, 1,  3000000000.00,  100000000.00, 3600000000.00,  'default'),
('1', 257,  1,  30000000000.00, 1000000000.00,  36000000000.00, 'default'),
('1', 258,  1,  3000000000000.00, 100000000000.00,  3600000000000.00, 'default'),
('1', 259,  1,  300000000000000.00, 100000000000.00,  360000000000000.00, 'default'),
('1', 260,  1,  300000000000000.00, 100000000000.00,  36000000000000000.00, 'default'),
('590520c2-04eb-4c28-87cc-ed3227158dbe',  228,  0,  300000000000.00,  10000000000.00, 360000000000.00,  'Baru'),
('fd8d46e6-f72d-45d2-a2be-c17ad433521b',  36, 0,  5000000.00, 200000.00,  40000000.00,  'New Profil Limit'),
('fd8d46e6-f72d-45d2-a2be-c17ad433521b',  37, 2,  NULL, NULL, NULL, NULL);

DROP TABLE IF EXISTS `profil_komisi`;
CREATE TABLE `profil_komisi` (
  `id` varchar(36) NOT NULL,
  `nama_profil` varchar(50) NOT NULL,
  `nilai_komisi` decimal(19,2) NOT NULL,
  PRIMARY KEY (`id`),
  UNIQUE KEY `UK_cxd84gqdk7kxyy7oyhfm6vcgx` (`nama_profil`)
) ENGINE=InnoDB DEFAULT CHARSET=latin1;

INSERT INTO `profil_komisi` (`id`, `nama_profil`, `nilai_komisi`) VALUES
('1', 'default',  200.00),
('33f2bd37-f491-45d4-98be-f712312c6eb4',  'myIndihome', 0.00),
('448b385f-2897-49b0-91c6-b0881688f023',  'Coba', 200000.00),
('8f37f327-a03d-4820-adbb-ecfc26446c38',  'Komisi', 200.00);

DROP TABLE IF EXISTS `profil_komisi_aud`;
CREATE TABLE `profil_komisi_aud` (
  `id` varchar(36) NOT NULL,
  `rev` int(11) NOT NULL,
  `revtype` tinyint(4) DEFAULT NULL,
  `nama_profil` varchar(50) DEFAULT NULL,
  `nilai_komisi` decimal(19,2) DEFAULT NULL,
  PRIMARY KEY (`id`,`rev`),
  KEY `FKip4v7f28s0q6447eebma2biop` (`rev`),
  CONSTRAINT `FKip4v7f28s0q6447eebma2biop` FOREIGN KEY (`rev`) REFERENCES `user_rev_entity` (`id`)
) ENGINE=InnoDB DEFAULT CHARSET=latin1;

INSERT INTO `profil_komisi_aud` (`id`, `rev`, `revtype`, `nama_profil`, `nilai_komisi`) VALUES
('33f2bd37-f491-45d4-98be-f712312c6eb4',  175,  0,  'myIndihome', 0.00),
('448b385f-2897-49b0-91c6-b0881688f023',  217,  0,  'Coba', 200000.00),
('8f37f327-a03d-4820-adbb-ecfc26446c38',  39, 0,  'Komisi', 200.00);

DROP TABLE IF EXISTS `profil_tarif`;
CREATE TABLE `profil_tarif` (
  `id` varchar(36) NOT NULL,
  `nama_profil` varchar(50) NOT NULL,
  PRIMARY KEY (`id`),
  UNIQUE KEY `UK_ah32ac5v1ae69lr7y7cu7pa7m` (`nama_profil`)
) ENGINE=InnoDB DEFAULT CHARSET=latin1;

INSERT INTO `profil_tarif` (`id`, `nama_profil`) VALUES
('8778cd42-cd0e-49db-ae30-000b656823c9',  'Baru'),
('1', 'default'),
('4d40799c-3619-480d-a6fb-c5941458008d',  'myindihome'),
('68c5cb06-cb24-4fff-bce9-8f6157a61575',  'Telkom 1');

DROP TABLE IF EXISTS `profil_tarif_aud`;
CREATE TABLE `profil_tarif_aud` (
  `id` varchar(36) NOT NULL,
  `rev` int(11) NOT NULL,
  `revtype` tinyint(4) DEFAULT NULL,
  `nama_profil` varchar(50) DEFAULT NULL,
  PRIMARY KEY (`id`,`rev`),
  KEY `FKiot67qpmb2ufch1f6ciyv3nv7` (`rev`),
  CONSTRAINT `FKiot67qpmb2ufch1f6ciyv3nv7` FOREIGN KEY (`rev`) REFERENCES `user_rev_entity` (`id`)
) ENGINE=InnoDB DEFAULT CHARSET=latin1;

INSERT INTO `profil_tarif_aud` (`id`, `rev`, `revtype`, `nama_profil`) VALUES
('4d40799c-3619-480d-a6fb-c5941458008d',  174,  0,  'myindihome'),
('68c5cb06-cb24-4fff-bce9-8f6157a61575',  38, 0,  'Telkom 1'),
('8778cd42-cd0e-49db-ae30-000b656823c9',  216,  0,  'Baru');

DROP TABLE IF EXISTS `response_va`;
CREATE TABLE `response_va` (
  `id` varchar(36) NOT NULL,
  `amount` decimal(19,2) DEFAULT NULL,
  `bank` varchar(255) DEFAULT NULL,
  `description` varchar(255) DEFAULT NULL,
  `expired_va` datetime DEFAULT NULL,
  `fee` decimal(19,2) DEFAULT NULL,
  `invoice_number` varchar(255) DEFAULT NULL,
  `status_va` varchar(255) DEFAULT NULL,
  `total_amount` decimal(19,2) DEFAULT NULL,
  `transaction_type` varchar(255) DEFAULT NULL,
  `va_number` varchar(255) DEFAULT NULL,
  PRIMARY KEY (`id`),
  UNIQUE KEY `UKcq4rkrxm0m2gw6lhsum6s6gbu` (`va_number`,`transaction_type`)
) ENGINE=InnoDB DEFAULT CHARSET=latin1;


DROP TABLE IF EXISTS `riwayat_integrasi`;
CREATE TABLE `riwayat_integrasi` (
  `id` varchar(36) NOT NULL,
  `action_by` varchar(50) NOT NULL,
  `attachment` varchar(255) DEFAULT NULL,
  `status_approval` varchar(255) DEFAULT NULL,
  `status_merchant_sebelum` varchar(255) DEFAULT NULL,
  `status_merchant_sesudah` varchar(255) DEFAULT NULL,
  `tanggal_action` datetime NOT NULL,
  `id_client_partner` varchar(36) DEFAULT NULL,
  PRIMARY KEY (`id`),
  KEY `FKm3nthl5xjoskl11v19jujp5cm` (`id_client_partner`),
  CONSTRAINT `FKm3nthl5xjoskl11v19jujp5cm` FOREIGN KEY (`id_client_partner`) REFERENCES `m_client_partner` (`id`)
) ENGINE=InnoDB DEFAULT CHARSET=latin1;

INSERT INTO `riwayat_integrasi` (`id`, `action_by`, `attachment`, `status_approval`, `status_merchant_sebelum`, `status_merchant_sesudah`, `tanggal_action`, `id_client_partner`) VALUES
('00a3850e-5c70-4aae-9a75-0810fad58dec',  'admin.mpg@yopmail.com',  '20181025093409798-onfeety.pdf',  'APPROVED', 'SIT',  'UAT',  '2018-10-25 09:34:17',  '3be8040f-2cb9-4550-9357-9906af112fe4'),
('0725fca8-65b3-45da-8528-fc2b4ebaa87f',  'admin.mpg@yopmail.com',  '20181025100044221-onfeety.pdf',  'APPROVED', 'UAT',  'LIVE', '2018-10-25 10:00:44',  '3be8040f-2cb9-4550-9357-9906af112fe4'),
('0a34ecf4-ad81-4dea-8927-b40ecc3065c9',  'admin.mpg@yopmail.com',  '20181025100118790-toko04.pdf', 'REJECTED', 'UAT',  'UAT',  '2018-10-25 10:01:18',  '7be19ac2-7e83-47a2-b16b-9c0c837d1b3a'),
('11ab7fa0-57d4-40a3-aa35-4406099f9652',  'patria.mpg@yopmail.com', '20181108184744362-Eko.pdf',  'APPROVED', 'SIT',  'UAT',  '2018-11-08 18:47:51',  '01e2afa7-477f-462e-914d-b35f59a21bb5'),
('140a2bd3-25dd-42b0-bee3-ee6429a55228',  'admin.mpg@yopmail.com',  '-',  'APPROVED', 'VERIFIKASI_DATA',  'SIT',  '2018-11-09 14:16:57',  '861ecf7e-c276-409d-8eff-2bdcb530952b'),
('179276b1-50b5-44f6-b589-450f6a74b08d',  'patria.mpg@yopmail.com', '-',  'APPROVED', 'VERIFIKASI_DATA',  'SIT',  '2018-11-08 18:47:21',  '01e2afa7-477f-462e-914d-b35f59a21bb5'),
('1aa675ef-5557-4892-9422-3734889d1642',  'admin.mpg@yopmail.com',  '-',  'APPROVED', 'VERIFIKASI_DATA',  'SIT',  '2018-10-25 09:47:46',  '9e1949ef-9e87-4464-96b0-199caa914cfa'),
('2f239561-d572-483f-bff2-63bca2b82ef1',  'admin.mpg@yopmail.com',  '-',  'APPROVED', 'VERIFIKASI_DATA',  'SIT',  '2018-10-12 10:27:05',  '7be19ac2-7e83-47a2-b16b-9c0c837d1b3a'),
('2f48ee18-0c79-444d-8eb1-dfedfe4d274d',  'admin.mpg@yopmail.com',  '20181109102933356-TokoAnggi.pdf',  'APPROVED', 'UAT',  'LIVE', '2018-11-09 10:29:33',  '4f57f911-0b53-4e56-be64-c5f0499f17f3'),
('30ec59e6-7ea0-4b61-89b9-e969a3817569',  'admin.mpg@yopmail.com',  '20181030105349018-AbadiSejahtera.pdf', 'APPROVED', 'SIT',  'UAT',  '2018-10-30 10:53:53',  '90311536-1949-4523-9350-b8885f20344f'),
('37bc6a63-f135-4604-a96d-7ae760390414',  'admin.mpg@yopmail.com',  '20181030105459752-AbadiSejahtera.pdf', 'APPROVED', 'UAT',  'LIVE', '2018-10-30 10:54:59',  '90311536-1949-4523-9350-b8885f20344f'),
('42325029-aefd-4cf0-a7f2-414ece2e8d92',  'admin.mpg@yopmail.com',  '20181012102803139-toko04.pdf', 'APPROVED', 'SIT',  'UAT',  '2018-10-12 10:28:15',  '7be19ac2-7e83-47a2-b16b-9c0c837d1b3a'),
('469b2ee4-1bf1-4612-9592-d57c3fa5403f',  'admin.mpg@yopmail.com',  '-',  'APPROVED', 'VERIFIKASI_DATA',  'SIT',  '2018-11-09 10:26:46',  '4f57f911-0b53-4e56-be64-c5f0499f17f3'),
('4892f73f-4b2d-4210-aee8-6c7f1f2d9a57',  'admin.mpg@yopmail.com',  '20181109102748562-TokoAnggi.pdf',  'APPROVED', 'SIT',  'UAT',  '2018-11-09 10:27:59',  '4f57f911-0b53-4e56-be64-c5f0499f17f3'),
('4e844d03-82a0-47fa-b2c3-8b7c134d5039',  'admin.mpg@yopmail.com',  '-',  'APPROVED', 'VERIFIKASI_DATA',  'SIT',  '2019-02-07 09:46:35',  '3d1a95b8-0893-417c-a215-fd1bf134be9f'),
('67f26bc2-d6be-4539-84e6-989685c8a89d',  'patria.mpg@yopmail.com', '20181005160519080-PatriaLapaks.pdf', 'APPROVED', 'UAT',  'LIVE', '2018-10-05 16:05:19',  '9731080f-5b58-4551-b59a-e9155acdfe05'),
('68635add-132a-4b27-a632-24a62656fe7a',  'admin.mpg@yopmail.com',  '20181008102127758-tokodummy6.pdf', 'APPROVED', 'SIT',  'UAT',  '2018-10-08 10:21:33',  '9f42eeb4-d764-43f4-ac1f-208ffd4f1e3e'),
('a6a8d5da-5cc9-48cd-a791-6cd0d727367a',  'patria.mpg@yopmail.com', '20181005160423665-PatriaLapaks.pdf', 'APPROVED', 'SIT',  'UAT',  '2018-10-05 16:04:29',  '9731080f-5b58-4551-b59a-e9155acdfe05'),
('ac00b31b-62ab-428b-ac11-5caae1adb927',  'vaansaa@yopmail.com',  '-',  'APPROVED', 'VERIFIKASI_DATA',  'SIT',  '2018-12-05 13:39:46',  'c4ff83f5-d81e-4a10-bef5-aa0a8a90f199'),
('b76b1ea9-cc96-4a9d-895a-db30ccd39c96',  'admin.mpg@yopmail.com',  '20181025095434053-RainbowStoreSix.pdf',  'APPROVED', 'SIT',  'UAT',  '2018-10-25 09:54:39',  '9e1949ef-9e87-4464-96b0-199caa914cfa'),
('ba598861-0859-4440-ae0a-146b2d877293',  'admin.mpg@yopmail.com',  '-',  'APPROVED', 'VERIFIKASI_DATA',  'SIT',  '2018-10-08 10:09:00',  '9f42eeb4-d764-43f4-ac1f-208ffd4f1e3e'),
('c4ca7628-1140-42e3-8af7-7357672bbab1',  'admin.mpg@yopmail.com',  '20181008102149247-tokodummy6.pdf', 'APPROVED', 'UAT',  'LIVE', '2018-10-08 10:21:49',  '9f42eeb4-d764-43f4-ac1f-208ffd4f1e3e'),
('cac3bbd0-a0fd-4eb4-9e46-672228b08531',  'patria.mpg@yopmail.com', '20181108184820352-Eko.pdf',  'APPROVED', 'UAT',  'LIVE', '2018-11-08 18:48:20',  '01e2afa7-477f-462e-914d-b35f59a21bb5'),
('cb4e2967-36ec-46ba-ac04-f8bdd21e9e83',  'patria.mpg@yopmail.com', '-',  'APPROVED', 'VERIFIKASI_DATA',  'SIT',  '2018-10-05 16:01:06',  '9731080f-5b58-4551-b59a-e9155acdfe05'),
('d0e010d4-4952-45b1-b977-4388d834a41d',  'admin.mpg@yopmail.com',  '-',  'APPROVED', 'VERIFIKASI_DATA',  'SIT',  '2018-10-24 15:51:46',  '3be8040f-2cb9-4550-9357-9906af112fe4'),
('d4850618-cb0b-4b24-9a3b-f36dddddf1a8',  'admin.mpg@yopmail.com',  '-',  'APPROVED', 'VERIFIKASI_DATA',  'SIT',  '2018-10-26 10:46:03',  '90311536-1949-4523-9350-b8885f20344f'),
('eb3fbf3d-75a6-4eb3-b72c-a8224669760d',  'admin.mpg@yopmail.com',  '20181025095511591-RainbowStoreSix.pdf',  'APPROVED', 'UAT',  'LIVE', '2018-10-25 09:55:11',  '9e1949ef-9e87-4464-96b0-199caa914cfa');

DROP TABLE IF EXISTS `running_number`;
CREATE TABLE `running_number` (
  `id` varchar(36) NOT NULL,
  `generate_date` date NOT NULL,
  `lastnumber` bigint(20) NOT NULL,
  `merchant_id` varchar(255) NOT NULL,
  `prefix` varchar(255) NOT NULL,
  PRIMARY KEY (`id`),
  UNIQUE KEY `UK10v5ykm8dccijjpf0nycyiw75` (`merchant_id`,`prefix`),
  KEY `idx_runnum_merchant_id` (`merchant_id`),
  KEY `idx_runnum_date` (`generate_date`),
  KEY `idx_runnum_prefix` (`prefix`)
) ENGINE=InnoDB DEFAULT CHARSET=latin1;


DROP TABLE IF EXISTS `settlement`;
CREATE TABLE `settlement` (
  `id` varchar(36) NOT NULL,
  `deskripsi` varchar(255) DEFAULT NULL,
  `settlement_file` varchar(255) DEFAULT NULL,
  `status` varchar(255) DEFAULT NULL,
  `total_nominal_fee` decimal(19,2) DEFAULT NULL,
  `total_nominal_nett` decimal(19,2) DEFAULT NULL,
  `total_nominal_transaksi` decimal(19,2) DEFAULT NULL,
  `total_referal_fee` decimal(19,2) DEFAULT NULL,
  `total_settlement` decimal(19,2) DEFAULT NULL,
  `waktu_settlement` datetime DEFAULT NULL,
  PRIMARY KEY (`id`),
  UNIQUE KEY `UK_kg4pbbpjldgtcp7tr3odrp9lh` (`settlement_file`)
) ENGINE=InnoDB DEFAULT CHARSET=latin1;


DROP TABLE IF EXISTS `settlement_detail_failed`;
CREATE TABLE `settlement_detail_failed` (
  `id` varchar(36) NOT NULL,
  `error_messsage` varchar(255) DEFAULT NULL,
  `invoice_number` varchar(255) DEFAULT NULL,
  `nominal_invoice` decimal(19,2) DEFAULT NULL,
  `nominal_mdr` decimal(19,2) DEFAULT NULL,
  `nominal_nett` decimal(19,2) DEFAULT NULL,
  `nominal_subcharge` decimal(19,2) DEFAULT NULL,
  `nominal_transaksi` decimal(19,2) DEFAULT NULL,
  `referal_fee` decimal(19,2) DEFAULT NULL,
  `id_settlement` varchar(36) NOT NULL,
  PRIMARY KEY (`id`),
  KEY `FK87fls9ilgiiy8gdk6j5swip93` (`id_settlement`),
  CONSTRAINT `FK87fls9ilgiiy8gdk6j5swip93` FOREIGN KEY (`id_settlement`) REFERENCES `settlement` (`id`)
) ENGINE=InnoDB DEFAULT CHARSET=latin1;


DROP TABLE IF EXISTS `settlement_detail_success`;
CREATE TABLE `settlement_detail_success` (
  `id` varchar(36) NOT NULL,
  `nominal_invoice` decimal(19,2) DEFAULT NULL,
  `nominal_mdr` decimal(19,2) DEFAULT NULL,
  `nominal_nett` decimal(19,2) DEFAULT NULL,
  `nominal_subcharge` decimal(19,2) DEFAULT NULL,
  `nominal_transaksi` decimal(19,2) DEFAULT NULL,
  `referal_fee` decimal(19,2) DEFAULT NULL,
  `id_settlement` varchar(36) NOT NULL,
  `id_transaksi` varchar(36) DEFAULT NULL,
  PRIMARY KEY (`id`),
  KEY `FK5693d0f45un8o0s6mr1o9k6wf` (`id_settlement`),
  KEY `FK6eh0denegep517jyetm88lpeq` (`id_transaksi`),
  CONSTRAINT `FK5693d0f45un8o0s6mr1o9k6wf` FOREIGN KEY (`id_settlement`) REFERENCES `settlement` (`id`),
  CONSTRAINT `FK6eh0denegep517jyetm88lpeq` FOREIGN KEY (`id_transaksi`) REFERENCES `transaksi_production` (`id`)
) ENGINE=InnoDB DEFAULT CHARSET=latin1;


DROP TABLE IF EXISTS `tarif_metode_pembayaran`;
CREATE TABLE `tarif_metode_pembayaran` (
  `id` varchar(36) NOT NULL,
  `admin_fee` decimal(19,2) DEFAULT NULL,
  `admin_mdr` decimal(19,2) DEFAULT NULL,
  `id_merchant_gateway` varchar(36) DEFAULT NULL,
  `id_product` varchar(36) DEFAULT NULL,
  `id_profil_tarif` varchar(36) NOT NULL,
  PRIMARY KEY (`id`),
  KEY `FKtk0o2houo3bwu85rqd7xy5637` (`id_merchant_gateway`),
  KEY `FKo1k1lmyaksevtlg94n69w6g7p` (`id_product`),
  KEY `FKhxu34jafq94a3ld08fw5r0kdj` (`id_profil_tarif`),
  CONSTRAINT `FKhxu34jafq94a3ld08fw5r0kdj` FOREIGN KEY (`id_profil_tarif`) REFERENCES `profil_tarif` (`id`),
  CONSTRAINT `FKo1k1lmyaksevtlg94n69w6g7p` FOREIGN KEY (`id_product`) REFERENCES `merchant_product` (`id`),
  CONSTRAINT `FKtk0o2houo3bwu85rqd7xy5637` FOREIGN KEY (`id_merchant_gateway`) REFERENCES `merchant_gateway` (`id`)
) ENGINE=InnoDB DEFAULT CHARSET=latin1;

INSERT INTO `tarif_metode_pembayaran` (`id`, `admin_fee`, `admin_mdr`, `id_merchant_gateway`, `id_product`, `id_profil_tarif`) VALUES
('0600277c-8375-47db-af10-62bf7604ebad',  2000.00,  2.00, '1',  '32', '68c5cb06-cb24-4fff-bce9-8f6157a61575'),
('08ce27f8-d304-423e-adf6-6886021fa71f',  1000.00,  2.00, '753589ea-18de-46b5-9ac0-d35182d04d2f', '4fdad54f-e8f9-482e-b8d2-5744ca74476d', '8778cd42-cd0e-49db-ae30-000b656823c9'),
('0d96dacc-d435-4290-9d26-88a6a6828215',  2000.00,  2.00, '1',  '28', '68c5cb06-cb24-4fff-bce9-8f6157a61575'),
('0fa987d0-3f98-4d6b-898b-660d5deb1bfb',  2000.00,  2.00, '1',  '25', '68c5cb06-cb24-4fff-bce9-8f6157a61575'),
('10',  2000.00,  2.00, '1',  '18', '1'),
('11',  2000.00,  2.00, '1',  '19', '1'),
('113bd22d-990d-4be0-a982-9d59bb4b8187',  2000.00,  2.00, '1',  '18', '68c5cb06-cb24-4fff-bce9-8f6157a61575'),
('12',  2000.00,  2.00, '1',  '2',  '1'),
('12b30cd8-8df3-4bfc-95bb-bd4230b7df4d',  2000.00,  2.00, '1',  '16', '8778cd42-cd0e-49db-ae30-000b656823c9'),
('12d2a173-dc4d-4138-802b-7c34fa4f2862',  2000.00,  2.00, '1',  '32', '4d40799c-3619-480d-a6fb-c5941458008d'),
('13',  2000.00,  2.00, '1',  '21', '1'),
('135cedc0-76af-454b-974a-a8bb5203ce23',  0.00, 0.00, '1',  '11', '4d40799c-3619-480d-a6fb-c5941458008d'),
('14',  2000.00,  2.00, '1',  '22', '1'),
('1449b312-a0b7-4764-b543-d7f69ee0cbeb',  2000.00,  2.00, '1',  '32', '1'),
('15',  2000.00,  2.00, '1',  '23', '1'),
('151c16c5-282f-4712-89be-005b0ec69746',  2000.00,  2.00, '1',  '19', '68c5cb06-cb24-4fff-bce9-8f6157a61575'),
('16',  2000.00,  2.00, '1',  '24', '1'),
('16f60963-dbca-48a4-83c5-5cdef0eb0958',  2000.00,  2.00, '1',  '21', '8778cd42-cd0e-49db-ae30-000b656823c9'),
('17',  2000.00,  2.00, '1',  '25', '1'),
('18',  2000.00,  2.00, '1',  '26', '1'),
('181cf327-0c62-4494-b5e2-58f844055552',  2000.00,  2.00, '1',  '5',  '8778cd42-cd0e-49db-ae30-000b656823c9'),
('19',  2000.00,  2.00, '1',  '27', '1'),
('2', 2000.00,  2.00, '1',  '10', '1'),
('20',  2000.00,  2.00, '1',  '28', '1'),
('21',  2000.00,  2.00, '1',  '3',  '1'),
('22',  2000.00,  2.00, '1',  '4',  '1'),
('23',  2000.00,  2.00, '1',  '5',  '1'),
('24',  2000.00,  2.00, '1',  '6',  '1'),
('25',  2000.00,  2.00, '1',  '7',  '1'),
('26',  2000.00,  2.00, '1',  '8',  '1'),
('27',  2000.00,  2.00, '1',  '9',  '1'),
('28',  2000.00,  2.00, '1',  '102',  '1'),
('28b12213-fb5c-4f22-9928-212eff6bf695',  2000.00,  2.00, '1',  '19', '8778cd42-cd0e-49db-ae30-000b656823c9'),
('29',  1000.00,  2.00, '2',  '1',  '1'),
('29a2f178-d0e2-406a-abb9-876a770907db',  0.00, 0.00, '1',  '15', '4d40799c-3619-480d-a6fb-c5941458008d'),
('2abab84f-9814-41e2-9182-10e2893b5f0f',  2000.00,  2.00, '1',  '7',  '8778cd42-cd0e-49db-ae30-000b656823c9'),
('2d32a46a-4348-47fd-8a6a-6e04476a88d4',  0.00, 0.00, '1',  '7',  '4d40799c-3619-480d-a6fb-c5941458008d'),
('2fdc39cf-377e-4d86-895c-b9477dfd3ee0',  0.00, 0.00, '0ce81e6c-837d-45ee-b14f-3bceabad40e9', '5be6e947-2f5a-4df5-b437-24d2f376a064', '8778cd42-cd0e-49db-ae30-000b656823c9'),
('3', 2000.00,  2.00, '1',  '11', '1'),
('337b6223-4f82-4ed8-9a2f-65eeeb4a91a2',  0.00, 0.00, '0ce81e6c-837d-45ee-b14f-3bceabad40e9', '5be6e947-2f5a-4df5-b437-24d2f376a064', '4d40799c-3619-480d-a6fb-c5941458008d'),
('3576a8e6-ac48-4cbd-8c94-bfe750b58e90',  1000.00,  2.00, '753589ea-18de-46b5-9ac0-d35182d04d2f', '4fdad54f-e8f9-482e-b8d2-5744ca74476d', '1'),
('3e39a89d-fde6-4de1-87b6-20c01c75951c',  2000.00,  2.00, '1',  '6',  '68c5cb06-cb24-4fff-bce9-8f6157a61575'),
('3f37b004-eb1d-4fb8-9af7-63da1ad97589',  0.00, 0.00, '1',  '9',  '4d40799c-3619-480d-a6fb-c5941458008d'),
('4', 2000.00,  2.00, '1',  '12', '1'),
('40aad96a-245b-4d96-948a-6218f88cdcc1',  0.00, 0.00, '1',  '102',  '4d40799c-3619-480d-a6fb-c5941458008d'),
('430d4675-0928-4d32-b4ed-fd7c518a99d2',  1000.00,  2.00, '6b9ff8f0-714a-4a94-9803-a84b5e67619a', 'b576b8ea-10f6-4de1-9320-7b851cc83e64', '1'),
('45b3fed7-784e-401d-9d00-2acd5aa8414b',  2000.00,  2.00, '1',  '12', '68c5cb06-cb24-4fff-bce9-8f6157a61575'),
('477b2b98-4806-4376-99e7-f726fcc9c19e',  2000.00,  2.00, '1',  '9',  '68c5cb06-cb24-4fff-bce9-8f6157a61575'),
('499d9928-f7ea-43a7-9ec0-af1ccb8dc141',  2000.00,  2.00, '1',  '6',  '8778cd42-cd0e-49db-ae30-000b656823c9'),
('4acc154d-aa82-4505-8ed0-bd516b88995f',  2000.00,  2.00, '1',  '2',  '8778cd42-cd0e-49db-ae30-000b656823c9'),
('4bcf6c7b-3ca1-4c6d-9ecc-b02ed403b256',  2000.00,  2.00, '1',  '15', '8778cd42-cd0e-49db-ae30-000b656823c9'),
('4dd86391-e35f-461d-b82f-40cf46a22df0',  0.00, 0.00, '1',  '22', '4d40799c-3619-480d-a6fb-c5941458008d'),
('5', 2000.00,  2.00, '1',  '13', '1'),
('51e7334c-09d4-4766-ab44-e7120e88a0c8',  2000.00,  2.00, '1',  '4',  '68c5cb06-cb24-4fff-bce9-8f6157a61575'),
('5623dc87-c890-4cf3-b8fa-4ae923df4400',  2.00, 2.00, '0ce81e6c-837d-45ee-b14f-3bceabad40e9', '9cde8943-19e3-4d0e-bde3-f432a0f1bb1b', '8778cd42-cd0e-49db-ae30-000b656823c9'),
('58cc3aec-90b5-4fb2-b8ee-750073da1d0d',  0.00, 0.00, '1',  '28', '4d40799c-3619-480d-a6fb-c5941458008d'),
('5b8f2887-58e6-4e68-bf72-9e7221c72a74',  2000.00,  2.00, '1',  '11', '8778cd42-cd0e-49db-ae30-000b656823c9'),
('5e483b76-8fc2-4461-beb2-d48d2f295468',  0.00, 0.00, '1',  '27', '4d40799c-3619-480d-a6fb-c5941458008d'),
('5f0737d9-d237-4c83-9114-9d58c4be79ba',  2000.00,  2.00, '1',  '27', '68c5cb06-cb24-4fff-bce9-8f6157a61575'),
('6', 2000.00,  2.00, '1',  '14', '1'),
('61a8499d-1566-4a96-9977-6affa15f55eb',  2000.00,  2.00, '1',  '13', '8778cd42-cd0e-49db-ae30-000b656823c9'),
('620c3272-127e-41e2-8559-ec2bb200ae3b',  2000.00,  2.00, '1',  '25', '8778cd42-cd0e-49db-ae30-000b656823c9'),
('6330bdc9-1981-4f17-b7a9-3569498c2b90',  0.00, 0.00, '1',  '19', '4d40799c-3619-480d-a6fb-c5941458008d'),
('65bac4d6-1253-429a-ad0b-c5fce7b54337',  2000.00,  2.00, '1',  '8',  '68c5cb06-cb24-4fff-bce9-8f6157a61575'),
('6619e299-6bdd-4d03-9eb9-e96ecba3ccb3',  2000.00,  2.00, '1',  '5',  '68c5cb06-cb24-4fff-bce9-8f6157a61575'),
('6cd94c8f-6aea-4bc9-9681-0c8a0b0bbd95',  2000.00,  2.00, '1',  '22', '68c5cb06-cb24-4fff-bce9-8f6157a61575'),
('6f40beb0-771c-4d23-b948-6b5184325c7e',  0.00, 0.00, '1',  '14', '4d40799c-3619-480d-a6fb-c5941458008d'),
('6f85a73a-f03a-4f85-94d8-44314796ebdf',  2000.00,  2.00, '1',  '24', '8778cd42-cd0e-49db-ae30-000b656823c9'),
('7', 2000.00,  2.00, '1',  '15', '1'),
('712b64d7-0b96-45e1-9219-a2f22cfded39',  0.00, 0.00, '1',  '18', '4d40799c-3619-480d-a6fb-c5941458008d'),
('72d751f4-375d-4f3f-9ebc-07daf940127b',  1000.00,  2.00, '753589ea-18de-46b5-9ac0-d35182d04d2f', '4fdad54f-e8f9-482e-b8d2-5744ca74476d', '4d40799c-3619-480d-a6fb-c5941458008d'),
('7455a0cc-a8a8-4da0-9baf-9ff8ac62e8f1',  1000.00,  2.00, '2',  '1',  '8778cd42-cd0e-49db-ae30-000b656823c9'),
('76743842-26f4-4515-bf5f-6be2239c7adf',  2000.00,  2.00, '1',  '18', '8778cd42-cd0e-49db-ae30-000b656823c9'),
('778bba66-fd32-4601-b0dd-525e89d8c7e6',  0.00, 0.00, '0ce81e6c-837d-45ee-b14f-3bceabad40e9', '9cde8943-19e3-4d0e-bde3-f432a0f1bb1b', '1'),
('7d3e6c4a-3d42-4efb-bac2-a31f033f1445',  2000.00,  2.00, '1',  '7',  '68c5cb06-cb24-4fff-bce9-8f6157a61575'),
('7ec62f21-9d33-46e4-8d74-c7ed5c6ef209',  2000.00,  2.00, '1',  '32', '8778cd42-cd0e-49db-ae30-000b656823c9'),
('7f456b64-e167-4e6c-bf22-0fc1ff5c6ca4',  0.00, 0.00, '1',  '26', '4d40799c-3619-480d-a6fb-c5941458008d'),
('8', 2000.00,  2.00, '1',  '16', '1'),
('815a4072-0657-4c2f-b6ec-88831a22a52e',  0.00, 0.00, '1',  '4',  '4d40799c-3619-480d-a6fb-c5941458008d'),
('825181cc-73fd-4e37-8d26-37da0cb4bd0f',  2000.00,  2.00, '1',  '17', '68c5cb06-cb24-4fff-bce9-8f6157a61575'),
('853ec16b-721e-4f6f-ab4e-c8ea45ea5c75',  2000.00,  2.00, '1',  '102',  '68c5cb06-cb24-4fff-bce9-8f6157a61575'),
('89ccfc68-443f-4df0-9007-4f7f68478671',  2000.00,  2.00, '1',  '14', '68c5cb06-cb24-4fff-bce9-8f6157a61575'),
('8bce4ad2-4f13-4fc5-a790-4acb7a53f51a',  0.00, 0.00, '1',  '6',  '4d40799c-3619-480d-a6fb-c5941458008d'),
('8d0c1be0-0aae-4bde-81b8-88379b090f3d',  2000.00,  2.00, '1',  '26', '8778cd42-cd0e-49db-ae30-000b656823c9'),
('8f2e46f9-1117-4442-a596-87c702392f42',  0.00, 0.00, '1',  '2',  '4d40799c-3619-480d-a6fb-c5941458008d'),
('9', 2000.00,  2.00, '1',  '17', '1'),
('9258e7d1-5667-4945-b8de-b36634f4b6c4',  2000.00,  2.00, '1',  '4',  '8778cd42-cd0e-49db-ae30-000b656823c9'),
('9af046a0-dede-4e87-9e22-9071883b6348',  2000.00,  2.00, '1',  '10', '68c5cb06-cb24-4fff-bce9-8f6157a61575'),
('9e00add7-e48c-402e-b15d-d7fe68bdb8de',  1000.00,  2.00, '2',  '1',  '68c5cb06-cb24-4fff-bce9-8f6157a61575'),
('9e3bf9d3-2721-4608-9194-118367592392',  2000.00,  2.00, '1',  '15', '68c5cb06-cb24-4fff-bce9-8f6157a61575'),
('a27b31b3-8342-4b33-9be1-1fcbf85aa89d',  0.00, 0.00, '0ce81e6c-837d-45ee-b14f-3bceabad40e9', '5be6e947-2f5a-4df5-b437-24d2f376a064', '1'),
('a48049d1-fd82-484c-913a-a2de0f2cdda9',  0.00, 0.00, '1',  '8',  '4d40799c-3619-480d-a6fb-c5941458008d'),
('aa8d7427-f78c-4c1d-a1a7-e2fbfc1eb04a',  2000.00,  2.00, '1',  '23', '8778cd42-cd0e-49db-ae30-000b656823c9'),
('ab2437bd-c09d-4462-b0a3-667ad29dda26',  2000.00,  2.00, '1',  '16', '68c5cb06-cb24-4fff-bce9-8f6157a61575'),
('ab60478d-f8c7-4827-98f8-c781135757fb',  2000.00,  2.00, '1',  '28', '8778cd42-cd0e-49db-ae30-000b656823c9'),
('abc8e700-e06d-454c-95f7-7e474ab6951f',  0.00, 0.00, '1',  '16', '4d40799c-3619-480d-a6fb-c5941458008d'),
('ac1f5185-c594-4267-a311-529771929550',  2000.00,  2.00, '1',  '23', '68c5cb06-cb24-4fff-bce9-8f6157a61575'),
('ac900352-7717-4d24-bfe6-30e176c2334b',  2000.00,  2.00, '1',  '21', '68c5cb06-cb24-4fff-bce9-8f6157a61575'),
('ad0a70db-cdb9-4287-af43-016a2c807e15',  2000.00,  2.00, '1',  '24', '68c5cb06-cb24-4fff-bce9-8f6157a61575'),
('af112832-821f-4314-880e-d407dac107d1',  2000.00,  2.00, '1',  '8',  '8778cd42-cd0e-49db-ae30-000b656823c9'),
('af978968-be69-4383-9f52-6593bafcd17d',  2000.00,  2.00, '1',  '13', '68c5cb06-cb24-4fff-bce9-8f6157a61575'),
('b3624b43-4cd8-4e41-ba97-6b7540aab2cd',  2000.00,  2.00, '1',  '22', '8778cd42-cd0e-49db-ae30-000b656823c9'),
('b3c49d02-b349-4ce8-a81d-52b14b4bc23c',  0.00, 0.00, '1',  '13', '4d40799c-3619-480d-a6fb-c5941458008d'),
('b40b1728-760a-4d1f-8182-609fe537632b',  0.00, 0.00, '1',  '25', '4d40799c-3619-480d-a6fb-c5941458008d'),
('b4aeb5be-c795-47b0-a61b-77b80e0387c5',  2000.00,  2.00, '1',  '9',  '8778cd42-cd0e-49db-ae30-000b656823c9'),
('bb3abfb1-8ff1-40f6-b1d3-349e9839382f',  2000.00,  2.00, '1',  '2',  '68c5cb06-cb24-4fff-bce9-8f6157a61575'),
('bbfb0ff6-191a-4b40-800e-9794b86abb27',  2000.00,  2.00, '1',  '10', '8778cd42-cd0e-49db-ae30-000b656823c9'),
('c2550246-4f01-484c-a673-082bc496297e',  1000.00,  2.00, '6b9ff8f0-714a-4a94-9803-a84b5e67619a', 'b576b8ea-10f6-4de1-9320-7b851cc83e64', '4d40799c-3619-480d-a6fb-c5941458008d'),
('c54df99c-ff7a-4335-a52e-249291c7b92d',  0.00, 0.00, '0ce81e6c-837d-45ee-b14f-3bceabad40e9', '9cde8943-19e3-4d0e-bde3-f432a0f1bb1b', '4d40799c-3619-480d-a6fb-c5941458008d'),
('ca947e39-5ccf-4257-90fe-9c4ecb5c324f',  1000.00,  2.00, '6b9ff8f0-714a-4a94-9803-a84b5e67619a', 'b576b8ea-10f6-4de1-9320-7b851cc83e64', '8778cd42-cd0e-49db-ae30-000b656823c9'),
('d50735ea-b5ce-45cc-a8a5-ff95f501a122',  2000.00,  2.00, '1',  '3',  '68c5cb06-cb24-4fff-bce9-8f6157a61575'),
('d50db10a-1b75-4748-81f5-fb0469f47e9a',  2000.00,  2.00, '1',  '30', '68c5cb06-cb24-4fff-bce9-8f6157a61575'),
('d636a09d-ac3f-4c83-9492-66134e7adf23',  2000.00,  2.00, '1',  '30', '4d40799c-3619-480d-a6fb-c5941458008d'),
('d941a963-006c-4df8-a07a-bf67f71a7cf2',  2000.00,  2.00, '1',  '12', '8778cd42-cd0e-49db-ae30-000b656823c9'),
('dd997477-5626-47d1-a8f0-d31faafaaf13',  2000.00,  2.00, '1',  '3',  '8778cd42-cd0e-49db-ae30-000b656823c9'),
('df035cda-eb11-49dd-bb0b-a7457489dd07',  2000.00,  2.00, '1',  '17', '8778cd42-cd0e-49db-ae30-000b656823c9'),
('dfab9f8d-af97-498c-af35-8c487b010583',  2000.00,  2.00, '1',  '14', '8778cd42-cd0e-49db-ae30-000b656823c9'),
('e1c118ed-a490-4f88-8567-52c61eff106f',  0.00, 0.00, '1',  '3',  '4d40799c-3619-480d-a6fb-c5941458008d'),
('e1e464e7-2ec9-4b80-8fb7-fa53a87500bd',  2000.00,  2.00, '1',  '30', '1'),
('e2c98401-8a06-4534-a5e2-751a8e4ac792',  2000.00,  2.00, '1',  '102',  '8778cd42-cd0e-49db-ae30-000b656823c9'),
('ebfa5068-e798-4dfe-a7dc-587cd739fece',  0.00, 0.00, '2',  '1',  '4d40799c-3619-480d-a6fb-c5941458008d'),
('ed77805f-dcda-4553-94a4-ebcd9dfa7294',  2000.00,  2.00, '1',  '26', '68c5cb06-cb24-4fff-bce9-8f6157a61575'),
('ef4d3f76-4501-4c3a-9572-a1a44a7fb98f',  2000.00,  2.00, '1',  '27', '8778cd42-cd0e-49db-ae30-000b656823c9'),
('f42e6c94-068a-475d-b4c3-4c5593465cfc',  2000.00,  2.00, '1',  '30', '8778cd42-cd0e-49db-ae30-000b656823c9'),
('f5336c38-4326-4b4c-827c-de88a61ba51b',  0.00, 0.00, '1',  '24', '4d40799c-3619-480d-a6fb-c5941458008d'),
('f5978468-9154-47c5-9d77-7afaf7c73dcc',  0.00, 0.00, '1',  '17', '4d40799c-3619-480d-a6fb-c5941458008d'),
('f5a3335e-c1bf-4f03-9ba4-90d40fb08408',  0.00, 0.00, '1',  '5',  '4d40799c-3619-480d-a6fb-c5941458008d'),
('f6181ec0-4e76-4140-966f-0c209a36da5d',  0.00, 0.00, '1',  '10', '4d40799c-3619-480d-a6fb-c5941458008d'),
('f6a1ce82-192f-4314-a6c8-0d7a58e94fbe',  0.00, 0.00, '1',  '12', '4d40799c-3619-480d-a6fb-c5941458008d'),
('fa666104-ff4c-4d2e-8cd6-f0f3ac29f6ff',  0.00, 0.00, '0ce81e6c-837d-45ee-b14f-3bceabad40e9', '9cde8943-19e3-4d0e-bde3-f432a0f1bb1b', '68c5cb06-cb24-4fff-bce9-8f6157a61575'),
('fb698955-b762-4753-9224-b0daa2dc35d9',  0.00, 0.00, '1',  '21', '4d40799c-3619-480d-a6fb-c5941458008d'),
('fdf6a419-3e9c-4f68-a5f1-1adc7f9f5ea8',  2000.00,  2.00, '1',  '11', '68c5cb06-cb24-4fff-bce9-8f6157a61575'),
('ff268fee-11dd-4c3a-9972-c40e57a4ad11',  0.00, 0.00, '1',  '23', '4d40799c-3619-480d-a6fb-c5941458008d');

DROP TABLE IF EXISTS `tarif_metode_pembayaran_aud`;
CREATE TABLE `tarif_metode_pembayaran_aud` (
  `id` varchar(36) NOT NULL,
  `rev` int(11) NOT NULL,
  `revtype` tinyint(4) DEFAULT NULL,
  `id_merchant_gateway` varchar(36) DEFAULT NULL,
  `id_product` varchar(36) DEFAULT NULL,
  PRIMARY KEY (`id`,`rev`),
  KEY `FKsur8s0bi5gb318m2us0tj49lt` (`rev`),
  CONSTRAINT `FKsur8s0bi5gb318m2us0tj49lt` FOREIGN KEY (`rev`) REFERENCES `user_rev_entity` (`id`)
) ENGINE=InnoDB DEFAULT CHARSET=latin1;

INSERT INTO `tarif_metode_pembayaran_aud` (`id`, `rev`, `revtype`, `id_merchant_gateway`, `id_product`) VALUES
('08ce27f8-d304-423e-adf6-6886021fa71f',  252,  0,  '753589ea-18de-46b5-9ac0-d35182d04d2f', '4fdad54f-e8f9-482e-b8d2-5744ca74476d'),
('2fdc39cf-377e-4d86-895c-b9477dfd3ee0',  252,  0,  '0ce81e6c-837d-45ee-b14f-3bceabad40e9', '5be6e947-2f5a-4df5-b437-24d2f376a064'),
('337b6223-4f82-4ed8-9a2f-65eeeb4a91a2',  251,  0,  '0ce81e6c-837d-45ee-b14f-3bceabad40e9', '5be6e947-2f5a-4df5-b437-24d2f376a064'),
('72d751f4-375d-4f3f-9ebc-07daf940127b',  251,  0,  '753589ea-18de-46b5-9ac0-d35182d04d2f', '4fdad54f-e8f9-482e-b8d2-5744ca74476d'),
('c2550246-4f01-484c-a673-082bc496297e',  251,  0,  '6b9ff8f0-714a-4a94-9803-a84b5e67619a', 'b576b8ea-10f6-4de1-9320-7b851cc83e64'),
('ca947e39-5ccf-4257-90fe-9c4ecb5c324f',  252,  0,  '6b9ff8f0-714a-4a94-9803-a84b5e67619a', 'b576b8ea-10f6-4de1-9320-7b851cc83e64');

DROP TABLE IF EXISTS `temp_transaksi`;
CREATE TABLE `temp_transaksi` (
  `payment_id` varchar(32) NOT NULL,
  `biaya_mdr` decimal(19,2) DEFAULT NULL,
  `biaya_transaksi` decimal(19,2) DEFAULT NULL,
  `created_date` datetime DEFAULT NULL,
  `gateway` varchar(255) DEFAULT NULL,
  `invoice_number` varchar(255) DEFAULT NULL,
  `nominal_invoice` decimal(19,2) DEFAULT NULL,
  `nominal_nett` decimal(19,2) DEFAULT NULL,
  `nomorva` varchar(255) DEFAULT NULL,
  `persentase_mdr` decimal(19,2) DEFAULT NULL,
  `product_code` varchar(255) DEFAULT NULL,
  `total_pembayaran` decimal(19,2) DEFAULT NULL,
  `type` varchar(255) DEFAULT NULL,
  PRIMARY KEY (`payment_id`),
  KEY `idx_temp_transaksi_invoice` (`invoice_number`)
) ENGINE=InnoDB DEFAULT CHARSET=latin1;

INSERT INTO `temp_transaksi` (`payment_id`, `biaya_mdr`, `biaya_transaksi`, `created_date`, `gateway`, `invoice_number`, `nominal_invoice`, `nominal_nett`, `nomorva`, `persentase_mdr`, `product_code`, `total_pembayaran`, `type`) VALUES
('8a0288af696b24ec01696b2942070000',  11.00,  1000.00,  '2019-03-11 12:11:00',  '753589ea-18de-46b5-9ac0-d35182d04d2f', '195102293576202',  515.00, 504.00, NULL, 2.00, 'FINPAYTCASH',  1515.00,  'PRODUCTION'),
('8a0288b4696b3f8c01696b44d2d20000',  11.00,  1000.00,  '2019-03-11 12:41:06',  '753589ea-18de-46b5-9ac0-d35182d04d2f', '195102293576203',  515.00, 504.00, NULL, 2.00, 'FINPAYTCASH',  1515.00,  'PRODUCTION'),
('8a0288b7696b67b301696b8974f00000',  11.00,  1000.00,  '2019-03-11 13:56:04',  '753589ea-18de-46b5-9ac0-d35182d04d2f', '195102293576205',  515.00, 504.00, NULL, 2.00, 'FINPAYTCASH',  1515.00,  'PRODUCTION'),
('8a0289576950f014016950f3024a0000',  31.00,  1000.00,  '2019-03-06 10:01:37',  '753589ea-18de-46b5-9ac0-d35182d04d2f', '195102293576191',  1501.00,  1470.00,  NULL, 2.00, 'FINPAYTCASH',  2501.00,  'PRODUCTION'),
('8a0388686950d9e6016950de38120000',  31.00,  1000.00,  '2019-03-06 09:38:54',  '753589ea-18de-46b5-9ac0-d35182d04d2f', '195102293576191',  1501.00,  1470.00,  NULL, 2.00, 'FINPAYTCASH',  2501.00,  'PRODUCTION'),
('8a038995695c86f301695c8c76c20000',  31.00,  1000.00,  '2019-03-08 16:05:03',  '753589ea-18de-46b5-9ac0-d35182d04d2f', '195102293576112',  1501.00,  1470.00,  NULL, 2.00, 'FINPAYTCASH',  2501.00,  'PRODUCTION'),
('8a0389a069617ebe01696af940420000',  11.00,  1000.00,  '2019-03-11 11:18:34',  '753589ea-18de-46b5-9ac0-d35182d04d2f', '195102293576201',  515.00, 504.00, NULL, 2.00, 'FINPAYTCASH',  1515.00,  'PRODUCTION'),
('8a0389a069617ebe01696b00fc420001',  11.00,  1000.00,  '2019-03-11 11:27:01',  '753589ea-18de-46b5-9ac0-d35182d04d2f', '195102293576201',  515.00, 504.00, NULL, 2.00, 'FINPAYTCASH',  1515.00,  'PRODUCTION'),
('8a0389a069617ebe01696b09e0260002',  11.00,  1000.00,  '2019-03-11 11:36:43',  '753589ea-18de-46b5-9ac0-d35182d04d2f', '195102293576201',  515.00, 504.00, NULL, 2.00, 'FINPAYTCASH',  1515.00,  'PRODUCTION'),
('8a0389b2696b507501696b5dfe3b0000',  11.00,  1000.00,  '2019-03-11 13:08:36',  '753589ea-18de-46b5-9ac0-d35182d04d2f', '195102293576204',  515.00, 504.00, NULL, 2.00, 'FINPAYTCASH',  1515.00,  'PRODUCTION');

DROP TABLE IF EXISTS `tiket_message`;
CREATE TABLE `tiket_message` (
  `id` varchar(36) NOT NULL,
  `attachment` varchar(255) DEFAULT NULL,
  `body` text NOT NULL,
  `category` varchar(255) DEFAULT NULL,
  `has_been_read` bit(1) DEFAULT NULL,
  `merchant_id` varchar(255) NOT NULL,
  `status` varchar(255) DEFAULT NULL,
  `subject` varchar(255) NOT NULL,
  `tiket_number` varchar(255) DEFAULT NULL,
  `timestamp` datetime DEFAULT NULL,
  PRIMARY KEY (`id`)
) ENGINE=InnoDB DEFAULT CHARSET=latin1;


DROP TABLE IF EXISTS `tiket_reply`;
CREATE TABLE `tiket_reply` (
  `id` varchar(36) NOT NULL,
  `body` text,
  `has_been_read` bit(1) DEFAULT NULL,
  `message_type` varchar(255) DEFAULT NULL,
  `timestamp` datetime DEFAULT NULL,
  `username` varchar(255) DEFAULT NULL,
  `id_complaint_message` varchar(36) NOT NULL,
  PRIMARY KEY (`id`),
  KEY `FK89wcx6c9507li81k716nkmd6b` (`id_complaint_message`),
  CONSTRAINT `FK89wcx6c9507li81k716nkmd6b` FOREIGN KEY (`id_complaint_message`) REFERENCES `tiket_message` (`id`)
) ENGINE=InnoDB DEFAULT CHARSET=latin1;


DROP TABLE IF EXISTS `tiket_runnum`;
CREATE TABLE `tiket_runnum` (
  `id` varchar(36) NOT NULL,
  `lastnumber` bigint(20) NOT NULL,
  `run_month` varchar(255) NOT NULL,
  `run_prefix` varchar(255) NOT NULL,
  `run_year` varchar(255) NOT NULL,
  PRIMARY KEY (`id`),
  UNIQUE KEY `UK10k8orjhtxifg2vhkqpw8pm2x` (`run_month`,`run_year`,`run_prefix`)
) ENGINE=InnoDB DEFAULT CHARSET=latin1;


DROP TABLE IF EXISTS `tmoney_ticket_id`;
CREATE TABLE `tmoney_ticket_id` (
  `id` varchar(36) NOT NULL,
  `expired_date` datetime DEFAULT NULL,
  `invoice_number` varchar(255) DEFAULT NULL,
  `ticket_id` varchar(255) DEFAULT NULL,
  `type` varchar(255) DEFAULT NULL,
  PRIMARY KEY (`id`)
) ENGINE=InnoDB DEFAULT CHARSET=latin1;


DROP TABLE IF EXISTS `transaksi_production`;
CREATE TABLE `transaksi_production` (
  `id` varchar(36) NOT NULL,
  `biaya_mdr` decimal(19,2) DEFAULT NULL,
  `biaya_transaksi` decimal(19,2) DEFAULT NULL,
  `nominal_invoice` decimal(19,2) DEFAULT NULL,
  `nominal_nett` decimal(19,2) DEFAULT NULL,
  `nomor_va` varchar(255) DEFAULT NULL,
  `payment_id` varchar(32) NOT NULL,
  `persentase_mdr` decimal(19,2) DEFAULT NULL,
  `total_pembayaran` decimal(19,2) DEFAULT NULL,
  `waktu_transaksi` datetime DEFAULT NULL,
  `id_settlement` varchar(255) DEFAULT NULL,
  `reconcile_id` varchar(255) DEFAULT NULL,
  `status_settlement` bit(1) DEFAULT NULL,
  `waktu_settlement` datetime DEFAULT NULL,
  `id_client_partner` varchar(36) DEFAULT NULL,
  `invoice_id` varchar(36) DEFAULT NULL,
  PRIMARY KEY (`id`),
  UNIQUE KEY `UK_2py863roerro403wdhmmen5ub` (`payment_id`),
  KEY `idx_transaksi_invoice` (`invoice_id`),
  KEY `FKkspndecnt3t17ygrco5hlfkb2` (`id_client_partner`),
  CONSTRAINT `FKkspndecnt3t17ygrco5hlfkb2` FOREIGN KEY (`id_client_partner`) REFERENCES `m_client_partner` (`id`),
  CONSTRAINT `FKqa3owtau53h840m6sc68wnc2r` FOREIGN KEY (`invoice_id`) REFERENCES `invoice_production` (`id`)
) ENGINE=InnoDB DEFAULT CHARSET=latin1;

INSERT INTO `transaksi_production` (`id`, `biaya_mdr`, `biaya_transaksi`, `nominal_invoice`, `nominal_nett`, `nomor_va`, `payment_id`, `persentase_mdr`, `total_pembayaran`, `waktu_transaksi`, `id_settlement`, `reconcile_id`, `status_settlement`, `waktu_settlement`, `id_client_partner`, `invoice_id`) VALUES
('651077d8-deab-4189-9de6-1ac04aef8b60',  31.00,  1000.00,  1501.00,  1470.00,  NULL, '8a0289576950f014016950f3024a0000', 2.00, 2501.00,  '2019-03-06 10:03:02',  'tmoney-c0eac0ee91ef492da593',  '944af63617244f1abb87', CONV('1', 2, 10) + 0, '2019-03-06 10:03:02',  '4f57f911-0b53-4e56-be64-c5f0499f17f3', 'c5a691ae-e8a0-43bc-9bda-85795a5ab6a9'),
('69761d69-6bf3-40d4-987b-8849d95295bd',  31.00,  1000.00,  1501.00,  1470.00,  NULL, '8a038995695c86f301695c8c76c20000', 2.00, 2501.00,  '2019-03-08 16:06:21',  NULL, '873673c2d4dc431cadd0', NULL, NULL, '4f57f911-0b53-4e56-be64-c5f0499f17f3', 'c351a077-f1ca-49e2-abe4-b7b926146080'),
('6e1782e0-96a1-4239-84d4-00cb8d9b9d62',  11.00,  1000.00,  515.00, 504.00, NULL, '8a0288af696b24ec01696b2942070000', 2.00, 1515.00,  '2019-03-11 12:15:07',  NULL, '56b24a163bee42ef8330', NULL, NULL, '4f57f911-0b53-4e56-be64-c5f0499f17f3', '61c72fb2-acad-46c4-9349-f6d868a46fcb'),
('78d9e2db-92bc-4281-a66b-a573ed2bbc6e',  11.00,  1000.00,  515.00, 504.00, NULL, '8a0389b2696b507501696b5dfe3b0000', 2.00, 1515.00,  '2019-03-11 13:09:00',  NULL, '033c9f68e71b4f9eb139', NULL, NULL, '4f57f911-0b53-4e56-be64-c5f0499f17f3', '2acc4333-c511-4c9f-bf24-b992645d1578'),
('9d8944b7-f285-4cde-b7b8-4792cc9490a6',  11.00,  1000.00,  515.00, 504.00, NULL, '8a0288b7696b67b301696b8974f00000', 2.00, 1515.00,  '2019-03-11 13:56:22',  NULL, 'aa379263e6064bbb8ffa', NULL, NULL, '4f57f911-0b53-4e56-be64-c5f0499f17f3', 'd777c3ea-86fe-4bce-a571-598086083330'),
('bc6a05c9-3a96-4263-a27d-7e5b734ae35e',  11.00,  1000.00,  515.00, 504.00, NULL, '8a0389a069617ebe01696b09e0260002', 2.00, 1515.00,  '2019-03-11 11:37:37',  NULL, 'aa15b510018c4e9fbfa6', NULL, NULL, '4f57f911-0b53-4e56-be64-c5f0499f17f3', 'fa11cc41-27e9-4839-bfa9-463d98336b1a'),
('e9904b1b-c241-466a-8171-2bf8c8dbbe5d',  11.00,  1000.00,  515.00, 504.00, NULL, '8a0288b4696b3f8c01696b44d2d20000', 2.00, 1515.00,  '2019-03-11 12:41:31',  NULL, 'cfacfb3f7ab748398100', NULL, NULL, '4f57f911-0b53-4e56-be64-c5f0499f17f3', '7bb62bc7-cbbc-443a-a721-150d2f921478');

DROP TABLE IF EXISTS `transaksi_sandbox`;
CREATE TABLE `transaksi_sandbox` (
  `id` varchar(36) NOT NULL,
  `biaya_mdr` decimal(19,2) DEFAULT NULL,
  `biaya_transaksi` decimal(19,2) DEFAULT NULL,
  `nominal_invoice` decimal(19,2) DEFAULT NULL,
  `nominal_nett` decimal(19,2) DEFAULT NULL,
  `nomor_va` varchar(255) DEFAULT NULL,
  `payment_id` varchar(32) NOT NULL,
  `persentase_mdr` decimal(19,2) DEFAULT NULL,
  `total_pembayaran` decimal(19,2) DEFAULT NULL,
  `waktu_transaksi` datetime DEFAULT NULL,
  `id_client_partner` varchar(36) DEFAULT NULL,
  `invoice_id` varchar(36) DEFAULT NULL,
  PRIMARY KEY (`id`),
  UNIQUE KEY `UK_crrjfic4pt83kmvt0cdsn85em` (`payment_id`),
  KEY `idx_transaksi_invoice` (`invoice_id`),
  KEY `FKauejq7pcxvwy1kvh0lrnf9vox` (`id_client_partner`),
  CONSTRAINT `FK29ifpqxqhu1t74njyy4jvsm1y` FOREIGN KEY (`invoice_id`) REFERENCES `invoice_sandbox` (`id`),
  CONSTRAINT `FKauejq7pcxvwy1kvh0lrnf9vox` FOREIGN KEY (`id_client_partner`) REFERENCES `m_client_partner` (`id`)
) ENGINE=InnoDB DEFAULT CHARSET=latin1;


DROP TABLE IF EXISTS `t_notification`;
CREATE TABLE `t_notification` (
  `id` varchar(36) NOT NULL,
  `from_name` varchar(255) DEFAULT NULL,
  `message` text NOT NULL,
  `notif_status` varchar(255) NOT NULL,
  `notif_type` varchar(255) NOT NULL,
  `subject` varchar(255) DEFAULT NULL,
  `timestamp` datetime NOT NULL,
  `tujuan` varchar(255) NOT NULL,
  PRIMARY KEY (`id`)
) ENGINE=InnoDB DEFAULT CHARSET=latin1;

INSERT INTO `t_notification` (`id`, `from_name`, `message`, `notif_status`, `notif_type`, `subject`, `timestamp`, `tujuan`) VALUES
('1a7ee335-aa49-4be0-8694-7d8b2ddd1902',  'T-MONEY - Smart way to pay', 'OTP untuk login adalah 7453',  'SUCCESS',  'EMAIL',  'T-MONEY - OTP Login',  '2019-03-08 09:36:53',  'admin.mpg@yopmail.com'),
('32c0fd4f-ad27-4e31-b987-045269174ba2',  'T-MONEY - Smart way to pay', 'OTP untuk login adalah 0246',  'SUCCESS',  'EMAIL',  'T-MONEY - OTP Login',  '2019-03-12 11:06:44',  'vaansaa@yopmail.com'),
('3742dfa1-0033-4b79-ad68-af6df8cdc2df',  'T-MONEY - Smart way to pay', 'OTP untuk login adalah 0101',  'SUCCESS',  'EMAIL',  'T-MONEY - OTP Login',  '2019-03-12 11:13:17',  'admin.mpg@yopmail.com'),
('3efeac9e-08fb-405f-a46a-828a30cb9d0a',  'T-MONEY - Smart way to pay', 'OTP untuk login adalah 5070',  'SUCCESS',  'EMAIL',  'T-MONEY - OTP Login',  '2019-03-11 15:53:03',  'anggi.riyandi@yopmail.com'),
('4a5932af-bc02-43af-8887-f1e6e52fef9d',  'T-MONEY - Smart way to pay', 'OTP untuk login adalah 6531',  'SUCCESS',  'EMAIL',  'T-MONEY - OTP Login',  '2019-03-11 10:32:11',  'admin.mpg@yopmail.com'),
('4e6f3e1e-3816-4d2d-b96f-42547180dd87',  'T-MONEY - Smart way to pay', 'OTP untuk login adalah 2927',  'SUCCESS',  'EMAIL',  'T-MONEY - OTP Login',  '2019-03-12 11:08:10',  'admin.mpg@yopmail.com'),
('72c86c3b-be99-4bc8-8455-4eda4f57d87c',  'T-MONEY - Smart way to pay', 'OTP untuk login adalah 8631',  'SUCCESS',  'EMAIL',  'T-MONEY - OTP Login',  '2019-03-12 11:02:24',  'vaansaa@yopmail.com'),
('7abb9deb-a4c9-42cb-b4be-cf6ad055c90a',  'T-MONEY - Smart way to pay', 'OTP untuk login adalah 9874',  'SUCCESS',  'EMAIL',  'T-MONEY - OTP Login',  '2019-03-12 11:11:10',  'admin.mpg@yopmail.com'),
('85644063-bce3-422e-a578-214168e0f18f',  'T-MONEY - Smart way to pay', 'OTP untuk login adalah 1733',  'SUCCESS',  'EMAIL',  'T-MONEY - OTP Login',  '2019-03-12 11:13:47',  'admin.mpg@yopmail.com'),
('90ff49d3-66c9-483f-b0fe-2ac50b52533c',  'T-MONEY - Smart way to pay', 'OTP untuk login adalah 1800',  'SUCCESS',  'EMAIL',  'T-MONEY - OTP Login',  '2019-03-08 10:34:52',  'admin.mpg@yopmail.com'),
('98fdf8ed-856c-415f-8d36-d0ace0aff115',  'T-MONEY - Smart way to pay', 'OTP untuk login adalah 6149',  'SUCCESS',  'EMAIL',  'T-MONEY - OTP Login',  '2019-03-08 09:38:26',  'vaansaa@yopmail.com'),
('9df9623d-934e-4aeb-bc8c-e02b3bb74d2e',  'T-MONEY - Smart way to pay', 'OTP untuk login adalah 6651',  'SUCCESS',  'EMAIL',  'T-MONEY - OTP Login',  '2019-03-11 09:49:38',  'vaansaa@yopmail.com'),
('bc1f91ba-dc53-467c-b972-f41254f45c8a',  'T-MONEY - Smart way to pay', 'OTP untuk login adalah 2391',  'SUCCESS',  'EMAIL',  'T-MONEY - OTP Login',  '2019-03-12 11:12:09',  'admin.mpg@yopmail.com'),
('c62b6033-d0a1-4acd-845b-98c225eac5e4',  'T-MONEY - Smart way to pay', 'OTP untuk login adalah 8647',  'SUCCESS',  'EMAIL',  'T-MONEY - OTP Login',  '2019-03-08 10:45:45',  'admin.mpg@yopmail.com'),
('d0b8c00e-9f93-45e5-8096-9aaff5a4dc4d',  'T-MONEY - Smart way to pay', 'OTP untuk login adalah 9561',  'SUCCESS',  'EMAIL',  'T-MONEY - OTP Login',  '2019-03-12 11:14:39',  'admin.mpg@yopmail.com'),
('dd608f17-39f1-49ce-aa62-49a090a2fb4d',  'T-MONEY - Smart way to pay', 'OTP untuk login adalah 6762',  'SUCCESS',  'EMAIL',  'T-MONEY - OTP Login',  '2019-03-12 11:01:24',  'vaansaa@yopmail.com'),
('efa30e06-ae0e-45ef-b8db-aeb9406d8c17',  'T-MONEY - Smart way to pay', 'OTP untuk login adalah 7249',  'SUCCESS',  'EMAIL',  'T-MONEY - OTP Login',  '2019-03-06 14:43:38',  'vaansaa@yopmail.com'),
('f0aa4b1b-08d4-4bfd-9eee-402c6eebdf54',  'T-MONEY - Smart way to pay', 'OTP untuk login adalah 2327',  'SUCCESS',  'EMAIL',  'T-MONEY - OTP Login',  '2019-03-07 20:55:54',  'vaansaa@yopmail.com');

DROP TABLE IF EXISTS `user_login_aud`;
CREATE TABLE `user_login_aud` (
  `id` varchar(36) NOT NULL,
  `aplication_type` varchar(255) DEFAULT NULL,
  `browser` varchar(255) DEFAULT NULL,
  `ip_address` varchar(255) DEFAULT NULL,
  `login_time` datetime DEFAULT NULL,
  `message` varchar(255) DEFAULT NULL,
  `operating_system` varchar(255) DEFAULT NULL,
  `session_id` varchar(255) DEFAULT NULL,
  `username` varchar(255) NOT NULL,
  `id_client_partner` varchar(36) DEFAULT NULL,
  PRIMARY KEY (`id`),
  KEY `FKeek0mah4rcl696tbggsnhvx6j` (`id_client_partner`),
  CONSTRAINT `FKeek0mah4rcl696tbggsnhvx6j` FOREIGN KEY (`id_client_partner`) REFERENCES `m_client_partner` (`id`)
) ENGINE=InnoDB DEFAULT CHARSET=latin1;

INSERT INTO `user_login_aud` (`id`, `aplication_type`, `browser`, `ip_address`, `login_time`, `message`, `operating_system`, `session_id`, `username`, `id_client_partner`) VALUES
('0105a86a-6e02-44e1-b6d8-87c6119df95d',  'ADMIN',  'Chrome-66.0.3359.139', '36.70.102.187',  '2019-03-11 09:49:38',  'Trying to login with Another Device',  'Unix', 'a2c6c545-6cf0-49f9-a233-240d431bc085', 'vaansaa@yopmail.com',  NULL),
('02deae85-7654-40bc-a24f-eb2ced46c5e0',  'MERCHANT', 'Chrome-64.0.3282.140', '125.160.113.227',  '2019-02-27 14:30:52',  'LOGIN SUCCESS',  'Windows',  '75a82978-a473-451b-aa47-1720020534df', 'ekolapaks2@yopmail.com', '01e2afa7-477f-462e-914d-b35f59a21bb5'),
('061d4cdd-26bf-4759-9262-c3184f95cb10',  'ADMIN',  'Chrome-72.0.3626.121', '36.70.102.187',  '2019-03-08 09:58:13',  'LOGIN SUCCESS',  'Unix', 'c7257cb6-67f7-49db-8e6c-06a5f7e3a4f6', 'admin.mpg@yopmail.com',  NULL),
('07603b4f-a699-42ca-a759-d4f56a52a4c3',  'ADMIN',  'Chrome-64.0.3282.140', '125.160.112.180',  '2019-03-11 10:33:00',  'LOGIN SUCCESS',  'Windows',  '1ca3dd84-73ab-4b03-83ee-fd93b63f668f', 'admin.mpg@yopmail.com',  NULL),
('0e57ff77-4340-4b84-bb50-3bc8b461dcd2',  'MERCHANT', 'Chrome-66.0.3359.139', '36.70.102.187',  '2019-03-11 15:53:22',  'Invalid Captcha',  'Unix', '6b160c21-3ccb-4380-93d3-94e3f6f383ab', 'anggi.riyandi@yopmail.com',  '4f57f911-0b53-4e56-be64-c5f0499f17f3'),
('10f2276b-96bd-4059-b301-e5ef52951126',  'MERCHANT', 'Chrome-68.0.3440.84',  '125.160.112.143',  '2019-02-27 14:50:38',  'LOGIN SUCCESS',  'Unix', 'c2f655b4-9399-49b8-a042-16270776f19a', 'iqbalpandoyo@yopmail.com', '9e1949ef-9e87-4464-96b0-199caa914cfa'),
('11839843-ba00-48cf-9052-b411ef98a948',  'ADMIN',  'Chrome-66.0.3359.139', '36.70.102.187',  '2019-03-11 09:59:32',  'LOGIN SUCCESS',  'Unix', 'a2c6c545-6cf0-49f9-a233-240d431bc085', 'vaansaa@yopmail.com',  NULL),
('1347f76c-04ca-44e0-8912-7eb50c6bdad5',  'ADMIN',  'Chrome-66.0.3359.139', '36.70.102.187',  '2019-03-11 09:51:56',  'LOGIN SUCCESS',  'Unix', 'a2c6c545-6cf0-49f9-a233-240d431bc085', 'vaansaa@yopmail.com',  NULL),
('14a6b3dd-d2d5-47af-881c-438131463123',  'ADMIN',  'Chrome-66.0.3359.139', '125.160.112.143',  '2019-02-28 11:20:22',  'LOGIN SUCCESS',  'Unix', 'ed5f157f-5770-45a5-b562-5c7c5a37badb', 'vaansaa@yopmail.com',  NULL),
('15a43940-2acc-4b42-872e-ca80d8b3379a',  'ADMIN',  'Chrome-66.0.3359.139', '36.70.102.187',  '2019-03-12 11:02:38',  'Invalid Captcha',  'Unix', 'deb8b55f-101e-411d-920e-842eefb6619c', 'vaansaa@yopmail.com',  NULL),
('195ba15f-3f64-4f29-bcb9-c5559fbddaae',  'ADMIN',  'Chrome-66.0.3359.139', '36.70.102.187',  '2019-03-11 10:24:06',  'LOGIN SUCCESS',  'Unix', 'a2c6c545-6cf0-49f9-a233-240d431bc085', 'vaansaa@yopmail.com',  NULL),
('1f1a462c-b8ae-4aaf-9325-c0afb72e3977',  'ADMIN',  'Chrome-66.0.3359.139', '125.160.112.143',  '2019-02-27 16:37:09',  'Trying to login with Another Device',  'Unix', 'ed5f157f-5770-45a5-b562-5c7c5a37badb', 'vaansaa@yopmail.com',  NULL),
('1f701de3-51ff-4898-930e-30d348f1a4c3',  'ADMIN',  'Chrome-66.0.3359.139', '125.160.112.143',  '2019-02-27 14:29:05',  'LOGIN SUCCESS',  'Unix', '3280bf1d-6432-4ec1-ac20-a7b09b1dacab', 'vaansaa@yopmail.com',  NULL),
('206c11b2-de07-439e-9629-ac9ef1828da8',  'ADMIN',  'Chrome-72.0.3626.121', '36.70.102.187',  '2019-03-08 09:38:39',  'LOGIN SUCCESS',  'Unix', 'c7257cb6-67f7-49db-8e6c-06a5f7e3a4f6', 'vaansaa@yopmail.com',  NULL),
('21ca25e9-c297-45b0-8e23-63dcef16dcd5',  'ADMIN',  'Chrome-64.0.3282.140', '36.89.26.108', '2019-03-12 11:14:58',  'Invalid Captcha',  'Windows',  'b9f2ac36-0438-40bd-a830-4981cce126d1', 'admin.mpg@yopmail.com',  NULL),
('234805b7-d8ef-4495-871e-9159df7cfaa6',  'ADMIN',  'Chrome-66.0.3359.139', '36.70.102.187',  '2019-03-06 16:10:03',  'LOGIN SUCCESS',  'Unix', '4ebfb447-6d16-4a1b-b1c7-916a99771e9f', 'vaansaa@yopmail.com',  NULL),
('23c61607-d49a-496d-af0f-316115530b4e',  'ADMIN',  'Chrome-66.0.3359.139', '114.124.141.127',  '2019-03-07 23:03:36',  'LOGIN SUCCESS',  'Unix', '061b86e6-4048-44b7-829d-131ef9b6b8b0', 'vaansaa@yopmail.com',  NULL),
('23d82173-c35a-4c20-a324-5ed3bcc57104',  'ADMIN',  'Chrome-66.0.3359.139', '114.124.139.98', '2019-03-07 21:22:19',  'LOGIN SUCCESS',  'Unix', '061b86e6-4048-44b7-829d-131ef9b6b8b0', 'vaansaa@yopmail.com',  NULL),
('23d977ff-c97b-4668-8be6-ce728cee5e48',  'ADMIN',  'Chrome-66.0.3359.139', '36.70.102.187',  '2019-03-11 13:09:44',  'Invalid Captcha',  'Unix', 'a2c6c545-6cf0-49f9-a233-240d431bc085', 'vaansaa@yopmail.com',  NULL),
('288491d1-d2c6-4b36-b5d0-a4e9a9b467b7',  'ADMIN',  'Chrome-66.0.3359.139', '36.70.102.187',  '2019-03-11 10:10:03',  'LOGIN SUCCESS',  'Unix', 'a2c6c545-6cf0-49f9-a233-240d431bc085', 'vaansaa@yopmail.com',  NULL),
('290b1b3b-9068-486a-b056-0cc3843c9594',  'MERCHANT', 'Chrome-64.0.3282.140', '125.160.113.227',  '2019-02-27 16:41:16',  'LOGIN SUCCESS',  'Windows',  '75a82978-a473-451b-aa47-1720020534df', 'ekolapaks2@yopmail.com', '01e2afa7-477f-462e-914d-b35f59a21bb5'),
('2cc9cfe2-54e7-4572-9bc9-f3e83f711c85',  'MERCHANT', 'Chrome-68.0.3440.84',  '125.160.112.213',  '2019-02-27 12:27:18',  'LOGIN SUCCESS',  'Unix', '9e6b4b90-a6f7-4fa9-909d-1b286c223fe5', 'iqbalpandoyo@yopmail.com', '9e1949ef-9e87-4464-96b0-199caa914cfa'),
('2d03ab36-265e-4b72-9efe-049c6e62e596',  'MERCHANT', 'Chrome-68.0.3440.84',  '125.160.112.143',  '2019-02-27 14:33:23',  'LOGIN SUCCESS',  'Unix', 'c2f655b4-9399-49b8-a042-16270776f19a', 'iqbalpandoyo@yopmail.com', '9e1949ef-9e87-4464-96b0-199caa914cfa'),
('2fbe6505-2da8-4e1d-a67c-bca8f7ab7a61',  'MERCHANT', 'Chrome-64.0.3282.140', '125.160.112.191',  '2019-02-28 10:05:27',  'LOGIN SUCCESS',  'Windows',  '75a82978-a473-451b-aa47-1720020534df', 'ekolapaks2@yopmail.com', '01e2afa7-477f-462e-914d-b35f59a21bb5'),
('3074e5f3-00e1-436f-be0e-c22f3c28ee50',  'ADMIN',  'Chrome-66.0.3359.139', '36.70.102.187',  '2019-03-11 09:49:56',  'LOGIN SUCCESS',  'Unix', 'a2c6c545-6cf0-49f9-a233-240d431bc085', 'vaansaa@yopmail.com',  NULL),
('32e79fbe-b886-42bf-939c-c516e6c026ae',  'ADMIN',  'Chrome-66.0.3359.139', '36.70.102.187',  '2019-03-11 10:13:29',  'LOGIN SUCCESS',  'Unix', 'a2c6c545-6cf0-49f9-a233-240d431bc085', 'vaansaa@yopmail.com',  NULL),
('3328bf44-59b8-4334-9be8-167e2c7f96e5',  'ADMIN',  'Chrome-66.0.3359.139', '36.70.102.187',  '2019-03-11 10:09:35',  'Invalid Captcha',  'Unix', 'a2c6c545-6cf0-49f9-a233-240d431bc085', 'vaansaa@yopmail.com',  NULL),
('362decb2-47f6-4c62-8dfb-73a81a4d716d',  'ADMIN',  'Chrome-66.0.3359.139', '125.160.112.213',  '2019-02-27 11:57:27',  'LOGIN SUCCESS',  'Unix', '3280bf1d-6432-4ec1-ac20-a7b09b1dacab', 'vaansaa@yopmail.com',  NULL),
('37cd26aa-3ef5-487d-a759-fb3ad57d2b39',  'ADMIN',  'Chrome-66.0.3359.139', '36.70.102.187',  '2019-03-06 14:45:44',  'LOGIN SUCCESS',  'Unix', '4ebfb447-6d16-4a1b-b1c7-916a99771e9f', 'vaansaa@yopmail.com',  NULL),
('39b6a9cf-1d26-45a8-91ba-4f743d516fd1',  'ADMIN',  'Chrome-66.0.3359.139', '36.70.102.187',  '2019-03-06 14:57:25',  'LOGIN SUCCESS',  'Unix', '4ebfb447-6d16-4a1b-b1c7-916a99771e9f', 'vaansaa@yopmail.com',  NULL),
('3b5b39ff-6108-45f6-a777-d7edc8510e57',  'ADMIN',  'Chrome-66.0.3359.139', '114.124.141.195',  '2019-03-07 20:55:54',  'Trying to login with Another Device',  'Unix', '061b86e6-4048-44b7-829d-131ef9b6b8b0', 'vaansaa@yopmail.com',  NULL),
('3dbc4300-b749-499f-841d-d97b28a6fa36',  'ADMIN',  'Chrome-64.0.3282.140', '36.89.26.108', '2019-03-08 10:46:00',  'LOGIN SUCCESS',  'Windows',  'c995b44a-ffce-4047-9c62-c0ee25ca00d8', 'admin.mpg@yopmail.com',  NULL),
('4021d916-ea28-45b4-9025-5d0d0c3039db',  'ADMIN',  'Chrome-64.0.3282.140', '36.89.26.108', '2019-03-12 11:08:10',  'Trying to login with Another Device',  'Windows',  'b9f2ac36-0438-40bd-a830-4981cce126d1', 'admin.mpg@yopmail.com',  NULL),
('43ef4462-1a42-473c-a735-5c700f3a7e18',  'ADMIN',  'Chrome-72.0.3626.121', '36.70.102.187',  '2019-03-08 09:38:26',  'Trying to login with Another Device',  'Unix', 'c7257cb6-67f7-49db-8e6c-06a5f7e3a4f6', 'vaansaa@yopmail.com',  NULL),
('46b76836-5e93-4b18-b44a-18d7adc7581f',  'ADMIN',  'Chrome-64.0.3282.140', '118.98.32.253',  '2019-02-28 11:27:27',  'LOGIN SUCCESS',  'Windows',  '57b9dfc2-f075-4bd7-a036-f93f7df58d0f', 'admin.mpg@yopmail.com',  NULL),
('46f94d4d-0986-44bc-a565-e0a1be202fe3',  'ADMIN',  'Chrome-66.0.3359.139', '36.70.102.187',  '2019-03-06 15:41:06',  'LOGIN SUCCESS',  'Unix', '4ebfb447-6d16-4a1b-b1c7-916a99771e9f', 'vaansaa@yopmail.com',  NULL),
('496fb0fd-6062-4840-a3b3-f28a623e4be6',  'ADMIN',  'Chrome-66.0.3359.139', '36.70.102.187',  '2019-03-11 10:36:07',  'LOGIN SUCCESS',  'Unix', 'a2c6c545-6cf0-49f9-a233-240d431bc085', 'vaansaa@yopmail.com',  NULL),
('4dd51864-f30a-49d2-8d06-b26b975b0cb6',  'MERCHANT', 'Chrome-64.0.3282.140', '118.98.32.253',  '2019-02-28 13:00:47',  'LOGIN SUCCESS',  'Windows',  '75a82978-a473-451b-aa47-1720020534df', 'ekolapaks2@yopmail.com', '01e2afa7-477f-462e-914d-b35f59a21bb5'),
('4e0710ed-a4da-4de4-b628-af3fbbf4f4a9',  'ADMIN',  'Chrome-66.0.3359.139', '36.70.102.187',  '2019-03-06 15:52:19',  'LOGIN SUCCESS',  'Unix', '4ebfb447-6d16-4a1b-b1c7-916a99771e9f', 'vaansaa@yopmail.com',  NULL),
('4e115486-0daf-4cbe-825b-e55587a1ee19',  'ADMIN',  'Chrome-66.0.3359.139', '36.70.102.187',  '2019-03-06 14:44:12',  'LOGIN SUCCESS',  'Unix', '4ebfb447-6d16-4a1b-b1c7-916a99771e9f', 'vaansaa@yopmail.com',  NULL),
('4f4913f4-5d96-4005-afab-a2a7cbc77e4f',  'MERCHANT', 'Chrome-68.0.3440.84',  '125.160.112.213',  '2019-02-27 13:53:11',  'LOGIN SUCCESS',  'Unix', '9e6b4b90-a6f7-4fa9-909d-1b286c223fe5', 'iqbalpandoyo@yopmail.com', '9e1949ef-9e87-4464-96b0-199caa914cfa'),
('544ecca9-1381-473c-b6cc-0f5dc91a0e1b',  'MERCHANT', 'Chrome-68.0.3440.84',  '125.160.112.213',  '2019-02-27 11:23:46',  'LOGIN SUCCESS',  'Unix', '9e6b4b90-a6f7-4fa9-909d-1b286c223fe5', 'iqbalpandoyo@yopmail.com', '9e1949ef-9e87-4464-96b0-199caa914cfa'),
('56093f1e-e736-4b58-82dc-aa684d326690',  'ADMIN',  'Chrome-66.0.3359.139', '114.124.172.82', '2019-03-07 21:00:52',  'LOGIN SUCCESS',  'Unix', '061b86e6-4048-44b7-829d-131ef9b6b8b0', 'vaansaa@yopmail.com',  NULL),
('591b2864-1e3e-491e-9e1e-11821ff24820',  'ADMIN',  'Chrome-66.0.3359.139', '36.70.102.187',  '2019-03-11 11:38:16',  'LOGIN SUCCESS',  'Unix', 'a2c6c545-6cf0-49f9-a233-240d431bc085', 'vaansaa@yopmail.com',  NULL),
('5b2ea873-a955-47e6-93e7-f9d4296df6ef',  'MERCHANT', 'Chrome-64.0.3282.140', '118.98.32.253',  '2019-02-28 13:50:22',  'LOGIN SUCCESS',  'Windows',  '75a82978-a473-451b-aa47-1720020534df', 'ekolapaks2@yopmail.com', '01e2afa7-477f-462e-914d-b35f59a21bb5'),
('5bb92246-464e-4c27-934c-6851e30e11ba',  'ADMIN',  'Chrome-66.0.3359.139', '36.70.102.187',  '2019-03-12 11:01:47',  'Invalid Captcha',  'Unix', 'deb8b55f-101e-411d-920e-842eefb6619c', 'vaansaa@yopmail.com',  NULL),
('5f5de062-fc5c-47bb-b744-f408cf9abb17',  'ADMIN',  'Chrome-66.0.3359.139', '36.70.102.187',  '2019-03-11 10:35:24',  'Bad credentials',  'Unix', '5C346A875093C129E76E165BF231679F', 'vaansaa@yopmail.com',  NULL),
('60feac85-c0a0-45df-9e58-6e12841e7b98',  'ADMIN',  'Chrome-64.0.3282.140', '36.89.26.108', '2019-03-12 09:05:07',  'LOGIN SUCCESS',  'Windows',  '1ca3dd84-73ab-4b03-83ee-fd93b63f668f', 'admin.mpg@yopmail.com',  NULL),
('6440b991-66b1-4d81-bc1b-87779510eca8',  'ADMIN',  'Chrome-66.0.3359.139', '36.70.102.187',  '2019-03-06 15:29:01',  'LOGIN SUCCESS',  'Unix', '4ebfb447-6d16-4a1b-b1c7-916a99771e9f', 'vaansaa@yopmail.com',  NULL),
('64ca9fe6-a9cc-4d3d-b4b4-484098353bcf',  'ADMIN',  'Chrome-66.0.3359.139', '36.70.102.187',  '2019-03-11 10:35:43',  'Bad credentials',  'Unix', '5C346A875093C129E76E165BF231679F', 'vaansaa@yopmail.com',  NULL),
('6541be33-7504-4367-adc2-447ddaed1769',  'ADMIN',  'Chrome-66.0.3359.139', '125.160.112.143',  '2019-02-27 16:37:27',  'LOGIN SUCCESS',  'Unix', 'ed5f157f-5770-45a5-b562-5c7c5a37badb', 'vaansaa@yopmail.com',  NULL),
('67ee0ca9-581b-47d2-97c4-890b399c063c',  'ADMIN',  'Chrome-66.0.3359.139', '36.70.102.187',  '2019-03-11 15:32:10',  'Invalid Captcha',  'Unix', 'a2c6c545-6cf0-49f9-a233-240d431bc085', 'vaansaa@yopmail.com',  NULL),
('691c9a25-1b51-45cb-8181-c56039717960',  'MERCHANT', 'Chrome-68.0.3440.84',  '125.160.112.143',  '2019-02-27 18:17:03',  'Trying to login with Another Device',  'Unix', '9e6b4b90-a6f7-4fa9-909d-1b286c223fe5', 'iqbalpandoyo@yopmail.com', '9e1949ef-9e87-4464-96b0-199caa914cfa'),
('69bd8126-ceeb-44cd-bf00-42bb0bbf34e5',  'ADMIN',  'Chrome-66.0.3359.139', '36.70.102.187',  '2019-03-06 14:56:49',  'Bad credentials',  'Unix', '5CE98329E9C5CA6CDF4FB0B7159BF788', 'vaansaa@yopmail.com',  NULL),
('73f49bd1-a616-401b-a529-10b92469cffd',  'ADMIN',  'Chrome-66.0.3359.139', '36.70.102.187',  '2019-03-12 11:02:24',  'Trying to login with Another Device',  'Unix', 'deb8b55f-101e-411d-920e-842eefb6619c', 'vaansaa@yopmail.com',  NULL),
('75d67292-bb23-45ef-af7b-9c0141d0cf41',  'ADMIN',  'Chrome-64.0.3282.140', '125.160.112.191',  '2019-02-28 15:54:27',  'Trying to login with Another Device',  'Windows',  'a79da14e-b944-4dc9-95c2-afaf14b48111', 'admin.mpg@yopmail.com',  NULL),
('77aefdaf-5e3d-4e19-ae19-29274e152a6d',  'ADMIN',  'Chrome-66.0.3359.139', '36.70.102.187',  '2019-03-11 11:15:19',  'Bad credentials',  'Unix', '9A8EA9949526D6373F76B56D6E35BDF0', 'vaansaa@yopmail.com',  NULL),
('7c7571b4-cfa4-4f56-a025-b1746950b53d',  'MERCHANT', 'Chrome-68.0.3440.84',  '125.160.112.213',  '2019-02-27 12:28:57',  'LOGIN SUCCESS',  'Unix', '9e6b4b90-a6f7-4fa9-909d-1b286c223fe5', 'iqbalpandoyo@yopmail.com', '9e1949ef-9e87-4464-96b0-199caa914cfa'),
('7c879c12-f9a4-49a9-8254-f8797032ff5d',  'ADMIN',  'Chrome-64.0.3282.140', '36.89.26.108', '2019-03-12 11:14:25',  'Invalid Captcha',  'Windows',  'b9f2ac36-0438-40bd-a830-4981cce126d1', 'admin.mpg@yopmail.com',  NULL),
('7decb507-f974-43ee-9e97-7024d117fd97',  'ADMIN',  'Chrome-72.0.3626.121', '36.70.102.187',  '2019-03-08 13:17:34',  'LOGIN SUCCESS',  'Unix', 'c7257cb6-67f7-49db-8e6c-06a5f7e3a4f6', 'vaansaa@yopmail.com',  NULL),
('838945ee-51ae-4d73-b0ad-3923a18bdbbd',  'ADMIN',  'Chrome-66.0.3359.139', '36.70.102.187',  '2019-03-12 09:08:46',  'LOGIN SUCCESS',  'Unix', 'a2c6c545-6cf0-49f9-a233-240d431bc085', 'vaansaa@yopmail.com',  NULL),
('8617726b-74dc-4937-af7e-fe724d36d6b2',  'ADMIN',  'Chrome-64.0.3282.140', '125.160.113.227',  '2019-02-27 16:30:00',  'LOGIN SUCCESS',  'Windows',  '57b9dfc2-f075-4bd7-a036-f93f7df58d0f', 'admin.mpg@yopmail.com',  NULL),
('8678b3f6-7ff0-4507-a395-47e2919f9c74',  'ADMIN',  'Chrome-72.0.3626.121', '36.70.102.187',  '2019-03-08 09:36:53',  'Trying to login with Another Device',  'Unix', 'c7257cb6-67f7-49db-8e6c-06a5f7e3a4f6', 'admin.mpg@yopmail.com',  NULL),
('8813479c-1bf9-48f1-8e53-be24ddc9186e',  'ADMIN',  'Chrome-64.0.3282.140', '36.89.26.108', '2019-03-12 11:10:59',  'Invalid Captcha',  'Windows',  'b9f2ac36-0438-40bd-a830-4981cce126d1', 'admin.mpg@yopmail.com',  NULL),
('8bcafec4-7d80-4d1a-8ede-357c91ffb1f7',  'MERCHANT', 'Chrome-64.0.3282.140', '125.160.113.227',  '2019-02-27 14:50:16',  'LOGIN SUCCESS',  'Windows',  '75a82978-a473-451b-aa47-1720020534df', 'ekolapaks2@yopmail.com', '01e2afa7-477f-462e-914d-b35f59a21bb5'),
('8bde72b6-f198-4a5b-a1a8-122f0dd8947c',  'ADMIN',  'Chrome-64.0.3282.140', '36.89.26.108', '2019-03-12 11:14:39',  'Trying to login with Another Device',  'Windows',  'b9f2ac36-0438-40bd-a830-4981cce126d1', 'admin.mpg@yopmail.com',  NULL),
('8d538c88-8eec-4860-9bb8-3a12824fba28',  'ADMIN',  'Chrome-66.0.3359.139', '36.70.102.187',  '2019-03-11 10:03:47',  'Bad credentials',  'Unix', '21B9111D51AEEA65DEA20CD8B8552B23', 'vaansaa@yopmail.com',  NULL),
('8faf488c-cd1d-482f-8cf5-3a08f6eb692c',  'ADMIN',  'Chrome-66.0.3359.139', '125.160.112.143',  '2019-02-28 11:20:06',  'Bad credentials',  'Unix', '631E69D9ED8068CD30A917A364BF77D6', 'vaansaa@yopmail.com',  NULL),
('90d8d7e6-5212-40e9-a6dd-a4fe8abf9897',  'MERCHANT', 'Chrome-64.0.3282.140', '125.160.113.227',  '2019-02-27 14:10:58',  'LOGIN SUCCESS',  'Windows',  '75a82978-a473-451b-aa47-1720020534df', 'ekolapaks2@yopmail.com', '01e2afa7-477f-462e-914d-b35f59a21bb5'),
('946890d6-9b9f-45f8-b28c-9b085bada81c',  'ADMIN',  'Chrome-66.0.3359.139', '36.70.102.187',  '2019-03-12 11:01:24',  'Trying to login with Another Device',  'Unix', 'deb8b55f-101e-411d-920e-842eefb6619c', 'vaansaa@yopmail.com',  NULL),
('965525e6-041e-48d1-af4d-1ba7e8b4a07b',  'ADMIN',  'Chrome-72.0.3626.121', '36.70.102.187',  '2019-03-08 09:37:17',  'LOGIN SUCCESS',  'Unix', 'c7257cb6-67f7-49db-8e6c-06a5f7e3a4f6', 'admin.mpg@yopmail.com',  NULL),
('96de8463-3de1-403e-a03b-56f29487b6ef',  'ADMIN',  'Chrome-64.0.3282.140', '125.160.112.180',  '2019-03-11 10:35:08',  'LOGIN SUCCESS',  'Windows',  '1ca3dd84-73ab-4b03-83ee-fd93b63f668f', 'admin.mpg@yopmail.com',  NULL),
('98d98785-e47c-48d0-a453-c04959e49016',  'ADMIN',  'Chrome-64.0.3282.140', '36.89.26.108', '2019-03-08 14:38:07',  'LOGIN SUCCESS',  'Windows',  'c995b44a-ffce-4047-9c62-c0ee25ca00d8', 'admin.mpg@yopmail.com',  NULL),
('9d132eb7-ae58-4c96-b953-192c0ae2c181',  'ADMIN',  'Chrome-66.0.3359.139', '36.70.102.187',  '2019-03-12 11:06:56',  'Invalid Captcha',  'Unix', 'deb8b55f-101e-411d-920e-842eefb6619c', 'vaansaa@yopmail.com',  NULL),
('9f60ec82-1824-4488-a5cc-4f402b00c7ea',  'ADMIN',  'Chrome-66.0.3359.139', '125.160.112.143',  '2019-02-27 16:00:05',  'LOGIN SUCCESS',  'Unix', '3280bf1d-6432-4ec1-ac20-a7b09b1dacab', 'vaansaa@yopmail.com',  NULL),
('a1367575-6d1a-4075-8077-f657bd0c29c9',  'MERCHANT', 'Chrome-66.0.3359.139', '125.160.112.213',  '2019-02-27 11:22:07',  'LOGIN SUCCESS',  'Unix', '08ea1919-293f-49da-8df3-8c279962c1a6', 'anggi.riyandi@yopmail.com',  '4f57f911-0b53-4e56-be64-c5f0499f17f3'),
('a19ef54a-0299-4c29-af1e-78d6c153ab25',  'ADMIN',  'Chrome-64.0.3282.140', '118.98.32.253',  '2019-02-28 13:01:28',  'LOGIN SUCCESS',  'Windows',  '57b9dfc2-f075-4bd7-a036-f93f7df58d0f', 'admin.mpg@yopmail.com',  NULL),
('a37914b6-e571-4a0f-9c35-b3a86cb81c51',  'ADMIN',  'Chrome-66.0.3359.139', '125.160.112.143',  '2019-02-27 17:39:53',  'LOGIN SUCCESS',  'Unix', 'ed5f157f-5770-45a5-b562-5c7c5a37badb', 'vaansaa@yopmail.com',  NULL),
('a429fdc4-a45d-4a5f-ab0f-9385f8a18488',  'ADMIN',  'Chrome-64.0.3282.140', '36.89.26.108', '2019-03-08 10:34:52',  'Trying to login with Another Device',  'Windows',  'c995b44a-ffce-4047-9c62-c0ee25ca00d8', 'admin.mpg@yopmail.com',  NULL),
('a84c35ed-4202-49c1-8808-d181db356090',  'ADMIN',  'Chrome-66.0.3359.139', '36.70.102.187',  '2019-03-11 11:15:57',  'LOGIN SUCCESS',  'Unix', 'a2c6c545-6cf0-49f9-a233-240d431bc085', 'vaansaa@yopmail.com',  NULL),
('a8cb037e-dd06-443f-b27d-238c31ada55b',  'ADMIN',  'Chrome-64.0.3282.140', '36.89.26.108', '2019-03-12 11:11:42',  'Invalid Captcha',  'Windows',  'b9f2ac36-0438-40bd-a830-4981cce126d1', 'admin.mpg@yopmail.com',  NULL),
('a9422dcd-6181-43ab-a2bc-fda44794be93',  'ADMIN',  'Chrome-64.0.3282.140', '36.89.26.108', '2019-03-08 13:44:13',  'LOGIN SUCCESS',  'Windows',  'c995b44a-ffce-4047-9c62-c0ee25ca00d8', 'admin.mpg@yopmail.com',  NULL),
('ad489e66-9d43-4475-95f8-57383e4513a7',  'ADMIN',  'Chrome-66.0.3359.139', '36.70.102.187',  '2019-03-11 10:04:07',  'LOGIN SUCCESS',  'Unix', 'a2c6c545-6cf0-49f9-a233-240d431bc085', 'vaansaa@yopmail.com',  NULL),
('b252983e-0a80-480e-9daa-eb5cdaafff13',  'ADMIN',  'Chrome-64.0.3282.140', '125.160.113.227',  '2019-02-27 17:15:51',  'LOGIN SUCCESS',  'Windows',  '57b9dfc2-f075-4bd7-a036-f93f7df58d0f', 'admin.mpg@yopmail.com',  NULL),
('b276ac39-ff79-4427-9111-2f38343137ca',  'MERCHANT', 'Chrome-68.0.3440.84',  '125.160.112.143',  '2019-02-27 14:33:07',  'Trying to login with Another Device',  'Unix', 'c2f655b4-9399-49b8-a042-16270776f19a', 'iqbalpandoyo@yopmail.com', '9e1949ef-9e87-4464-96b0-199caa914cfa'),
('b2f01bf8-a7f8-48d3-8ff4-2ad87de422c7',  'ADMIN',  'Chrome-66.0.3359.139', '125.160.112.143',  '2019-02-27 14:28:46',  'Invalid Captcha',  'Unix', '3280bf1d-6432-4ec1-ac20-a7b09b1dacab', 'vaansaa@yopmail.com',  NULL),
('b80978c8-5c0c-4a4f-97a6-76f589cc6faf',  'ADMIN',  'Chrome-72.0.3626.121', '36.70.102.187',  '2019-03-08 09:38:13',  'Invalid Captcha',  'Unix', 'c7257cb6-67f7-49db-8e6c-06a5f7e3a4f6', 'vaansaa@yopmail.com',  NULL),
('ba23c335-cce6-403b-ab14-1de464c8d44b',  'ADMIN',  'Chrome-64.0.3282.140', '36.89.26.108', '2019-03-12 11:11:10',  'Trying to login with Another Device',  'Windows',  'b9f2ac36-0438-40bd-a830-4981cce126d1', 'admin.mpg@yopmail.com',  NULL),
('bad7e179-0c7f-40d6-a93d-46b21dd5cbfc',  'ADMIN',  'Chrome-66.0.3359.139', '36.70.102.187',  '2019-03-11 11:15:36',  'Invalid Captcha',  'Unix', 'a2c6c545-6cf0-49f9-a233-240d431bc085', 'vaansaa@yopmail.com',  NULL),
('bb896b2a-dd57-4711-80c7-d2665fbd4b84',  'MERCHANT', 'Chrome-68.0.3440.84',  '125.160.112.143',  '2019-02-27 14:45:14',  'LOGIN SUCCESS',  'Unix', 'c2f655b4-9399-49b8-a042-16270776f19a', 'iqbalpandoyo@yopmail.com', '9e1949ef-9e87-4464-96b0-199caa914cfa'),
('bc67cd8e-62b8-4104-88f9-8b64f0e1038f',  'MERCHANT', 'Chrome-64.0.3282.140', '125.160.113.227',  '2019-02-27 14:19:03',  'LOGIN SUCCESS',  'Windows',  '75a82978-a473-451b-aa47-1720020534df', 'ekolapaks2@yopmail.com', '01e2afa7-477f-462e-914d-b35f59a21bb5'),
('bcb2d8de-73cd-402f-9032-fa1d043e0c14',  'ADMIN',  'Chrome-66.0.3359.139', '36.70.102.187',  '2019-03-06 14:43:38',  'Trying to login with Another Device',  'Unix', '4ebfb447-6d16-4a1b-b1c7-916a99771e9f', 'vaansaa@yopmail.com',  NULL),
('bd9d3bda-eb9e-4947-b6f8-67bbe7e3e2c1',  'ADMIN',  'Chrome-66.0.3359.139', '36.70.102.187',  '2019-03-06 15:17:02',  'LOGIN SUCCESS',  'Unix', '4ebfb447-6d16-4a1b-b1c7-916a99771e9f', 'vaansaa@yopmail.com',  NULL),
('bee3568c-e2bf-467b-8f11-5bda949b4612',  'ADMIN',  'Chrome-66.0.3359.139', '36.70.102.187',  '2019-03-12 11:06:44',  'Trying to login with Another Device',  'Unix', 'deb8b55f-101e-411d-920e-842eefb6619c', 'vaansaa@yopmail.com',  NULL),
('c0a7ac8b-b390-4826-8bf3-32c48167175d',  'ADMIN',  'Chrome-64.0.3282.140', '36.89.26.108', '2019-03-12 11:12:44',  'Invalid Captcha',  'Windows',  'b9f2ac36-0438-40bd-a830-4981cce126d1', 'admin.mpg@yopmail.com',  NULL),
('c221178a-88b9-4cb4-b06e-d4890b7b78c9',  'ADMIN',  'Chrome-66.0.3359.139', '36.70.102.187',  '2019-03-12 11:05:48',  'Invalid Captcha',  'Unix', 'deb8b55f-101e-411d-920e-842eefb6619c', 'vaansaa@yopmail.com',  NULL),
('c2836186-b19b-4390-9d95-b5ce9e7c2f66',  'ADMIN',  'Chrome-66.0.3359.139', '125.160.112.143',  '2019-02-28 14:01:48',  'Bad credentials',  'Unix', '8024FB3968D066531879FEC43A106E14', 'vaansaa@yopmail.com',  NULL),
('c2e86da3-5d15-4e79-bbf8-477a6e76c930',  'ADMIN',  'Chrome-64.0.3282.140', '125.160.112.191',  '2019-02-28 10:10:03',  'LOGIN SUCCESS',  'Windows',  '57b9dfc2-f075-4bd7-a036-f93f7df58d0f', 'admin.mpg@yopmail.com',  NULL),
('c3883c97-21a2-40f5-81e0-45bbcfffab09',  'ADMIN',  'Chrome-64.0.3282.140', '36.89.26.108', '2019-03-12 09:44:22',  'LOGIN SUCCESS',  'Windows',  '1ca3dd84-73ab-4b03-83ee-fd93b63f668f', 'admin.mpg@yopmail.com',  NULL),
('c3e8fd04-bf04-4e45-ae21-b47641928ba3',  'ADMIN',  'Chrome-64.0.3282.140', '36.89.26.108', '2019-03-08 10:45:26',  'Invalid Captcha',  'Windows',  'c995b44a-ffce-4047-9c62-c0ee25ca00d8', 'admin.mpg@yopmail.com',  NULL),
('c5ecaa4a-dab7-4f0e-a03e-182c2dfcefae',  'ADMIN',  'Chrome-64.0.3282.140', '125.160.112.191',  '2019-02-28 17:49:33',  'LOGIN SUCCESS',  'Windows',  'a79da14e-b944-4dc9-95c2-afaf14b48111', 'admin.mpg@yopmail.com',  NULL),
('c819eba1-5557-405b-9377-e1f7005d0db5',  'ADMIN',  'Chrome-64.0.3282.140', '36.89.26.108', '2019-03-08 10:45:45',  'Trying to login with Another Device',  'Windows',  'c995b44a-ffce-4047-9c62-c0ee25ca00d8', 'admin.mpg@yopmail.com',  NULL),
('cbf48143-c37f-48ed-ae72-9bf0b962aea2',  'MERCHANT', 'Chrome-66.0.3359.139', '36.70.102.187',  '2019-03-11 15:53:03',  'Trying to login with Another Device',  'Unix', '6b160c21-3ccb-4380-93d3-94e3f6f383ab', 'anggi.riyandi@yopmail.com',  '4f57f911-0b53-4e56-be64-c5f0499f17f3'),
('d17aa094-0dc2-4fcf-9ac2-e3f5644a71fc',  'ADMIN',  'Chrome-64.0.3282.140', '36.89.26.108', '2019-03-12 11:13:17',  'Trying to login with Another Device',  'Windows',  'b9f2ac36-0438-40bd-a830-4981cce126d1', 'admin.mpg@yopmail.com',  NULL),
('d2258113-75ad-4751-a756-0778c85260c2',  'ADMIN',  'Chrome-66.0.3359.139', '36.70.102.187',  '2019-03-11 13:10:03',  'LOGIN SUCCESS',  'Unix', 'a2c6c545-6cf0-49f9-a233-240d431bc085', 'vaansaa@yopmail.com',  NULL),
('d34cec48-6937-468d-ad8a-1a64d1d7c6e9',  'MERCHANT', 'Chrome-64.0.3282.140', '125.160.113.227',  '2019-02-27 14:43:32',  'LOGIN SUCCESS',  'Windows',  '75a82978-a473-451b-aa47-1720020534df', 'ekolapaks2@yopmail.com', '01e2afa7-477f-462e-914d-b35f59a21bb5'),
('d670e488-f2d0-411f-9f09-63f0f7b40e9b',  'ADMIN',  'Chrome-66.0.3359.139', '36.70.102.187',  '2019-03-11 09:51:21',  'Bad credentials',  'Unix', '93A514B67AA7C23F55DF1A6304D780F6', 'vaansaa@yopmail.com',  NULL),
('d9fcd3fa-05ed-4937-b212-ad248c1ec127',  'ADMIN',  'Chrome-64.0.3282.140', '36.89.26.108', '2019-03-12 09:13:16',  'LOGIN SUCCESS',  'Windows',  '1ca3dd84-73ab-4b03-83ee-fd93b63f668f', 'admin.mpg@yopmail.com',  NULL),
('dc1eba6b-0e8b-45b9-a0ba-40d0db34349a',  'ADMIN',  'Chrome-64.0.3282.140', '125.160.112.191',  '2019-02-28 15:55:17',  'LOGIN SUCCESS',  'Windows',  'a79da14e-b944-4dc9-95c2-afaf14b48111', 'admin.mpg@yopmail.com',  NULL),
('dc5e8ac6-dc5a-4468-9220-aae2f056bf9e',  'ADMIN',  'Chrome-64.0.3282.140', '36.89.26.108', '2019-03-12 11:13:47',  'Trying to login with Another Device',  'Windows',  'b9f2ac36-0438-40bd-a830-4981cce126d1', 'admin.mpg@yopmail.com',  NULL),
('dfcaa124-db15-42bf-b01f-0159a7d87605',  'ADMIN',  'Chrome-64.0.3282.140', '125.160.113.227',  '2019-02-27 17:15:39',  'Invalid Captcha',  'Windows',  '57b9dfc2-f075-4bd7-a036-f93f7df58d0f', 'admin.mpg@yopmail.com',  NULL),
('e4899764-8037-4775-978d-e1ebdd0824f1',  'ADMIN',  'Chrome-66.0.3359.139', '36.70.102.187',  '2019-03-11 15:32:23',  'LOGIN SUCCESS',  'Unix', 'a2c6c545-6cf0-49f9-a233-240d431bc085', 'vaansaa@yopmail.com',  NULL),
('e4ec0fb4-561d-4352-b073-071e01d906a8',  'ADMIN',  'Chrome-64.0.3282.140', '125.160.112.180',  '2019-03-11 10:32:11',  'Trying to login with Another Device',  'Windows',  '1ca3dd84-73ab-4b03-83ee-fd93b63f668f', 'admin.mpg@yopmail.com',  NULL),
('e57c722c-d142-49af-b8a9-52b6f136c3b8',  'ADMIN',  'Chrome-66.0.3359.139', '36.70.102.187',  '2019-03-11 10:56:25',  'LOGIN SUCCESS',  'Unix', 'a2c6c545-6cf0-49f9-a233-240d431bc085', 'vaansaa@yopmail.com',  NULL),
('ea3a3b86-869c-4df7-9749-06a03fe9a97f',  'ADMIN',  'Chrome-64.0.3282.140', '125.160.112.191',  '2019-02-28 17:13:56',  'LOGIN SUCCESS',  'Windows',  'a79da14e-b944-4dc9-95c2-afaf14b48111', 'admin.mpg@yopmail.com',  NULL),
('eb17baf7-3cf6-4f05-b854-2247a33d7596',  'ADMIN',  'Chrome-64.0.3282.140', '36.89.26.108', '2019-03-12 11:12:09',  'Trying to login with Another Device',  'Windows',  'b9f2ac36-0438-40bd-a830-4981cce126d1', 'admin.mpg@yopmail.com',  NULL),
('f670d843-647c-47fd-b96f-cd170ee73fe9',  'MERCHANT', 'Chrome-68.0.3440.84',  '125.160.112.213',  '2019-02-27 11:36:17',  'LOGIN SUCCESS',  'Unix', '9e6b4b90-a6f7-4fa9-909d-1b286c223fe5', 'iqbalpandoyo@yopmail.com', '9e1949ef-9e87-4464-96b0-199caa914cfa'),
('f9230adb-4dd2-484a-9fea-e0f9f10c1d76',  'ADMIN',  'Chrome-64.0.3282.140', '36.89.26.108', '2019-03-12 11:13:33',  'Invalid Captcha',  'Windows',  'b9f2ac36-0438-40bd-a830-4981cce126d1', 'admin.mpg@yopmail.com',  NULL),
('f97fad9b-fc7b-4bf7-83fc-a903c30949d9',  'ADMIN',  'Chrome-66.0.3359.139', '36.70.102.187',  '2019-03-11 10:23:17',  'LOGIN SUCCESS',  'Unix', 'a2c6c545-6cf0-49f9-a233-240d431bc085', 'vaansaa@yopmail.com',  NULL),
('fc50fc9b-2915-4a68-8e94-d6b6bd72cea7',  'ADMIN',  'Chrome-66.0.3359.139', '36.70.102.187',  '2019-03-11 14:12:27',  'LOGIN SUCCESS',  'Unix', 'a2c6c545-6cf0-49f9-a233-240d431bc085', 'vaansaa@yopmail.com',  NULL),
('fece3f61-e5e6-4e67-bfe0-2222c187379f',  'ADMIN',  'Chrome-64.0.3282.140', '125.160.113.227',  '2019-02-27 14:30:18',  'LOGIN SUCCESS',  'Windows',  '57b9dfc2-f075-4bd7-a036-f93f7df58d0f', 'admin.mpg@yopmail.com',  NULL),
('ffeda46f-6de9-43be-a86e-f88805af9ebe',  'ADMIN',  'Chrome-66.0.3359.139', '125.160.112.143',  '2019-02-28 14:02:02',  'LOGIN SUCCESS',  'Unix', 'ed5f157f-5770-45a5-b562-5c7c5a37badb', 'vaansaa@yopmail.com',  NULL);

DROP TABLE IF EXISTS `user_rev_entity`;
CREATE TABLE `user_rev_entity` (
  `id` int(11) NOT NULL AUTO_INCREMENT,
  `application` varchar(255) DEFAULT NULL,
  `partner_id` varchar(255) DEFAULT NULL,
  `timestamp` datetime DEFAULT NULL,
  `username` varchar(255) DEFAULT NULL,
  PRIMARY KEY (`id`)
) ENGINE=InnoDB DEFAULT CHARSET=latin1;

INSERT INTO `user_rev_entity` (`id`, `application`, `partner_id`, `timestamp`, `username`) VALUES
(1, 'SYSTEM', NULL, '2018-10-05 11:19:14',  'SYSTEM'),
(2, 'SYSTEM', NULL, '2018-10-05 11:19:14',  'SYSTEM'),
(3, 'SYSTEM', NULL, '2018-10-05 11:23:04',  'SYSTEM'),
(4, 'SYSTEM', NULL, '2018-10-05 11:32:56',  'SYSTEM'),
(5, 'SYSTEM', NULL, '2018-10-05 11:33:06',  'SYSTEM'),
(6, 'SYSTEM', NULL, '2018-10-05 11:33:08',  'SYSTEM'),
(7, 'SYSTEM', NULL, '2018-10-05 15:45:46',  'SYSTEM'),
(8, 'SYSTEM', NULL, '2018-10-05 15:46:01',  'SYSTEM'),
(9, 'SYSTEM', NULL, '2018-10-05 15:46:03',  'SYSTEM'),
(10,  'MERCHANT', '9731080f-5b58-4551-b59a-e9155acdfe05', '2018-10-05 15:56:08',  'patrialapaks@yopmail.com'),
(11,  'MERCHANT', '9731080f-5b58-4551-b59a-e9155acdfe05', '2018-10-05 15:57:11',  'patrialapaks@yopmail.com'),
(12,  'MERCHANT', '9731080f-5b58-4551-b59a-e9155acdfe05', '2018-10-05 15:57:14',  'patrialapaks@yopmail.com'),
(13,  'ADMIN',  NULL, '2018-10-05 15:59:31',  'admin.mpg@yopmail.com'),
(14,  'ADMIN',  NULL, '2018-10-05 16:01:06',  'patria.mpg@yopmail.com'),
(15,  'ADMIN',  NULL, '2018-10-05 16:04:29',  'patria.mpg@yopmail.com'),
(16,  'ADMIN',  NULL, '2018-10-05 16:05:04',  'patria.mpg@yopmail.com'),
(17,  'ADMIN',  NULL, '2018-10-05 16:05:19',  'patria.mpg@yopmail.com'),
(18,  'MERCHANT', '9731080f-5b58-4551-b59a-e9155acdfe05', '2018-10-05 16:09:51',  'patrialapaks@yopmail.com'),
(19,  'MERCHANT', '9731080f-5b58-4551-b59a-e9155acdfe05', '2018-10-05 16:16:47',  'patrialapaks@yopmail.com'),
(20,  'MERCHANT', '9731080f-5b58-4551-b59a-e9155acdfe05', '2018-10-05 16:17:19',  'patrialapaks@yopmail.com'),
(21,  'SYSTEM', NULL, '2018-10-08 09:54:32',  'SYSTEM'),
(22,  'SYSTEM', NULL, '2018-10-08 10:03:44',  'SYSTEM'),
(23,  'SYSTEM', NULL, '2018-10-08 10:03:44',  'SYSTEM'),
(24,  'MERCHANT', '9f42eeb4-d764-43f4-ac1f-208ffd4f1e3e', '2018-10-08 10:06:26',  'dummy.06@yopmail.com'),
(25,  'ADMIN',  NULL, '2018-10-08 10:09:00',  'admin.mpg@yopmail.com'),
(26,  'ADMIN',  NULL, '2018-10-08 10:21:33',  'admin.mpg@yopmail.com'),
(27,  'ADMIN',  NULL, '2018-10-08 10:21:49',  'admin.mpg@yopmail.com'),
(28,  'ADMIN',  NULL, '2018-10-08 10:35:01',  'admin.mpg@yopmail.com'),
(29,  'MERCHANT', '9f42eeb4-d764-43f4-ac1f-208ffd4f1e3e', '2018-10-09 10:59:03',  'dummy.06@yopmail.com'),
(30,  'MERCHANT', '9f42eeb4-d764-43f4-ac1f-208ffd4f1e3e', '2018-10-09 10:59:06',  'dummy.06@yopmail.com'),
(31,  'MERCHANT', '7be19ac2-7e83-47a2-b16b-9c0c837d1b3a', '2018-10-12 10:26:29',  'dummy.04@yopmail.com'),
(32,  'ADMIN',  NULL, '2018-10-12 10:27:06',  'admin.mpg@yopmail.com'),
(33,  'ADMIN',  NULL, '2018-10-12 10:28:15',  'admin.mpg@yopmail.com'),
(34,  'ADMIN',  NULL, '2018-10-12 10:31:25',  'admin.mpg@yopmail.com'),
(35,  'MERCHANT', '7be19ac2-7e83-47a2-b16b-9c0c837d1b3a', '2018-10-12 14:35:31',  'dummy.04@yopmail.com'),
(36,  'ADMIN',  NULL, '2018-10-23 09:48:40',  'admin.mpg@yopmail.com'),
(37,  'ADMIN',  NULL, '2018-10-23 09:57:03',  'admin.mpg@yopmail.com'),
(38,  'ADMIN',  NULL, '2018-10-23 10:06:55',  'admin.mpg@yopmail.com'),
(39,  'ADMIN',  NULL, '2018-10-23 10:29:22',  'admin.mpg@yopmail.com'),
(40,  'ADMIN',  NULL, '2018-10-23 11:08:21',  'admin.mpg@yopmail.com'),
(41,  'ADMIN',  NULL, '2018-10-23 14:58:35',  'admin.mpg@yopmail.com'),
(42,  'ADMIN',  NULL, '2018-10-23 15:28:46',  'admin.mpg@yopmail.com'),
(43,  'ADMIN',  NULL, '2018-10-24 09:02:29',  'admin.mpg@yopmail.com'),
(44,  'ADMIN',  NULL, '2018-10-24 09:02:32',  'admin.mpg@yopmail.com'),
(45,  'ADMIN',  NULL, '2018-10-24 10:26:31',  'admin.mpg@yopmail.com'),
(46,  'ADMIN',  NULL, '2018-10-24 10:27:34',  'admin.mpg@yopmail.com'),
(47,  'ADMIN',  NULL, '2018-10-24 10:42:09',  'admin.mpg@yopmail.com'),
(48,  'ADMIN',  NULL, '2018-10-24 10:42:31',  'admin.mpg@yopmail.com'),
(49,  'ADMIN',  NULL, '2018-10-24 10:43:14',  'admin.mpg@yopmail.com'),
(50,  'ADMIN',  NULL, '2018-10-24 11:01:51',  'admin.mpg@yopmail.com'),
(51,  'SYSTEM', NULL, '2018-10-24 13:06:13',  'SYSTEM'),
(52,  'SYSTEM', NULL, '2018-10-24 13:11:34',  'SYSTEM'),
(53,  'SYSTEM', NULL, '2018-10-24 13:55:11',  'SYSTEM'),
(54,  'SYSTEM', NULL, '2018-10-24 13:55:11',  'SYSTEM'),
(55,  'SYSTEM', NULL, '2018-10-24 15:20:20',  'SYSTEM'),
(56,  'SYSTEM', NULL, '2018-10-24 15:28:28',  'SYSTEM'),
(57,  'SYSTEM', NULL, '2018-10-24 15:28:28',  'SYSTEM'),
(58,  'MERCHANT', '3be8040f-2cb9-4550-9357-9906af112fe4', '2018-10-24 15:31:18',  'dadang20@yopmail.com'),
(59,  'SYSTEM', NULL, '2018-10-24 15:37:49',  'SYSTEM'),
(60,  'ADMIN',  NULL, '2018-10-24 15:51:46',  'admin.mpg@yopmail.com'),
(61,  'SYSTEM', NULL, '2018-10-24 15:53:02',  'SYSTEM'),
(62,  'SYSTEM', NULL, '2018-10-24 15:53:02',  'SYSTEM'),
(63,  'ADMIN',  NULL, '2018-10-25 09:34:17',  'admin.mpg@yopmail.com'),
(64,  'ADMIN',  NULL, '2018-10-25 09:43:53',  'admin.mpg@yopmail.com'),
(65,  'SYSTEM', NULL, '2018-10-25 09:44:05',  'SYSTEM'),
(66,  'SYSTEM', NULL, '2018-10-25 09:44:22',  'SYSTEM'),
(67,  'SYSTEM', NULL, '2018-10-25 09:44:22',  'SYSTEM'),
(68,  'MERCHANT', '9e1949ef-9e87-4464-96b0-199caa914cfa', '2018-10-25 09:47:05',  'iqbalpandoyo@yopmail.com'),
(69,  'ADMIN',  NULL, '2018-10-25 09:47:46',  'admin.mpg@yopmail.com'),
(70,  'MERCHANT', '9e1949ef-9e87-4464-96b0-199caa914cfa', '2018-10-25 09:52:45',  'iqbalpandoyo@yopmail.com'),
(71,  'MERCHANT', '9e1949ef-9e87-4464-96b0-199caa914cfa', '2018-10-25 09:52:55',  'iqbalpandoyo@yopmail.com'),
(72,  'ADMIN',  NULL, '2018-10-25 09:54:39',  'admin.mpg@yopmail.com'),
(73,  'ADMIN',  NULL, '2018-10-25 09:55:11',  'admin.mpg@yopmail.com'),
(74,  'ADMIN',  NULL, '2018-10-25 10:00:44',  'admin.mpg@yopmail.com'),
(75,  'ADMIN',  NULL, '2018-10-25 10:26:30',  'admin.mpg@yopmail.com'),
(76,  'ADMIN',  NULL, '2018-10-25 10:27:33',  'admin.mpg@yopmail.com'),
(77,  'MERCHANT', '90311536-1949-4523-9350-b8885f20344f', '2018-10-25 15:19:31',  'dian@yopmail.com'),
(78,  'ADMIN',  NULL, '2018-10-26 10:46:03',  'admin.mpg@yopmail.com'),
(79,  'ADMIN',  NULL, '2018-10-26 14:50:55',  'admin.mpg@yopmail.com'),
(80,  'MERCHANT', '90311536-1949-4523-9350-b8885f20344f', '2018-10-29 08:38:13',  'dian@yopmail.com'),
(81,  'MERCHANT', '90311536-1949-4523-9350-b8885f20344f', '2018-10-29 08:39:29',  'dian@yopmail.com'),
(82,  NULL, NULL, '2018-10-29 10:26:53',  'SYSTEM'),
(83,  'ADMIN',  NULL, '2018-10-29 11:36:01',  'admin.mpg@yopmail.com'),
(84,  'ADMIN',  NULL, '2018-10-29 11:37:22',  'admindua@yopmail.com'),
(85,  'ADMIN',  NULL, '2018-10-29 11:37:33',  'admindua@yopmail.com'),
(86,  'ADMIN',  NULL, '2018-10-29 11:37:37',  'admindua@yopmail.com'),
(87,  'ADMIN',  NULL, '2018-10-29 11:37:52',  'admindua@yopmail.com'),
(88,  'ADMIN',  NULL, '2018-10-29 11:38:09',  'admindua@yopmail.com'),
(89,  'ADMIN',  NULL, '2018-10-29 11:56:49',  'admindua@yopmail.com'),
(90,  'ADMIN',  NULL, '2018-10-29 14:55:16',  'admin.mpg@yopmail.com'),
(91,  'ADMIN',  NULL, '2018-10-29 14:56:08',  'admin.mpg@yopmail.com'),
(92,  'ADMIN',  NULL, '2018-10-29 14:58:55',  'admin.mpg@yopmail.com'),
(93,  NULL, NULL, '2018-10-30 08:47:27',  'SYSTEM'),
(94,  NULL, NULL, '2018-10-30 09:42:34',  'SYSTEM'),
(95,  'ADMIN',  NULL, '2018-10-30 09:56:10',  'admin.mpg@yopmail.com'),
(96,  'ADMIN',  NULL, '2018-10-30 10:47:26',  'admin.mpg@yopmail.com'),
(97,  'ADMIN',  NULL, '2018-10-30 10:53:53',  'admin.mpg@yopmail.com'),
(98,  'ADMIN',  NULL, '2018-10-30 10:54:59',  'admin.mpg@yopmail.com'),
(99,  'ADMIN',  NULL, '2018-10-30 11:01:15',  'admin.mpg@yopmail.com'),
(100, 'ADMIN',  NULL, '2018-10-30 11:03:45',  'admin.mpg@yopmail.com'),
(101, 'ADMIN',  NULL, '2018-10-30 11:04:08',  'admin.mpg@yopmail.com'),
(102, 'ADMIN',  NULL, '2018-10-30 11:04:36',  'admin.mpg@yopmail.com'),
(103, 'MERCHANT', '90311536-1949-4523-9350-b8885f20344f', '2018-10-31 15:06:00',  'dian@yopmail.com'),
(104, 'MERCHANT', '90311536-1949-4523-9350-b8885f20344f', '2018-10-31 15:10:47',  'dian@yopmail.com'),
(105, 'MERCHANT', '90311536-1949-4523-9350-b8885f20344f', '2018-10-31 15:12:42',  'dian@yopmail.com'),
(106, 'MERCHANT', '90311536-1949-4523-9350-b8885f20344f', '2018-10-31 15:13:29',  'dian@yopmail.com'),
(107, 'MERCHANT', '90311536-1949-4523-9350-b8885f20344f', '2018-10-31 15:15:02',  'dian@yopmail.com'),
(108, 'MERCHANT', '90311536-1949-4523-9350-b8885f20344f', '2018-10-31 15:15:18',  'dian@yopmail.com'),
(109, 'MERCHANT', '9e1949ef-9e87-4464-96b0-199caa914cfa', '2018-10-31 15:18:52',  'iqbalpandoyo@yopmail.com'),
(110, 'MERCHANT', '90311536-1949-4523-9350-b8885f20344f', '2018-10-31 15:18:52',  'dian@yopmail.com'),
(111, 'MERCHANT', '9e1949ef-9e87-4464-96b0-199caa914cfa', '2018-10-31 15:18:53',  'iqbalpandoyo@yopmail.com'),
(112, 'MERCHANT', '9e1949ef-9e87-4464-96b0-199caa914cfa', '2018-10-31 15:19:03',  'iqbalpandoyo@yopmail.com'),
(113, 'MERCHANT', '90311536-1949-4523-9350-b8885f20344f', '2018-10-31 15:19:17',  'dian@yopmail.com'),
(114, 'MERCHANT', '9e1949ef-9e87-4464-96b0-199caa914cfa', '2018-10-31 15:19:20',  'iqbalpandoyo@yopmail.com'),
(115, 'MERCHANT', '9e1949ef-9e87-4464-96b0-199caa914cfa', '2018-10-31 15:19:49',  'iqbalpandoyo@yopmail.com'),
(116, 'MERCHANT', '90311536-1949-4523-9350-b8885f20344f', '2018-10-31 17:01:24',  'dian@yopmail.com'),
(117, 'SYSTEM', NULL, '2018-10-31 17:20:27',  'SYSTEM'),
(118, 'MERCHANT', '90311536-1949-4523-9350-b8885f20344f', '2018-10-31 23:00:04',  'dian@yopmail.com'),
(119, 'MERCHANT', '90311536-1949-4523-9350-b8885f20344f', '2018-10-31 23:00:23',  'dian@yopmail.com'),
(120, 'MERCHANT', '90311536-1949-4523-9350-b8885f20344f', '2018-10-31 23:00:35',  'dian@yopmail.com'),
(121, 'MERCHANT', '90311536-1949-4523-9350-b8885f20344f', '2018-10-31 23:02:01',  'dian@yopmail.com'),
(122, NULL, NULL, '2018-11-01 11:22:43',  'SYSTEM'),
(123, 'MERCHANT', '9e1949ef-9e87-4464-96b0-199caa914cfa', '2018-11-01 16:03:06',  'iqbalpandoyo@yopmail.com'),
(124, 'SYSTEM', NULL, '2018-11-01 17:20:08',  'SYSTEM'),
(125, 'SYSTEM', NULL, '2018-11-01 17:22:15',  'SYSTEM'),
(126, 'SYSTEM', NULL, '2018-11-01 17:26:09',  'SYSTEM'),
(127, 'SYSTEM', NULL, '2018-11-01 17:30:44',  'SYSTEM'),
(128, 'SYSTEM', NULL, '2018-11-02 13:22:55',  'SYSTEM'),
(129, 'SYSTEM', NULL, '2018-11-07 15:38:10',  'SYSTEM'),
(130, 'SYSTEM', NULL, '2018-11-07 15:38:34',  'SYSTEM'),
(131, 'SYSTEM', NULL, '2018-11-07 15:38:34',  'SYSTEM'),
(132, 'MERCHANT', '01e2afa7-477f-462e-914d-b35f59a21bb5', '2018-11-07 15:40:48',  'ekolapaks2@yopmail.com'),
(133, 'MERCHANT', '01e2afa7-477f-462e-914d-b35f59a21bb5', '2018-11-07 15:41:16',  'ekolapaks2@yopmail.com'),
(134, 'ADMIN',  NULL, '2018-11-08 18:47:22',  'patria.mpg@yopmail.com'),
(135, 'ADMIN',  NULL, '2018-11-08 18:47:51',  'patria.mpg@yopmail.com'),
(136, 'ADMIN',  NULL, '2018-11-08 18:48:02',  'patria.mpg@yopmail.com'),
(137, 'ADMIN',  NULL, '2018-11-08 18:48:20',  'patria.mpg@yopmail.com'),
(138, 'MERCHANT', '01e2afa7-477f-462e-914d-b35f59a21bb5', '2018-11-09 08:43:10',  'ekolapaks2@yopmail.com'),
(139, 'ADMIN',  NULL, '2018-11-09 08:47:43',  'patria.mpg@yopmail.com'),
(140, NULL, NULL, '2018-11-09 10:12:34',  'SYSTEM'),
(141, 'SYSTEM', NULL, '2018-11-09 10:20:37',  'SYSTEM'),
(142, 'SYSTEM', NULL, '2018-11-09 10:21:05',  'SYSTEM'),
(143, 'SYSTEM', NULL, '2018-11-09 10:21:05',  'SYSTEM'),
(144, 'MERCHANT', '4f57f911-0b53-4e56-be64-c5f0499f17f3', '2018-11-09 10:25:48',  'anggi.riyandi@yopmail.com'),
(145, 'ADMIN',  NULL, '2018-11-09 10:26:46',  'admin.mpg@yopmail.com'),
(146, 'ADMIN',  NULL, '2018-11-09 10:27:59',  'admin.mpg@yopmail.com'),
(147, 'ADMIN',  NULL, '2018-11-09 10:28:46',  'admin.mpg@yopmail.com'),
(148, 'ADMIN',  NULL, '2018-11-09 10:29:33',  'admin.mpg@yopmail.com'),
(149, 'ADMIN',  NULL, '2018-11-09 10:31:44',  'admin.mpg@yopmail.com'),
(150, 'ADMIN',  NULL, '2018-11-09 10:36:00',  'admin.mpg@yopmail.com'),
(151, 'ADMIN',  NULL, '2018-11-09 11:10:57',  'admin.mpg@yopmail.com'),
(152, 'SYSTEM', NULL, '2018-11-09 14:13:35',  'SYSTEM'),
(153, 'SYSTEM', NULL, '2018-11-09 14:13:53',  'SYSTEM'),
(154, 'SYSTEM', NULL, '2018-11-09 14:13:53',  'SYSTEM'),
(155, 'MERCHANT', '861ecf7e-c276-409d-8eff-2bdcb530952b', '2018-11-09 14:15:57',  'mpg.1@yopmail.com'),
(156, 'ADMIN',  NULL, '2018-11-09 14:16:57',  'admin.mpg@yopmail.com'),
(157, NULL, NULL, '2018-11-19 13:50:34',  'SYSTEM'),
(158, 'ADMIN',  NULL, '2018-11-21 10:16:01',  'admin.mpg@yopmail.com'),
(159, NULL, NULL, '2018-11-23 18:16:45',  'SYSTEM'),
(160, 'ADMIN',  NULL, '2018-11-23 18:35:25',  'admin.mpg@yopmail.com'),
(161, 'ADMIN',  NULL, '2018-11-23 19:25:02',  'admin.mpg@yopmail.com'),
(162, NULL, NULL, '2018-11-26 13:25:04',  'SYSTEM'),
(163, NULL, NULL, '2018-11-26 13:51:50',  'SYSTEM'),
(164, NULL, NULL, '2018-11-26 13:55:39',  'SYSTEM'),
(165, 'ADMIN',  NULL, '2018-11-28 09:13:27',  'admin.mpg@yopmail.com'),
(166, 'ADMIN',  NULL, '2018-11-28 09:18:59',  'admin.mpg@yopmail.com'),
(167, 'ADMIN',  NULL, '2018-11-28 17:56:22',  'admin.mpg@yopmail.com'),
(168, 'ADMIN',  NULL, '2018-11-28 17:58:38',  'admin.mpg@yopmail.com'),
(169, 'ADMIN',  NULL, '2018-11-28 17:59:33',  'admin.mpg@yopmail.com'),
(170, 'ADMIN',  NULL, '2018-11-28 18:00:21',  'admin.mpg@yopmail.com'),
(171, 'ADMIN',  NULL, '2018-11-28 18:00:41',  'admin.mpg@yopmail.com'),
(172, 'ADMIN',  NULL, '2018-11-28 18:02:33',  'admin.mpg@yopmail.com'),
(173, 'ADMIN',  NULL, '2018-11-28 18:02:53',  'admin.mpg@yopmail.com'),
(174, 'ADMIN',  NULL, '2018-11-28 18:05:41',  'admin.mpg@yopmail.com'),
(175, 'ADMIN',  NULL, '2018-11-28 18:08:41',  'admin.mpg@yopmail.com'),
(176, 'ADMIN',  NULL, '2018-11-28 18:11:35',  'admin.mpg@yopmail.com'),
(177, 'ADMIN',  NULL, '2018-11-28 18:14:25',  'admin.mpg@yopmail.com'),
(178, 'MERCHANT', '01e2afa7-477f-462e-914d-b35f59a21bb5', '2018-12-01 17:08:53',  'ekolapaks2@yopmail.com'),
(179, 'MERCHANT', '01e2afa7-477f-462e-914d-b35f59a21bb5', '2018-12-01 17:09:21',  'ekolapaks2@yopmail.com'),
(180, 'SYSTEM', NULL, '2018-12-05 13:35:27',  'SYSTEM'),
(181, 'SYSTEM', NULL, '2018-12-05 13:36:39',  'SYSTEM'),
(182, 'SYSTEM', NULL, '2018-12-05 13:36:39',  'SYSTEM'),
(183, 'MERCHANT', 'c4ff83f5-d81e-4a10-bef5-aa0a8a90f199', '2018-12-05 13:37:33',  'vaansaa012@yopmail.com'),
(184, 'ADMIN',  NULL, '2018-12-05 13:39:46',  'vaansaa@yopmail.com'),
(185, 'MERCHANT', 'c4ff83f5-d81e-4a10-bef5-aa0a8a90f199', '2018-12-05 13:40:22',  'vaansaa012@yopmail.com'),
(186, 'ADMIN',  NULL, '2018-12-05 16:28:58',  'admin.mpg@yopmail.com'),
(187, 'MERCHANT', '4f57f911-0b53-4e56-be64-c5f0499f17f3', '2018-12-06 10:11:35',  'anggi.riyandi@yopmail.com'),
(188, 'MERCHANT', '01e2afa7-477f-462e-914d-b35f59a21bb5', '2018-12-11 00:33:45',  'ekolapaks2@yopmail.com'),
(189, 'MERCHANT', '01e2afa7-477f-462e-914d-b35f59a21bb5', '2018-12-11 00:53:48',  'ekolapaks2@yopmail.com'),
(190, 'MERCHANT', '01e2afa7-477f-462e-914d-b35f59a21bb5', '2018-12-11 01:16:18',  'ekolapaks2@yopmail.com'),
(191, 'MERCHANT', '4f57f911-0b53-4e56-be64-c5f0499f17f3', '2018-12-11 13:57:44',  'anggi.riyandi@yopmail.com'),
(192, 'MERCHANT', '4f57f911-0b53-4e56-be64-c5f0499f17f3', '2018-12-11 14:55:27',  'anggi.riyandi@yopmail.com'),
(193, 'ADMIN',  NULL, '2018-12-21 09:11:11',  'vaansaa@yopmail.com'),
(194, 'ADMIN',  NULL, '2018-12-21 15:06:11',  'admin.mpg@yopmail.com'),
(195, 'ADMIN',  NULL, '2018-12-21 15:29:58',  'vaansaa@yopmail.com'),
(196, 'ADMIN',  NULL, '2018-12-21 15:30:05',  'vaansaa@yopmail.com'),
(197, 'ADMIN',  NULL, '2018-12-21 15:45:18',  'vaansaa@yopmail.com'),
(198, 'ADMIN',  NULL, '2018-12-21 15:46:15',  'vaansaa@yopmail.com'),
(199, 'ADMIN',  NULL, '2018-12-21 15:50:43',  'vaansaa@yopmail.com'),
(200, 'ADMIN',  NULL, '2018-12-21 15:53:04',  'vaansaa@yopmail.com'),
(201, 'ADMIN',  NULL, '2018-12-21 15:54:53',  'vaansaa@yopmail.com'),
(202, 'ADMIN',  NULL, '2018-12-21 15:55:03',  'vaansaa@yopmail.com'),
(203, 'ADMIN',  NULL, '2018-12-21 15:55:09',  'vaansaa@yopmail.com'),
(204, 'MERCHANT', '01e2afa7-477f-462e-914d-b35f59a21bb5', '2018-12-25 21:36:31',  'ekolapaks2@yopmail.com'),
(205, 'ADMIN',  NULL, '2018-12-26 12:17:14',  'admin.mpg@yopmail.com'),
(206, 'ADMIN',  NULL, '2018-12-26 14:35:24',  'admin.mpg@yopmail.com'),
(207, 'ADMIN',  NULL, '2018-12-26 14:35:30',  'admin.mpg@yopmail.com'),
(208, 'ADMIN',  NULL, '2018-12-26 14:35:35',  'admin.mpg@yopmail.com'),
(209, 'MERCHANT', '4f57f911-0b53-4e56-be64-c5f0499f17f3', '2018-12-28 09:13:33',  'anggi.riyandi@yopmail.com'),
(210, 'ADMIN',  NULL, '2019-01-03 16:19:33',  'admin.mpg@yopmail.com'),
(211, 'SYSTEM', NULL, '2019-01-30 09:46:37',  'SYSTEM'),
(212, 'SYSTEM', NULL, '2019-01-30 09:55:34',  'SYSTEM'),
(213, 'SYSTEM', NULL, '2019-01-30 09:55:34',  'SYSTEM'),
(214, 'MERCHANT', '3d1a95b8-0893-417c-a215-fd1bf134be9f', '2019-01-30 11:02:35',  'dickygeraldi@gmail.com'),
(215, 'SYSTEM', NULL, '2019-01-30 13:45:15',  'SYSTEM'),
(216, 'ADMIN',  NULL, '2019-02-04 10:06:39',  'admin.mpg@yopmail.com'),
(217, 'ADMIN',  NULL, '2019-02-04 10:38:20',  'admin.mpg@yopmail.com'),
(218, 'ADMIN',  NULL, '2019-02-04 10:53:11',  'admin.mpg@yopmail.com'),
(219, 'ADMIN',  NULL, '2019-02-04 11:19:46',  'admin.mpg@yopmail.com'),
(220, 'ADMIN',  NULL, '2019-02-04 11:20:29',  'admin.mpg@yopmail.com'),
(221, 'ADMIN',  NULL, '2019-02-04 11:57:50',  'admin.mpg@yopmail.com'),
(222, 'ADMIN',  NULL, '2019-02-04 14:41:58',  'admin.mpg@yopmail.com'),
(223, 'MERCHANT', '3d1a95b8-0893-417c-a215-fd1bf134be9f', '2019-02-07 09:21:16',  'dickygeraldi@gmail.com'),
(224, 'ADMIN',  NULL, '2019-02-07 09:46:35',  'admin.mpg@yopmail.com'),
(225, 'ADMIN',  NULL, '2019-02-07 12:20:39',  'admin.mpg@yopmail.com'),
(226, 'ADMIN',  NULL, '2019-02-07 12:21:02',  'admin.mpg@yopmail.com'),
(227, 'ADMIN',  NULL, '2019-02-07 12:21:10',  'admin.mpg@yopmail.com'),
(228, 'ADMIN',  NULL, '2019-02-07 13:55:06',  'admin.mpg@yopmail.com'),
(229, 'MERCHANT', '3d1a95b8-0893-417c-a215-fd1bf134be9f', '2019-02-07 14:51:17',  'dickygeraldi@gmail.com'),
(230, 'MERCHANT', '3d1a95b8-0893-417c-a215-fd1bf134be9f', '2019-02-07 14:51:33',  'dickygeraldi@gmail.com'),
(231, 'MERCHANT', '3d1a95b8-0893-417c-a215-fd1bf134be9f', '2019-02-07 14:53:56',  'dickygeraldi@gmail.com'),
(232, 'MERCHANT', '3d1a95b8-0893-417c-a215-fd1bf134be9f', '2019-02-07 14:53:56',  'dickygeraldi@gmail.com'),
(233, 'ADMIN',  NULL, '2019-02-11 14:03:42',  'admin.mpg@yopmail.com'),
(234, 'ADMIN',  NULL, '2019-02-11 14:06:18',  'admin.mpg@yopmail.com'),
(235, 'ADMIN',  NULL, '2019-02-11 14:06:35',  'admin.mpg@yopmail.com'),
(236, 'ADMIN',  NULL, '2019-02-11 14:15:07',  'admin.mpg@yopmail.com'),
(237, 'SYSTEM', NULL, '2019-02-12 09:10:19',  'SYSTEM'),
(238, 'SYSTEM', NULL, '2019-02-12 09:10:56',  'SYSTEM'),
(239, 'SYSTEM', NULL, '2019-02-12 09:10:56',  'SYSTEM'),
(240, 'ADMIN',  NULL, '2019-02-18 11:53:39',  'admin.mpg@yopmail.com'),
(241, 'ADMIN',  NULL, '2019-02-18 15:26:17',  'admin.mpg@yopmail.com'),
(242, 'ADMIN',  NULL, '2019-02-18 16:34:35',  'admin.mpg@yopmail.com'),
(243, 'ADMIN',  NULL, '2019-02-18 17:28:59',  'admin.mpg@yopmail.com'),
(244, 'ADMIN',  NULL, '2019-02-25 11:34:32',  'vaansaa@yopmail.com'),
(245, 'MERCHANT', '01e2afa7-477f-462e-914d-b35f59a21bb5', '2019-02-26 14:12:12',  'ekolapaks2@yopmail.com'),
(246, 'MERCHANT', '4f57f911-0b53-4e56-be64-c5f0499f17f3', '2019-02-26 14:25:18',  'anggi.riyandi@yopmail.com'),
(247, 'MERCHANT', '01e2afa7-477f-462e-914d-b35f59a21bb5', '2019-02-26 15:22:14',  'ekolapaks2@yopmail.com'),
(248, 'ADMIN',  NULL, '2019-02-27 11:57:49',  'vaansaa@yopmail.com'),
(249, 'ADMIN',  NULL, '2019-02-27 11:58:48',  'vaansaa@yopmail.com'),
(250, 'MERCHANT', '01e2afa7-477f-462e-914d-b35f59a21bb5', '2019-02-27 14:14:24',  'ekolapaks2@yopmail.com'),
(251, 'ADMIN',  NULL, '2019-02-27 15:13:39',  'vaansaa@yopmail.com'),
(252, 'ADMIN',  NULL, '2019-02-27 15:13:45',  'vaansaa@yopmail.com'),
(253, 'MERCHANT', '01e2afa7-477f-462e-914d-b35f59a21bb5', '2019-02-27 17:08:07',  'ekolapaks2@yopmail.com'),
(254, 'MERCHANT', '01e2afa7-477f-462e-914d-b35f59a21bb5', '2019-02-28 10:27:32',  'ekolapaks2@yopmail.com'),
(255, 'MERCHANT', '01e2afa7-477f-462e-914d-b35f59a21bb5', '2019-02-28 13:00:49',  'ekolapaks2@yopmail.com'),
(256, 'MERCHANT', '01e2afa7-477f-462e-914d-b35f59a21bb5', '2019-02-28 13:19:04',  'ekolapaks2@yopmail.com'),
(257, 'ADMIN',  NULL, '2019-02-28 14:05:57',  'admin.mpg@yopmail.com'),
(258, 'ADMIN',  NULL, '2019-02-28 14:08:26',  'admin.mpg@yopmail.com'),
(259, 'ADMIN',  NULL, '2019-02-28 14:12:57',  'admin.mpg@yopmail.com'),
(260, 'ADMIN',  NULL, '2019-02-28 14:13:14',  'admin.mpg@yopmail.com'),
(261, 'ADMIN',  NULL, '2019-03-06 14:45:23',  'vaansaa@yopmail.com'),
(262, 'ADMIN',  NULL, '2019-03-08 09:57:43',  'vaansaa@yopmail.com'),
(263, 'ADMIN',  NULL, '2019-03-11 09:51:02',  'vaansaa@yopmail.com'),
(264, 'ADMIN',  NULL, '2019-03-12 09:10:34',  'vaansaa@yopmail.com');

-- 2019-03-12 04:16:33